Time_Data,ECG_CH1_Data,ECG_CH2_Data,ECG_CH3_Data,PPG_Data,SPO_Value
,,,,,
0,101054,98926,99981,99999,100
,,,,,
0.004473905,101103,98905,100010,99997,100
,,,,,
0.00894781,101124,98886,100012,99995,100
,,,,,
0.013421715,101118,98874,99992,99993,100
,,,,,
0.017895619,101084,98871,99955,99992,100
,,,,,
0.022369524,101029,98883,99912,99992,100
,,,,,
0.026843429,100961,98912,99873,99995,100
,,,,,
0.031317334,100884,98961,99846,99998,100
,,,,,
0.035791239,100803,99036,99842,100000,100
,,,,,
0.040265144,100719,99140,99862,100002,100
,,,,,
0.044739048,100633,99277,99909,100004,100
,,,,,
0.049212953,100543,99442,99982,100003,100
,,,,,
0.053686858,100450,99625,100070,100001,100
,,,,,
0.058160763,100357,99815,100164,100000,100
,,,,,
0.062634668,100263,99996,100252,99999,100
,,,,,
0.067108573,100169,100158,100320,99998,100
,,,,,
0.071582477,100072,100296,100363,99998,100
,,,,,
0.076056382,99974,100408,100378,100000,100
,,,,,
0.080530287,99873,100496,100368,100002,100
,,,,,
0.085004192,99775,100561,100338,100002,100
,,,,,
0.089478097,99688,100604,100297,100001,100
,,,,,
0.093952002,99616,100629,100251,100001,100
,,,,,
0.098425906,99560,100637,100205,100001,100
,,,,,
0.102899811,99520,100634,100162,100002,100
,,,,,
0.107373716,99490,100627,100125,100005,100
,,,,,
0.111847621,99469,100618,100093,100008,100
,,,,,
0.116321526,99456,100610,100069,100009,100
,,,,,
0.120795431,99451,100602,100053,100009,100
,,,,,
0.125269336,99456,100595,100047,100009,100
,,,,,
0.12974324,99471,100586,100050,100009,100
,,,,,
0.134217145,99494,100574,100058,100008,100
,,,,,
0.13869105,99520,100558,100069,100009,100
,,,,,
0.143164955,99547,100540,100078,100010,100
,,,,,
0.14763886,99573,100521,100089,100011,100
,,,,,
0.152112765,99599,100508,100103,100013,100
,,,,,
0.156586669,99623,100505,100126,100016,100
,,,,,
0.161060574,99648,100515,100162,100018,100
,,,,,
0.165534479,99673,100537,100210,100019,100
,,,,,
0.170008384,99700,100566,100267,100019,100
,,,,,
0.174482289,99730,100601,100334,100018,100
,,,,,
0.178956194,99768,100637,100407,100017,100
,,,,,
0.183430098,99813,100673,100491,100017,100
,,,,,
0.187904003,99871,100711,100589,100019,100
,,,,,
0.192377908,99941,100750,100696,100021,100
,,,,,
0.196851813,100018,100785,100808,100025,100
,,,,,
0.201325718,100095,100812,100910,100028,100
,,,,,
0.205799623,100161,100820,100981,100030,100
,,,,,
0.210273528,100208,100807,101013,100031,100
,,,,,
0.214747432,100230,100768,100994,100030,100
,,,,,
0.219221337,100226,100706,100927,100028,100
,,,,,
0.223695242,100198,100623,100816,100026,100
,,,,,
0.228169147,100152,100522,100670,100025,100
,,,,,
0.232643052,100096,100409,100502,100023,100
,,,,,
0.237116957,100039,100292,100326,100023,100
,,,,,
0.241590861,99986,100176,100157,100023,100
,,,,,
0.246064766,99944,100069,100008,100024,100
,,,,,
0.250538671,99914,99980,99889,100026,100
,,,,,
0.255012576,99894,99911,99803,100028,100
,,,,,
0.259486481,99884,99861,99744,100030,100
,,,,,
0.263960386,99879,99828,99706,100030,100
,,,,,
0.26843429,99874,99805,99681,100029,100
,,,,,
0.272908195,99873,99791,99665,100027,100
,,,,,
0.2773821,99873,99783,99656,100025,100
,,,,,
0.281856005,99878,99775,99652,100021,100
,,,,,
0.28632991,99884,99764,99646,100018,100
,,,,,
0.290803815,99888,99747,99633,100015,100
,,,,,
0.295277719,99884,99724,99605,100013,100
,,,,,
0.299751624,99883,99701,99580,100011,100
,,,,,
0.304225529,99904,99699,99599,100010,100
,,,,,
0.308699434,99994,99764,99756,100010,100
,,,,,
0.313173339,100209,99953,100161,100011,100
,,,,,
0.317647244,100581,100344,100926,100012,100
,,,,,
0.322121149,101085,101038,102125,100014,100
,,,,,
0.326595053,101632,102072,103708,100016,100
,,,,,
0.331068958,102073,103417,105492,100019,100
,,,,,
0.335542863,102257,104926,107183,100021,100
,,,,,
0.340016768,102106,106246,108349,100021,100
,,,,,
0.344490673,101621,107036,108653,100019,100
,,,,,
0.348964578,100915,107025,107937,100016,100
,,,,,
0.353438482,100158,106108,106264,100011,100
,,,,,
0.357912387,99498,104552,104051,100007,100
,,,,,
0.362386292,99050,102724,101776,100005,100
,,,,,
0.366860197,98839,101014,99856,100004,100
,,,,,
0.371334102,98833,99726,98564,100005,100
,,,,,
0.375808007,98960,98897,97859,100006,100
,,,,,
0.380281911,99141,98457,97599,100009,100
,,,,,
0.384755816,99318,98278,97596,100011,100
,,,,,
0.389229721,99460,98224,97683,100010,100
,,,,,
0.393703626,99569,98235,97801,100007,100
,,,,,
0.398177531,99652,98275,97921,100003,100
,,,,,
0.402651436,99723,98333,98050,99997,100
,,,,,
0.40712534,99793,98400,98186,99992,100
,,,,,
0.411599245,99864,98470,98328,99989,100
,,,,,
0.41607315,99938,98540,98472,99988,100
,,,,,
0.420547055,100011,98607,98613,99991,100
,,,,,
0.42502096,100081,98674,98751,99997,100
,,,,,
0.429494865,100147,98740,98886,100006,100
,,,,,
0.43396877,100208,98809,99018,100014,100
,,,,,
0.438442674,100269,98879,99150,100019,100
,,,,,
0.442916579,100335,98943,99282,100020,100
,,,,,
0.447390484,100407,98996,99410,100018,100
,,,,,
0.451864389,100489,99035,99532,100013,100
,,,,,
0.456338294,100577,99059,99646,100006,100
,,,,,
0.460812199,100669,99071,99751,100001,100
,,,,,
0.465286103,100761,99074,99847,99998,100
,,,,,
0.469760008,100849,99074,99937,100000,100
,,,,,
0.474233913,100933,99074,100020,100004,100
,,,,,
0.478707818,101008,99075,100094,100012,100
,,,,,
0.483181723,101069,99076,100152,100018,100
,,,,,
0.487655628,101110,99075,100187,100021,100
,,,,,
0.492129532,101126,99073,100197,100021,100
,,,,,
0.496603437,101115,99069,100179,100017,100
,,,,,
0.501077342,101077,99068,100139,100010,100
,,,,,
0.505551247,101016,99073,100082,100003,100
,,,,,
0.510025152,100933,99088,100015,99999,100
,,,,,
0.514499057,100830,99117,99943,99998,100
,,,,,
0.518972961,100713,99165,99875,100000,100
,,,,,
0.523446866,100587,99239,99825,100005,100
,,,,,
0.527920771,100460,99342,99805,100012,100
,,,,,
0.532394676,100342,99477,99824,100018,100
,,,,,
0.536868581,100236,99639,99883,100021,100
,,,,,
0.541342486,100139,99817,99965,100022,100
,,,,,
0.545816391,100050,99994,100052,100020,100
,,,,,
0.550290295,99961,100156,100123,100017,100
,,,,,
0.5547642,99870,100290,100161,100012,100
,,,,,
0.559238105,99777,100389,100166,100010,100
,,,,,
0.56371201,99685,100460,100142,100010,100
,,,,,
0.568185915,99598,100505,100099,100011,100
,,,,,
0.57265982,99522,100531,100050,100015,100
,,,,,
0.577133724,99460,100546,100004,100021,100
,,,,,
0.581607629,99414,100551,99965,100027,100
,,,,,
0.586081534,99387,100550,99939,100032,100
,,,,,
0.590555439,99377,100546,99925,100035,100
,,,,,
0.595029344,99384,100539,99924,100035,100
,,,,,
0.599503249,99406,100533,99935,100033,100
,,,,,
0.603977153,99438,100525,99955,100030,100
,,,,,
0.608451058,99481,100511,99982,100027,100
,,,,,
0.612924963,99526,100494,100012,100026,100
,,,,,
0.617398868,99570,100472,100038,100026,100
,,,,,
0.621872773,99608,100450,100059,100028,100
,,,,,
0.626346678,99633,100432,100072,100031,100
,,,,,
0.630820583,99653,100421,100082,100034,100
,,,,,
0.635294487,99668,100420,100096,100037,100
,,,,,
0.639768392,99683,100428,100117,100038,100
,,,,,
0.644242297,99704,100444,100151,100038,100
,,,,,
0.648716202,99728,100466,100195,100036,100
,,,,,
0.653190107,99754,100493,100246,100032,100
,,,,,
0.657664012,99778,100523,100301,100029,100
,,,,,
0.662137916,99800,100554,100353,100026,100
,,,,,
0.666611821,99813,100586,100398,100025,100
,,,,,
0.671085726,99815,100619,100435,100026,100
,,,,,
0.675559631,99810,100650,100459,100028,100
,,,,,
0.680033536,99801,100676,100475,100031,100
,,,,,
0.684507441,99796,100690,100481,100034,100
,,,,,
0.688981345,99802,100681,100477,100035,100
,,,,,
0.69345525,99818,100645,100456,100036,100
,,,,,
0.697929155,99839,100575,100411,100035,100
,,,,,
0.70240306,99859,100479,100338,100033,100
,,,,,
0.706876965,99873,100361,100237,100030,100
,,,,,
0.71135087,99882,100229,100117,100028,100
,,,,,
0.715824774,99886,100097,99992,100025,100
,,,,,
0.720298679,99892,99974,99874,100023,100
,,,,,
0.724772584,99900,99869,99779,100022,100
,,,,,
0.729246489,99913,99789,99711,100022,100
,,,,,
0.733720394,99930,99732,99672,100023,100
,,,,,
0.738194299,99954,99696,99657,100025,100
,,,,,
0.742668204,99978,99675,99659,100026,100
,,,,,
0.747142108,100001,99661,99668,100026,100
,,,,,
0.751616013,100018,99655,99677,100024,100
,,,,,
0.756089918,100024,99654,99682,100022,100
,,,,,
0.760563823,100020,99659,99682,100020,100
,,,,,
0.765037728,100005,99665,99672,100017,100
,,,,,
0.769511633,99984,99663,99646,100016,100
,,,,,
0.773985537,99959,99647,99603,100015,100
,,,,,
0.778459442,99944,99617,99557,100014,100
,,,,,
0.782933347,99963,99595,99556,100013,100
,,,,,
0.787407252,100053,99630,99683,100012,100
,,,,,
0.791881157,100253,99802,100064,100010,100
,,,,,
0.796355062,100581,100211,100811,100008,100
,,,,,
0.800828966,101003,100972,102002,100007,100
,,,,,
0.805302871,101442,102136,103608,100007,100
,,,,,
0.809776776,101770,103625,105424,100007,100
,,,,,
0.814250681,101873,105232,107126,100006,100
,,,,,
0.818724586,101698,106560,108270,100004,100
,,,,,
0.823198491,101255,107224,108482,100001,100
,,,,,
0.827672395,100647,106986,107631,99997,100
,,,,,
0.8321463,100020,105835,105847,99993,100
,,,,,
0.836620205,99495,104084,103569,99992,100
,,,,,
0.84109411,99158,102168,101315,99993,100
,,,,,
0.845568015,99029,100479,99493,99995,100
,,,,,
0.85004192,99059,99266,98310,99999,100
,,,,,
0.854515825,99187,98540,97711,100003,100
,,,,,
0.858989729,99346,98190,97522,100006,100
,,,,,
0.863463634,99488,98070,97547,100005,100
,,,,,
0.867937539,99600,98056,97649,100000,100
,,,,,
0.872411444,99687,98083,97769,99994,100
,,,,,
0.876885349,99765,98125,97894,99985,100
,,,,,
0.881359254,99850,98166,98023,99977,100
,,,,,
0.885833158,99946,98203,98160,99972,100
,,,,,
0.890307063,100050,98237,98299,99971,100
,,,,,
0.894780968,100149,98271,98432,99974,100
,,,,,
0.899254873,100237,98315,98560,99978,100
,,,,,
0.903728778,100304,98373,98682,99986,100
,,,,,
0.908202683,100358,98442,98801,99991,100
,,,,,
0.912676587,100403,98521,98920,99993,100
,,,,,
0.917150492,100444,98600,99038,99991,100
,,,,,
0.921624397,100487,98673,99154,99986,100
,,,,,
0.926098302,100535,98735,99262,99978,100
,,,,,
0.930572207,100590,98781,99363,99971,100
,,,,,
0.935046112,100653,98812,99458,99968,100
,,,,,
0.939520016,100725,98828,99548,99967,100
,,,,,
0.943993921,100806,98835,99637,99968,100
,,,,,
0.948467826,100894,98836,99728,99971,100
,,,,,
0.952941731,100982,98833,99817,99974,100
,,,,,
0.957415636,101065,98829,99897,99974,100
,,,,,
0.961889541,101134,98819,99958,99972,100
,,,,,
0.966363446,101183,98803,99992,99966,100
,,,,,
0.97083735,101206,98782,99993,99959,100
,,,,,
0.975311255,101112,98727,99837,99941,100
,,,,,
0.97978516,101041,98727,99764,99941,100
,,,,,
0.984259065,100963,98744,99702,99942,100
,,,,,
0.98873297,100884,98781,99658,99945,100
,,,,,
0.993206875,100804,98845,99640,99951,100
,,,,,
0.997680779,100723,98939,99651,99955,100
,,,,,
1.002154684,100633,99067,99687,99957,100
,,,,,
1.006628589,100533,99224,99742,99955,100
,,,,,
1.011102494,100421,99398,99803,99950,100
,,,,,
1.015576399,100297,99575,99856,99941,100
,,,,,
1.020050304,100166,99741,99893,99929,100
,,,,,
1.024524208,100029,99881,99901,99919,100
,,,,,
1.028998113,99893,99994,99880,99911,100
,,,,,
1.033472018,99761,100074,99833,99904,100
,,,,,
1.037945923,99636,100127,99764,99898,100
,,,,,
1.042419828,99525,100158,99688,99892,100
,,,,,
1.046893733,99433,100172,99612,99886,100
,,,,,
1.051367638,99362,100173,99544,99877,100
,,,,,
1.055841542,99315,100167,99492,99864,100
,,,,,
1.060315447,99290,100155,99456,99848,100
,,,,,
1.064789352,99284,100140,99433,99827,100
,,,,,
1.069263257,99293,100124,99425,99801,100
,,,,,
1.073737162,99313,100107,99427,99770,100
,,,,,
1.078211067,99341,100092,99439,99733,100
,,,,,
1.082684971,99373,100078,99457,99689,100
,,,,,
1.087158876,99409,100063,99476,99640,100
,,,,,
1.091632781,99444,100050,99498,99590,100
,,,,,
1.096106686,99479,100037,99519,99539,100
,,,,,
1.100580591,99512,100030,99542,99491,100
,,,,,
1.105054496,99541,100031,99570,99443,100
,,,,,
1.1095284,99568,100041,99603,99397,100
,,,,,
1.114002305,99593,100057,99645,99346,100
,,,,,
1.11847621,99619,100081,99694,99289,100
,,,,,
1.122950115,99652,100106,99754,99225,100
,,,,,
1.12742402,99701,100133,99832,99153,100
,,,,,
1.131897925,99771,100162,99933,99068,100
,,,,,
1.136371829,99867,100194,100063,98973,100
,,,,,
1.140845734,99989,100229,100222,98867,100
,,,,,
1.145319639,100131,100263,100399,98751,100
,,,,,
1.149793544,100290,100289,100584,98621,100
,,,,,
1.154267449,100453,100300,100759,98474,100
,,,,,
1.158741354,100607,100288,100899,98300,100
,,,,,
1.163215259,100730,100248,100982,98082,100
,,,,,
1.167689163,100807,100178,100989,97805,100
,,,,,
1.172163068,100827,100083,100912,97453,100
,,,,,
1.176636973,100789,99967,100760,97031,100
,,,,,
1.181110878,100710,99840,100554,96529,100
,,,,,
1.185584783,100609,99713,100326,95979,100
,,,,,
1.190058688,100507,99592,100106,95377,100
,,,,,
1.194532592,100420,99488,99912,94716,100
,,,,,
1.199006497,100351,99404,99758,93998,100
,,,,,
1.203480402,100300,99342,99643,93171,100
,,,,,
1.207954307,100262,99301,99560,92244,100
,,,,,
1.212428212,100228,99277,99499,91192,100
,,,,,
1.216902117,100196,99266,99454,87882,100
,,,,,
1.221376021,100163,99265,99419,80371,100
,,,,,
1.225849926,100127,99275,99392,64643,100
,,,,,
1.230323831,100092,99292,99373,37385,100
,,,,,
1.234797736,100056,99308,99356,419,100
,,,,,
1.239271641,100023,99317,99333,0,100
,,,,,
1.243745546,99996,99316,99305,0,100
,,,,,
1.24821945,99989,99309,99292,0,100
,,,,,
1.252693355,100028,99319,99343,0,100
,,,,,
1.25716726,100151,99398,99548,0,100
,,,,,
1.261641165,100398,99616,100015,0,100
,,,,,
1.26611507,100776,100062,100840,0,100
,,,,,
1.270588975,101240,100841,102084,0,100
,,,,,
1.27506288,101696,101988,103688,0,100
,,,,,
1.279536784,102008,103436,105445,0,100
,,,,,
1.284010689,102059,104982,107040,0,100
,,,,,
1.288484594,101803,106238,108041,0,100
,,,,,
1.292958499,101268,106836,108102,0,100
,,,,,
1.297432404,100577,106547,107122,0,100
,,,,,
1.301906309,99890,105361,105247,0,100
,,,,,
1.306380213,99330,103601,102927,0,100
,,,,,
1.310854118,98995,101700,100689,0,100
,,,,,
1.315328023,98880,100036,98911,0,100
,,,,,
1.319801928,98937,98853,97786,0,100
,,,,,
1.324275833,99092,98144,97235,0,100
,,,,,
1.328749738,99267,97792,97061,0,100
,,,,,
1.333223642,99421,97656,97082,0,100
,,,,,
1.337697547,99538,97618,97162,0,100
,,,,,
1.342171452,99623,97630,97258,0,100
,,,,,
1.346645357,99690,97670,97365,0,100
,,,,,
1.351119262,99750,97732,97485,0,100
,,,,,
1.355593167,99809,97807,97618,0,100
,,,,,
1.360067071,99868,97889,97757,0,100
,,,,,
1.364540976,99925,97973,97898,0,100
,,,,,
1.369014881,99981,98054,98035,0,100
,,,,,
1.373488786,100035,98132,98164,0,100
,,,,,
1.377962691,100088,98202,98286,0,100
,,,,,
1.382436596,100140,98267,98401,0,100
,,,,,
1.386910501,100195,98324,98511,0,100
,,,,,
1.391384405,100253,98375,98618,0,100
,,,,,
1.39585831,100319,98418,98726,0,100
,,,,,
1.400332215,100393,98452,98835,0,100
,,,,,
1.40480612,100478,98480,98947,0,100
,,,,,
1.409280025,100571,98499,99061,0,100
,,,,,
1.41375393,100669,98511,99173,0,100
,,,,,
1.418227834,100767,98516,99279,0,100
,,,,,
1.422701739,100859,98514,99372,0,100
,,,,,
1.427175644,100938,98508,99447,0,100
,,,,,
1.431649549,101002,98495,99500,0,100
,,,,,
1.436123454,101044,98481,99526,0,100
,,,,,
1.440597359,101062,98467,99529,0,100
,,,,,
1.445071263,101053,98456,99509,0,100
,,,,,
1.449545168,101016,98455,99470,0,100
,,,,,
1.454019073,100954,98465,99421,0,100
,,,,,
1.458492978,100873,98492,99370,0,100
,,,,,
1.462966883,100777,98540,99326,0,100
,,,,,
1.467440788,100675,98613,99298,0,100
,,,,,
1.471914693,100570,98714,99292,0,100
,,,,,
1.476388597,100463,98845,99314,0,100
,,,,,
1.480862502,100355,99002,99360,0,100
,,,,,
1.485336407,100248,99181,99427,0,100
,,,,,
1.489810312,100140,99369,99506,0,100
,,,,,
1.494284217,100033,99554,99583,0,100
,,,,,
1.498758122,99927,99725,99649,0,100
,,,,,
1.503232026,99821,99873,99694,0,100
,,,,,
1.507705931,99716,99995,99711,0,100
,,,,,
1.512179836,99613,100090,99704,0,100
,,,,,
1.516653741,99515,100162,99678,0,100
,,,,,
1.521127646,99426,100214,99640,0,100
,,,,,
1.525601551,99351,100249,99601,0,100
,,,,,
1.530075455,99290,100272,99565,0,100
,,,,,
1.53454936,99247,100283,99536,0,100
,,,,,
1.539023265,99218,100290,99517,0,100
,,,,,
1.54349717,99204,100295,99509,0,100
,,,,,
1.547971075,99203,100298,99512,0,100
,,,,,
1.55244498,99212,100303,99524,0,100
,,,,,
1.556918884,99223,100307,99539,0,100
,,,,,
1.561392789,99226,100310,99543,0,100
,,,,,
1.565866694,99207,100311,99525,0,100
,,,,,
1.570340599,99160,100309,99476,0,100
,,,,,
1.574814504,99091,100307,99403,0,100
,,,,,
1.579288409,99013,100306,99321,0,100
,,,,,
1.583762314,98948,100309,99256,0,100
,,,,,
1.588236218,98911,100321,99228,0,100
,,,,,
1.592710123,98908,100342,99246,0,100
,,,,,
1.597184028,98940,100374,99307,0,100
,,,,,
1.601657933,98996,100411,99402,0,100
,,,,,
1.606131838,99073,100451,99519,0,100
,,,,,
1.610605743,99167,100491,99654,0,100
,,,,,
1.615079647,99277,100527,99801,0,100
,,,,,
1.619553552,99397,100560,99954,0,100
,,,,,
1.624027457,99521,100584,100105,0,100
,,,,,
1.628501362,99635,100599,100236,0,100
,,,,,
1.632975267,99729,100598,100333,0,100
,,,,,
1.637449172,99797,100576,100380,0,100
,,,,,
1.641923076,99833,100528,100371,0,100
,,,,,
1.646396981,99841,100455,100306,0,100
,,,,,
1.650870886,99824,100359,100192,0,100
,,,,,
1.655344791,99790,100247,100045,0,100
,,,,,
1.659818696,99750,100125,99886,0,100
,,,,,
1.664292601,99716,100005,99731,0,100
,,,,,
1.668766505,99699,99893,99601,0,100
,,,,,
1.67324041,99705,99794,99505,0,100
,,,,,
1.677714315,99732,99711,99448,0,100
,,,,,
1.68218822,99775,99646,99424,0,100
,,,,,
1.686662125,99826,99595,99424,0,100
,,,,,
1.69113603,99877,99558,99437,0,100
,,,,,
1.695609935,99923,99527,99454,0,100
,,,,,
1.700083839,99963,99503,99468,0,100
,,,,,
1.704557744,99993,99484,99476,0,100
,,,,,
1.709031649,100011,99469,99478,0,100
,,,,,
1.713505554,100013,99456,99467,0,100
,,,,,
1.717979459,99998,99441,99436,0,100
,,,,,
1.722453364,99965,99425,99389,0,100
,,,,,
1.726927268,99927,99412,99340,0,100
,,,,,
1.731401173,99927,99424,99353,0,100
,,,,,
1.735875078,100020,99500,99521,0,100
,,,,,
1.740348983,100266,99702,99970,0,100
,,,,,
1.744822888,100698,100117,100817,0,100
,,,,,
1.749296793,101251,100858,102112,0,100
,,,,,
1.753770697,101805,101968,103775,0,100
,,,,,
1.758244602,102172,103419,105590,0,100
,,,,,
1.762718507,102186,105010,107192,0,100
,,,,,
1.767192412,101817,106359,108168,0,100
,,,,,
1.771666317,101123,107109,108220,0,100
,,,,,
1.776140222,100291,106982,107261,0,100
,,,,,
1.780614126,99543,105959,105490,0,100
,,,,,
1.785088031,99010,104346,103344,0,100
,,,,,
1.789561936,98763,102526,101280,0,100
,,,,,
1.794035841,98762,100899,99652,0,100
,,,,,
1.798509746,98903,99697,98595,0,100
,,,,,
1.802983651,99099,98930,98028,0,100
,,,,,
1.807457556,99279,98517,97798,0,100
,,,,,
1.81193146,99412,98322,97740,0,100
,,,,,
1.816405365,99504,98241,97756,0,100
,,,,,
1.82087927,99573,98223,97807,0,100
,,,,,
1.825353175,99633,98241,97887,0,100
,,,,,
1.82982708,99695,98286,97992,0,100
,,,,,
1.834300985,99762,98347,98118,0,100
,,,,,
1.838774889,99832,98417,98253,0,100
,,,,,
1.843248794,99902,98487,98390,0,100
,,,,,
1.847722699,99972,98556,98524,0,100
,,,,,
1.852196604,100039,98622,98653,0,100
,,,,,
1.856670509,100105,98689,98782,0,100
,,,,,
1.861144414,100170,98756,98914,0,100
,,,,,
1.865618318,100238,98823,99050,0,100
,,,,,
1.870092223,100309,98890,99188,0,100
,,,,,
1.874566128,100387,98950,99327,0,100
,,,,,
1.879040033,100471,99002,99462,0,100
,,,,,
1.883513938,100561,99044,99595,0,100
,,,,,
1.887987843,100655,99074,99721,0,100
,,,,,
1.892461748,100751,99092,99837,0,100
,,,,,
1.896935652,100847,99096,99941,0,100
,,,,,
1.901409557,100939,99087,100025,0,100
,,,,,
1.905883462,101021,99068,100092,0,100
,,,,,
1.910357367,101089,99044,100137,0,100
,,,,,
1.914831272,101134,99022,100162,0,100
,,,,,
1.919305177,101151,99006,100165,0,100
,,,,,
1.923779081,101138,99002,100150,0,100
,,,,,
1.928252986,101098,99012,100120,0,100
,,,,,
1.932726891,101035,99036,100083,0,100
,,,,,
1.937200796,100957,99078,100047,0,100
,,,,,
1.941674701,100869,99140,100018,0,100
,,,,,
1.946148606,100772,99224,100005,0,100
,,,,,
1.95062251,100442,99624,100068,0,100
,,,,,
1.955096415,100322,99794,100115,0,100
,,,,,
1.95957032,100199,99967,100164,0,100
,,,,,
1.964044225,100074,100134,100206,0,100
,,,,,
1.96851813,99950,100283,100232,0,100
,,,,,
1.972992035,99830,100410,100241,0,100
,,,,,
1.977465939,99716,100510,100229,0,100
,,,,,
1.981939844,99613,100584,100200,0,100
,,,,,
1.986413749,99522,100635,100160,0,100
,,,,,
1.990887654,99446,100668,100115,0,100
,,,,,
1.995361559,99385,100689,100072,0,100
,,,,,
1.999835464,99337,100704,100037,0,100
,,,,,
2.004309369,99303,100718,100013,0,100
,,,,,
2.008783273,99278,100733,100001,0,100
,,,,,
2.013257178,99262,100749,100002,0,100
,,,,,
2.017731083,99256,100764,100014,0,100
,,,,,
2.022204988,99257,100775,100031,0,100
,,,,,
2.026678893,99265,100780,100050,0,100
,,,,,
2.031152798,99280,100775,100067,0,100
,,,,,
2.035626702,99301,100764,100081,0,100
,,,,,
2.040100607,99325,100748,100091,0,100
,,,,,
2.044574512,99352,100732,100103,0,100
,,,,,
2.049048417,99381,100723,100120,0,100
,,,,,
2.053522322,99411,100721,100145,0,100
,,,,,
2.057996227,99441,100728,100177,0,100
,,,,,
2.062470131,99468,100744,100217,0,100
,,,,,
2.066944036,99496,100765,100262,0,100
,,,,,
2.071417941,99524,100788,100313,0,100
,,,,,
2.075891846,99560,100814,100373,0,100
,,,,,
2.080365751,99609,100841,100448,0,100
,,,,,
2.084839656,99676,100871,100545,0,100
,,,,,
2.08931356,99762,100904,100663,0,100
,,,,,
2.093787465,99858,100939,100795,0,100
,,,,,
2.09826137,99955,100971,100924,0,100
,,,,,
2.102735275,100039,100994,101031,0,100
,,,,,
2.10720918,100097,101001,101097,0,100
,,,,,
2.111683085,100126,100985,101112,0,100
,,,,,
2.11615699,100124,100945,101072,0,100
,,,,,
2.120630894,100094,100882,100980,0,100
,,,,,
2.125104799,100039,100800,100843,0,100
,,,,,
2.129578704,99964,100704,100672,0,100
,,,,,
2.134052609,99877,100602,100482,0,100
,,,,,
2.138526514,99789,100501,100291,0,100
,,,,,
2.143000419,99713,100405,100117,0,100
,,,,,
2.147474323,99656,100317,99972,0,100
,,,,,
2.151948228,99620,100244,99863,0,100
,,,,,
2.156422133,99602,100187,99790,0,100
,,,,,
2.160896038,99597,100145,99746,0,100
,,,,,
2.165369943,99597,100122,99724,0,100
,,,,,
2.169843848,99600,100111,99717,0,100
,,,,,
2.174317752,99601,100113,99719,0,100
,,,,,
2.178791657,99603,100119,99723,0,100
,,,,,
2.183265562,99603,100125,99726,0,100
,,,,,
2.187739467,99600,100126,99721,0,100
,,,,,
2.192213372,99591,100117,99701,0,100
,,,,,
2.196687277,99574,100097,99663,0,100
,,,,,
2.201161182,99558,100067,99619,0,100
,,,,,
2.205635086,99572,100045,99612,0,100
,,,,,
2.210108991,99670,100062,99727,0,100
,,,,,
2.214582896,99915,100179,100089,0,100
,,,,,
2.219056801,100335,100488,100819,0,100
,,,,,
2.223530706,100892,101118,102005,0,100
,,,,,
2.228004611,101466,102158,103619,0,100
,,,,,
2.232478515,101873,103580,105447,0,100
,,,,,
2.23695242,101953,105209,107157,0,100
,,,,,
2.241426325,101649,106639,108283,0,100
,,,,,
2.24590023,101006,107453,108454,0,100
,,,,,
2.250374135,100207,107374,107577,0,100
,,,,,
2.25484804,99456,106350,105802,0,100
,,,,,
2.259321944,98905,104698,103601,0,100
,,,,,
2.263795849,98639,102858,101497,0,100
,,,,,
2.268269754,98624,101214,99839,0,100
,,,,,
2.272743659,98771,100026,98799,0,100
,,,,,
2.277217564,98988,99294,98283,0,100
,,,,,
2.281691469,99193,98906,98098,0,100
,,,,,
2.286165373,99353,98736,98085,0,100
,,,,,
2.290639278,99468,98666,98128,0,100
,,,,,
2.295113183,99550,98648,98191,0,100
,,,,,
2.299587088,99618,98660,98270,0,100
,,,,,
2.304060993,99683,98694,98370,0,100
,,,,,
2.308534898,99748,98744,98488,0,100
,,,,,
2.313008803,99814,98807,98620,0,100
,,,,,
2.317482707,99879,98878,98759,0,100
,,,,,
2.321956612,99941,98952,98898,0,100
,,,,,
2.326430517,100001,99021,99029,0,100
,,,,,
2.330904422,100062,99080,99151,0,100
,,,,,
2.335378327,100127,99127,99264,0,100
,,,,,
2.339852232,100199,99162,99372,0,100
,,,,,
2.344326136,100280,99189,99481,0,100
,,,,,
2.348800041,100368,99212,99592,0,100
,,,,,
2.353273946,100465,99233,99707,0,100
,,,,,
2.357747851,100571,99247,99825,0,100
,,,,,
2.362221756,100684,99252,99940,0,100
,,,,,
2.366695661,100805,99244,100050,0,100
,,,,,
2.371169565,100926,99226,100151,0,100
,,,,,
2.37564347,101040,99203,100240,0,100
,,,,,
2.380117375,101138,99180,100315,0,100
,,,,,
2.38459128,101212,99162,100372,0,100
,,,,,
2.389065185,101257,99150,100407,0,100
,,,,,
2.39353909,101273,99146,100418,0,100
,,,,,
2.398012994,101259,99149,100409,0,100
,,,,,
2.402486899,101219,99163,100382,0,100
,,,,,
2.406960804,101156,99192,100349,0,100
,,,,,
2.411434709,101076,99239,100314,0,100
,,,,,
2.415908614,100983,99306,100288,0,100
,,,,,
2.420382519,100881,99391,100274,0,100
,,,,,
2.424856424,100777,99496,100279,0,100
,,,,,
2.429330328,100672,99621,100301,0,100
,,,,,
2.433804233,100566,99760,100339,0,100
,,,,,
2.438278138,100458,99911,100383,0,100
,,,,,
2.442752043,100346,100065,100424,0,100
,,,,,
2.447225948,100229,100212,100452,0,100
,,,,,
2.451699853,100108,100343,100460,0,100
,,,,,
2.456173757,99987,100450,100444,0,100
,,,,,
2.460647662,99870,100532,100405,0,100
,,,,,
2.465121567,99760,100590,100351,0,100
,,,,,
2.469595472,99663,100627,100289,0,100
,,,,,
2.474069377,99581,100650,100229,0,100
,,,,,
2.478543282,99516,100664,100178,0,100
,,,,,
2.483017186,99468,100675,100141,0,100
,,,,,
2.487491091,99435,100684,100120,0,100
,,,,,
2.491964996,99416,100692,100111,0,100
,,,,,
2.496438901,99410,100696,100111,0,100
,,,,,
2.500912806,99416,100695,100117,0,100
,,,,,
2.505386711,99433,100689,100127,0,100
,,,,,
2.509860615,99456,100678,100140,0,100
,,,,,
2.51433452,99485,100664,100155,0,100
,,,,,
2.518808425,99514,100652,100171,0,100
,,,,,
2.52328233,99541,100643,100188,0,100
,,,,,
2.527756235,99565,100637,100207,0,100
,,,,,
2.53223014,99587,100633,100225,0,100
,,,,,
2.536704045,99610,100628,100242,0,100
,,,,,
2.541177949,99634,100625,100263,0,100
,,,,,
2.545651854,99660,100625,100287,0,100
,,,,,
2.550125759,99686,100633,100319,0,100
,,,,,
2.554599664,99711,100651,100361,0,100
,,,,,
2.559073569,99737,100678,100414,0,100
,,,,,
2.563547474,99769,100712,100478,0,100
,,,,,
2.568021378,99813,100748,100558,0,100
,,,,,
2.572495283,99874,100782,100653,0,100
,,,,,
2.576969188,99951,100815,100764,0,100
,,,,,
2.581443093,100034,100847,100882,0,100
,,,,,
2.585916998,100113,100878,100994,0,100
,,,,,
2.590390903,100174,100900,101077,0,100
,,,,,
2.594864807,100211,100903,101116,0,100
,,,,,
2.599338712,100221,100875,101095,0,100
,,,,,
2.603812617,100204,100813,101012,0,100
,,,,,
2.608286522,100167,100719,100877,0,100
,,,,,
2.612760427,100111,100603,100703,0,100
,,,,,
2.617234332,100046,100479,100513,0,100
,,,,,
2.621708237,99978,100355,100323,0,100
,,,,,
2.626182141,99917,100239,100149,0,100
,,,,,
2.630656046,99871,100134,99999,0,100
,,,,,
2.635129951,99840,100041,99877,0,100
,,,,,
2.639603856,99826,99965,99786,0,100
,,,,,
2.644077761,99823,99905,99721,0,100
,,,,,
2.648551666,99827,99862,99679,0,100
,,,,,
2.65302557,99832,99834,99655,0,100
,,,,,
2.657499475,99837,99820,99645,0,100
,,,,,
2.66197338,99838,99819,99645,0,100
,,,,,
2.666447285,99835,99828,99652,0,100
,,,,,
2.67092119,99828,99838,99659,0,100
,,,,,
2.675395095,99816,99845,99657,0,100
,,,,,
2.679868999,99801,99844,99643,0,100
,,,,,
2.684342904,99788,99834,99622,0,100
,,,,,
2.688816809,99803,99840,99644,0,100
,,,,,
2.693290714,99884,99907,99793,0,100
,,,,,
2.697764619,100075,100103,100180,0,100
,,,,,
2.702238524,100410,100517,100930,0,100
,,,,,
2.706712428,100853,101246,102102,0,100
,,,,,
2.711186333,101328,102335,103666,0,100
,,,,,
2.715660238,101697,103745,105445,0,100
,,,,,
2.720134143,101819,105301,107123,0,100
,,,,,
2.724608048,101647,106641,108291,0,100
,,,,,
2.729081953,101181,107405,108589,0,100
,,,,,
2.733555858,100537,107304,107844,0,100
,,,,,
2.738029762,99879,106277,106160,0,100
,,,,,
2.742503667,99325,104599,103929,0,100
,,,,,
2.746977572,98978,102671,101653,0,100
,,,,,
2.751451477,98847,100918,99769,0,100
,,,,,
2.755925382,98886,99625,98514,0,100
,,,,,
2.760399287,99032,98827,97859,0,100
,,,,,
2.764873191,99212,98438,97647,0,100
,,,,,
2.769347096,99375,98300,97670,0,100
,,,,,
2.773821001,99503,98278,97775,0,100
,,,,,
2.778294906,99596,98305,97897,0,100
,,,,,
2.782768811,99667,98348,98013,0,100
,,,,,
2.787242716,99730,98397,98130,0,100
,,,,,
2.79171662,99792,98451,98251,0,100
,,,,,
2.796190525,99855,98508,98374,0,100
,,,,,
2.80066443,99919,98570,98502,0,100
,,,,,
2.805138335,99979,98638,98630,0,100
,,,,,
2.80961224,100038,98708,98757,0,100
,,,,,
2.814086145,100098,98776,98882,0,100
,,,,,
2.818560049,100162,98836,99003,0,100
,,,,,
2.823033954,100232,98887,99121,0,100
,,,,,
2.827507859,100309,98928,99238,0,100
,,,,,
2.831981764,100393,98959,99351,0,100
,,,,,
2.836455669,100482,98980,99462,0,100
,,,,,
2.840929574,100574,98994,99569,0,100
,,,,,
2.845403479,100667,98999,99668,0,100
,,,,,
2.849877383,100760,98999,99760,0,100
,,,,,
2.854351288,100848,98996,99844,0,100
,,,,,
2.858825193,100929,98993,99923,0,100
,,,,,
2.863299098,100999,98990,99990,0,100
,,,,,
2.867773003,101055,98987,100043,0,100
,,,,,
2.872246908,101094,98982,100078,0,100
,,,,,
2.876720812,101113,98974,100088,0,100
,,,,,
2.881194717,101108,98966,100074,0,100
,,,,,
2.885668622,101079,98961,100038,0,100
,,,,,
2.890142527,101026,98963,99986,0,100
,,,,,
2.894616432,100953,98976,99927,0,100
,,,,,
2.899090337,100867,99007,99872,0,100
,,,,,
2.903564241,100779,99060,99837,0,100
,,,,,
2.908038146,100696,99140,99834,0,100
,,,,,
2.912512051,100622,99251,99871,0,100
,,,,,
2.916985956,100560,99391,99949,0,100
,,,,,
2.921459861,100503,99553,100052,0,100
,,,,,
2.925933766,100274,100040,100311,0,100
,,,,,
2.93040767,100165,100168,100329,0,100
,,,,,
2.934881575,100045,100270,100312,0,100
,,,,,
2.93935548,99923,100348,100268,0,100
,,,,,
2.943829385,99807,100405,100210,0,100
,,,,,
2.94830329,99707,100440,100146,0,100
,,,,,
2.952777195,99627,100458,100083,0,100
,,,,,
2.9572511,99567,100460,100025,0,100
,,,,,
2.961725004,99528,100451,99978,0,100
,,,,,
2.966198909,99506,100438,99944,0,100
,,,,,
2.970672814,99500,100422,99922,0,100
,,,,,
2.975146719,99506,100406,99913,0,100
,,,,,
2.979620624,99521,100391,99913,0,100
,,,,,
2.984094529,99539,100377,99916,0,100
,,,,,
2.988568433,99560,100364,99925,0,100
,,,,,
2.993042338,99582,100350,99933,0,100
,,,,,
2.997516243,99605,100337,99944,0,100
,,,,,
3.001990148,99628,100326,99957,0,100
,,,,,
3.006464053,99653,100315,99971,0,100
,,,,,
3.010937958,99681,100302,99986,0,100
,,,,,
3.015411862,99710,100288,100001,0,100
,,,,,
3.019885767,99737,100275,100013,0,100
,,,,,
3.024359672,99762,100266,100030,0,100
,,,,,
3.028833577,99783,100267,100053,0,100
,,,,,
3.033307482,99804,100280,100088,0,100
,,,,,
3.037781387,99830,100306,100140,0,100
,,,,,
3.042255292,99866,100342,100213,0,100
,,,,,
3.046729196,99917,100386,100305,0,100
,,,,,
3.051203101,99979,100434,100414,0,100
,,,,,
3.055677006,100047,100481,100528,0,100
,,,,,
3.060150911,100109,100522,100632,0,100
,,,,,
3.064624816,100157,100552,100710,0,100
,,,,,
3.069098721,100185,100563,100746,0,100
,,,,,
3.073572625,100189,100549,100727,0,100
,,,,,
3.07804653,100170,100506,100654,0,100
,,,,,
3.082520435,100132,100432,100530,0,100
,,,,,
3.08699434,100077,100331,100365,0,100
,,,,,
3.091468245,100013,100208,100179,0,100
,,,,,
3.09594215,99947,100076,99990,0,100
,,,,,
3.100416054,99887,99948,99813,0,100
,,,,,
3.104889959,99842,99832,99664,0,100
,,,,,
3.109363864,99812,99736,99546,0,100
,,,,,
3.113837769,99798,99660,99460,0,100
,,,,,
3.118311674,99794,99600,99400,0,100
,,,,,
3.122785579,99795,99556,99360,0,100
,,,,,
3.127259483,99796,99524,99333,0,100
,,,,,
3.131733388,99797,99506,99319,0,100
,,,,,
3.136207293,99798,99500,99317,0,100
,,,,,
3.140681198,99799,99506,99325,0,100
,,,,,
3.145155103,99801,99518,99337,0,100
,,,,,
3.149629008,99803,99529,99345,0,100
,,,,,
3.154102913,99804,99529,99341,0,100
,,,,,
3.158576817,99808,99519,99332,0,100
,,,,,
3.163050722,99836,99513,99353,0,100
,,,,,
3.167524627,99922,99551,99477,0,100
,,,,,
3.171998532,100110,99702,99817,0,100
,,,,,
3.176472437,100427,100050,100483,0,100
,,,,,
3.180946342,100854,100701,101560,0,100
,,,,,
3.185420246,101323,101730,103056,0,100
,,,,,
3.189894151,101707,103094,104802,0,100
,,,,,
3.194368056,101875,104653,106525,0,100
,,,,,
3.198841961,101747,106064,107806,0,100
,,,,,
3.203315866,101316,106927,108238,0,100
,,,,,
3.207789771,100675,106976,107647,0,100
,,,,,
3.212263675,99977,106098,106072,0,100
,,,,,
3.21673758,99370,104519,103890,0,100
,,,,,
3.221211485,98968,102655,101627,0,100
,,,,,
3.22568539,98807,100891,99703,0,100
,,,,,
3.230159295,98848,99540,98391,766,100
,,,,,
3.2346332,99016,98667,97684,2081,100
,,,,,
3.239107104,99230,98189,97417,3379,100
,,,,,
3.243581009,99426,97976,97400,4657,100
,,,,,
3.248054914,99579,97898,97474,5916,100
,,,,,
3.252528819,99691,97884,97574,7158,100
,,,,,
3.257002724,99775,97905,97680,8383,100
,,,,,
3.261476629,99846,97949,97796,9594,100
,,,,,
3.265950534,99912,98011,97925,10790,100
,,,,,
3.270424438,99978,98085,98062,11975,100
,,,,,
3.274898343,100042,98164,98203,13144,100
,,,,,
3.279372248,100105,98242,98340,14300,100
,,,,,
3.283846153,100168,98313,98472,15440,100
,,,,,
3.288320058,100230,98379,98598,16564,100
,,,,,
3.292793963,100289,98439,98718,17674,100
,,,,,
3.297267867,100347,98494,98834,18768,100
,,,,,
3.301741772,100407,98546,98947,19849,100
,,,,,
3.306215677,100468,98593,99058,20915,100
,,,,,
3.310689582,100535,98633,99168,21968,100
,,,,,
3.315163487,100610,98666,99278,23007,100
,,,,,
3.319637392,100691,98691,99386,24035,100
,,,,,
3.324111296,100780,98708,99494,25051,100
,,,,,
3.328585201,100872,98720,99596,26056,100
,,,,,
3.333059106,100961,98723,99689,27051,100
,,,,,
3.337533011,101042,98719,99766,28035,100
,,,,,
3.342006916,101110,98707,99818,29008,100
,,,,,
3.346480821,101160,98686,99846,29969,100
,,,,,
3.350954725,101186,98660,99846,30920,100
,,,,,
3.35542863,101188,98636,99823,31858,100
,,,,,
3.359902535,101165,98617,99784,32786,100
,,,,,
3.36437644,101120,98610,99733,33702,100
,,,,,
3.368850345,101057,98617,99678,34609,100
,,,,,
3.37332425,100982,98640,99625,35505,100
,,,,,
3.377798155,100902,98680,99585,36392,100
,,,,,
3.382272059,100822,98741,99565,37269,100
,,,,,
3.386745964,100742,98831,99574,38135,100
,,,,,
3.391219869,100664,98951,99615,38990,100
,,,,,
3.395693774,100584,99100,99684,39833,100
,,,,,
3.400167679,100498,99273,99769,40664,100
,,,,,
3.404641584,100402,99455,99856,41482,100
,,,,,
3.409115488,100298,99634,99932,42285,100
,,,,,
3.413589393,100187,99796,99985,43074,100
,,,,,
3.418063298,100072,99932,100009,43849,100
,,,,,
3.422537203,99957,100042,100008,44611,100
,,,,,
3.427011108,99850,100125,99984,45362,100
,,,,,
3.431485013,99752,100183,99944,46104,100
,,,,,
3.435958917,99668,100223,99897,46836,100
,,,,,
3.440432822,99600,100247,99850,47559,100
,,,,,
3.444906727,99547,100261,99809,48271,100
,,,,,
3.449380632,99510,100267,99778,48972,100
,,,,,
3.453854537,99490,100268,99759,49661,100
,,,,,
3.458328442,99483,100265,99751,50338,100
,,,,,
3.462802347,99491,100258,99753,51004,100
,,,,,
3.467276251,99509,100246,99759,51660,100
,,,,,
3.471750156,99537,100230,99769,52304,100
,,,,,
3.476224061,99569,100212,99782,52939,100
,,,,,
3.480697966,99605,100192,99796,53563,100
,,,,,
3.485171871,99641,100175,99814,54178,100
,,,,,
3.489645776,99675,100161,99834,54785,100
,,,,,
3.49411968,99705,100153,99859,55384,100
,,,,,
3.498593585,99732,100157,99890,55976,100
,,,,,
3.50306749,99754,100172,99929,56560,100
,,,,,
3.507541395,99775,100199,99976,57135,100
,,,,,
3.5120153,99793,100234,100031,57700,100
,,,,,
3.516489205,99817,100272,100091,58254,100
,,,,,
3.520963109,99852,100307,100161,58797,100
,,,,,
3.525437014,99901,100340,100244,59330,100
,,,,,
3.529910919,99966,100373,100343,59854,100
,,,,,
3.534384824,100043,100404,100454,60370,100
,,,,,
3.538858729,100121,100436,100565,60880,100
,,,,,
3.543332634,100190,100462,100662,61385,100
,,,,,
3.547806538,100240,100473,100724,61887,100
,,,,,
3.552280443,100266,100462,100739,62385,100
,,,,,
3.556754348,100264,100422,100698,62878,100
,,,,,
3.561228253,100238,100352,100600,63366,100
,,,,,
3.565702158,100190,100256,100452,63848,100
,,,,,
3.570176063,100126,100140,100268,64322,100
,,,,,
3.574649968,100054,100015,100067,64790,100
,,,,,
3.579123872,99985,99893,99872,65249,100
,,,,,
3.583597777,99928,99779,99698,65702,100
,,,,,
3.588071682,99866,99600,99455,66594,100
,,,,,
3.592545587,99859,99540,99388,67035,100
,,,,,
3.597019492,99861,99497,99348,67471,100
,,,,,
3.601493397,99869,99472,99332,67902,100
,,,,,
3.605967301,99877,99460,99330,68324,100
,,,,,
3.610441206,99884,99461,99337,68739,100
,,,,,
3.614915111,99889,99470,99352,69146,100
,,,,,
3.619389016,99890,99482,99367,69546,100
,,,,,
3.623862921,99889,99492,99377,69940,100
,,,,,
3.628336826,99883,99493,99375,70330,100
,,,,,
3.63281073,99878,99484,99365,70718,100
,,,,,
3.637284635,99885,99475,99366,71103,100
,,,,,
3.64175854,99938,99493,99440,71485,100
,,,,,
3.646232445,100075,99587,99675,71864,100
,,,,,
3.65070635,100340,99820,100173,72239,100
,,,,,
3.655180255,100752,100263,101031,72609,100
,,,,,
3.659654159,101254,101008,102278,72974,100
,,,,,
3.664128064,101754,102083,103853,73332,100
,,,,,
3.668601969,102099,103454,105566,73686,100
,,,,,
3.673075874,102146,104950,107108,74034,100
,,,,,
3.677549779,101860,106222,108093,74379,100
,,,,,
3.682023684,101264,106931,108210,74720,100
,,,,,
3.686497589,100506,106802,107331,75058,100
,,,,,
3.690971493,99774,105782,105590,75392,100
,,,,,
3.695445398,99199,104148,103390,75720,100
,,,,,
3.699919303,98876,102277,101203,76042,100
,,,,,
3.704393208,98798,100575,99419,76357,100
,,,,,
3.708867113,98891,99308,98232,76666,100
,,,,,
3.713341018,99074,98501,97596,76969,100
,,,,,
3.717814922,99273,98079,97357,77266,100
,,,,,
3.722288827,99441,97895,97333,77558,100
,,,,,
3.726762732,99571,97833,97398,77845,100
,,,,,
3.731236637,99671,97832,97498,78127,100
,,,,,
3.735710542,99752,97862,97612,78405,100
,,,,,
3.740184447,99825,97914,97739,78680,100
,,,,,
3.744658351,99894,97982,97876,78953,100
,,,,,
3.749132256,99960,98059,98017,79226,100
,,,,,
3.753606161,100024,98142,98161,79498,100
,,,,,
3.758080066,100084,98226,98303,79766,100
,,,,,
3.762553971,100140,98308,98438,80029,100
,,,,,
3.767027876,100193,98384,98564,80286,100
,,,,,
3.77150178,100246,98450,98683,80537,100
,,,,,
3.775975685,100304,98505,98796,80781,100
,,,,,
3.78044959,100370,98551,98910,81020,100
,,,,,
3.784923495,100448,98587,99024,81257,100
,,,,,
3.7893974,100537,98613,99140,81494,100
,,,,,
3.793871305,100636,98628,99257,81730,100
,,,,,
3.79834521,100741,98634,99367,81968,100
,,,,,
3.802819114,100849,98632,99470,82207,100
,,,,,
3.807293019,100954,98622,99565,82446,100
,,,,,
3.811766924,101052,98610,99649,82685,100
,,,,,
3.816240829,101138,98595,99719,82922,100
,,,,,
3.820714734,101204,98580,99772,83157,100
,,,,,
3.825188639,101245,98565,99800,83391,100
,,,,,
3.829662543,101258,98550,99798,83624,100
,,,,,
3.834136448,101241,98534,99767,83857,100
,,,,,
3.838610353,101196,98524,99713,84088,100
,,,,,
3.843084258,101131,98524,99646,84320,100
,,,,,
3.847558163,101052,98540,99583,84551,100
,,,,,
3.852032068,100962,98579,99533,84782,100
,,,,,
3.856505972,100869,98648,99509,85011,100
,,,,,
3.860979877,100775,98749,99516,85239,100
,,,,,
3.865453782,100681,98883,99557,85465,100
,,,,,
3.869927687,100587,99046,99625,85687,100
,,,,,
3.874401592,100491,99230,99714,85905,100
,,,,,
3.878875497,100393,99422,99810,86118,100
,,,,,
3.883349402,100290,99611,99899,86326,100
,,,,,
3.887823306,100184,99782,99967,86528,100
,,,,,
3.892297211,99761,100194,99962,87294,100
,,,,,
3.896771116,99677,100230,99911,87480,100
,,,,,
3.901245021,99605,100246,99856,87665,100
,,,,,
3.905718926,99551,100249,99803,87847,100
,,,,,
3.910192831,99514,100243,99758,88026,100
,,,,,
3.914666735,99496,100232,99727,88200,100
,,,,,
3.91914064,99496,100219,99712,88370,100
,,,,,
3.923614545,99509,100205,99708,88534,100
,,,,,
3.92808845,99532,100191,99715,88694,100
,,,,,
3.932562355,99559,100175,99726,88850,100
,,,,,
3.93703626,99588,100158,99737,89003,100
,,,,,
3.941510164,99615,100141,99749,89154,100
,,,,,
3.945984069,99642,100124,99759,89304,100
,,,,,
3.950457974,99665,100108,99769,89452,100
,,,,,
3.954931879,99687,100094,99780,89599,100
,,,,,
3.959405784,99706,100086,99793,89744,100
,,,,,
3.963879689,99723,100086,99813,89886,100
,,,,,
3.968353593,99737,100097,99840,90025,100
,,,,,
3.972827498,99749,100119,99874,90160,100
,,,,,
3.977301403,99765,100149,99917,90290,100
,,,,,
3.981775308,99788,100182,99969,90416,100
,,,,,
3.986249213,99824,100216,100035,90537,100
,,,,,
3.990723118,99878,100250,100119,90653,100
,,,,,
3.995197023,99951,100284,100225,90767,100
,,,,,
3.999670927,100036,100320,100344,90879,100
,,,,,
4.004144832,100123,100352,100466,90990,100
,,,,,
4.008618737,100199,100376,100567,91101,100
,,,,,
4.013092642,100250,100381,100626,91212,100
,,,,,
4.017566547,100271,100362,100628,91323,100
,,,,,
4.022040452,100258,100315,100569,91434,100
,,,,,
4.026514356,100214,100242,100454,91544,100
,,,,,
4.030988261,100147,100150,100296,91652,100
,,,,,
4.035462166,100066,100043,100112,91758,100
,,,,,
4.039936071,99983,99932,99920,91861,100
,,,,,
4.044409976,99910,99818,99736,91960,100
,,,,,
4.048883881,99854,99710,99573,92056,100
,,,,,
4.053357785,99819,99613,99442,92152,100
,,,,,
4.05783169,99801,99532,99343,92247,100
,,,,,
4.062305595,99797,99473,99279,92342,100
,,,,,
4.0667795,99800,99434,99242,92437,100
,,,,,
4.071253405,99804,99413,99226,92533,100
,,,,,
4.07572731,99810,99405,99224,92627,100
,,,,,
4.080201214,99815,99406,99230,92722,100
,,,,,
4.084675119,99821,99412,99243,92815,100
,,,,,
4.089149024,99826,99419,99255,92908,100
,,,,,
4.093622929,99827,99424,99260,92999,100
,,,,,
4.098096834,99819,99422,99248,93088,100
,,,,,
4.102570739,99798,99408,99211,93175,100
,,,,,
4.107044644,99774,99383,99161,93260,100
,,,,,
4.111518548,99783,99361,99147,93345,100
,,,,,
4.115992453,99884,99375,99258,93430,100
,,,,,
4.120466358,100143,99488,99627,93513,100
,,,,,
4.124940263,100587,99794,100376,93596,100
,,,,,
4.129414168,101167,100431,101590,93677,100
,,,,,
4.133888073,101755,101488,103236,93755,100
,,,,,
4.138361977,102156,102938,105089,93830,100
,,,,,
4.142835882,102215,104595,106808,93904,100
,,,,,
4.147309787,101880,106044,107923,93978,100
,,,,,
4.151783692,101209,106857,108066,94052,100
,,,,,
4.156257597,100391,106756,107151,94127,100
,,,,,
4.160731502,99634,105702,105338,94204,100
,,,,,
4.165205406,99081,104022,103104,94280,100
,,,,,
4.169679311,98812,102160,100971,94356,100
,,,,,
4.174153216,98787,100503,99286,94430,100
,,,,,
4.178627121,98919,99303,98218,94501,100
,,,,,
4.183101026,99122,98555,97672,94570,100
,,,,,
4.187574931,99317,98152,97464,94636,100
,,,,,
4.192048836,99475,97965,97437,94700,100
,,,,,
4.19652274,99594,97887,97479,94762,100
,,,,,
4.200996645,99685,97870,97554,94822,100
,,,,,
4.20547055,99761,97893,97654,94883,100
,,,,,
4.209944455,99832,97941,97774,94942,100
,,,,,
4.21441836,99899,98006,97905,95002,100
,,,,,
4.218892265,99962,98080,98042,95061,100
,,,,,
4.223366169,100021,98157,98179,95120,100
,,,,,
4.227840074,100076,98233,98311,95178,100
,,,,,
4.232313979,100132,98303,98438,95235,100
,,,,,
4.236787884,100190,98364,98559,95291,100
,,,,,
4.241261789,100254,98414,98675,95347,100
,,,,,
4.245735694,100327,98456,98790,95402,100
,,,,,
4.250209598,100408,98489,98907,95458,100
,,,,,
4.254683503,100498,98521,99026,95512,100
,,,,,
4.259157408,100593,98550,99150,95567,100
,,,,,
4.263631313,100693,98574,99274,95623,100
,,,,,
4.268105218,100799,98593,99398,95679,100
,,,,,
4.272579123,100909,98601,99517,95737,100
,,,,,
4.277053027,101021,98597,99626,95797,100
,,,,,
4.281526932,101129,98585,99721,95859,100
,,,,,
4.286000837,101227,98566,99798,95924,100
,,,,,
4.290474742,101302,98547,99852,95990,100
,,,,,
4.294948647,101349,98531,99880,96059,100
,,,,,
4.299422552,101363,98522,99883,96129,100
,,,,,
4.303896457,101347,98517,99861,96198,100
,,,,,
4.308370361,101305,98517,99819,96268,100
,,,,,
4.312844266,101242,98522,99763,96338,100
,,,,,
4.317318171,101163,98536,99699,96410,100
,,,,,
4.321792076,101072,98566,99638,96485,100
,,,,,
4.326265981,100971,98621,99592,96562,100
,,,,,
4.330739886,100863,98709,99570,96640,100
,,,,,
4.33521379,100752,98830,99578,96718,100
,,,,,
4.339687695,100638,98980,99612,96793,100
,,,,,
4.3441616,100521,99150,99664,96864,100
,,,,,
4.348635505,100402,99326,99721,96931,100
,,,,,
4.35310941,100280,99496,99768,96994,100
,,,,,
4.357583315,100154,99649,99797,97054,100
,,,,,
4.362057219,100028,99780,99803,97111,100
,,,,,
4.366531124,99905,99885,99787,97167,100
,,,,,
4.371005029,99789,99964,99751,97223,100
,,,,,
4.375478934,99683,100020,99704,97279,100
,,,,,
4.379952839,99594,100057,99652,97334,100
,,,,,
4.384426744,99523,100080,99604,97388,100
,,,,,
4.388900648,99471,100094,99566,97440,100
,,,,,
4.393374553,99437,100102,99539,97489,100
,,,,,
4.397848458,99422,100104,99524,97534,100
,,,,,
4.402322363,99421,100103,99521,97575,100
,,,,,
4.406796268,99430,100099,99525,97613,100
,,,,,
4.411270173,99448,100093,99536,97648,100
,,,,,
4.415744078,99469,100085,99551,97682,100
,,,,,
4.420217982,99492,100076,99567,97716,100
,,,,,
4.424691887,99516,100068,99582,97749,100
,,,,,
4.429165792,99538,100060,99596,97781,100
,,,,,
4.433639697,99561,100052,99611,97810,100
,,,,,
4.438113602,99585,100043,99626,97834,100
,,,,,
4.442587507,99610,100033,99641,97856,100
,,,,,
4.447061411,99634,100023,99657,97875,100
,,,,,
4.451535316,99657,100016,99676,97893,100
,,,,,
4.456009221,99678,100019,99699,97911,100
,,,,,
4.460483126,99694,100031,99728,97929,100
,,,,,
4.464957031,99709,100052,99764,97946,100
,,,,,
4.469430936,99725,100082,99807,97963,100
,,,,,
4.47390484,99750,100115,99864,97980,100
,,,,,
4.478378745,99790,100152,99941,97996,100
,,,,,
4.48285265,99852,100193,100045,98012,100
,,,,,
4.487326555,99932,100239,100173,98028,100
,,,,,
4.49180046,100023,100286,100314,98045,100
,,,,,
4.496274365,100110,100330,100446,98062,100
,,,,,
4.500748269,100177,100360,100544,98078,100
,,,,,
4.505222174,100215,100370,100590,98093,100
,,,,,
4.509696079,100220,100349,100571,98106,100
,,,,,
4.514169984,100195,100298,100490,98118,100
,,,,,
4.518643889,100145,100220,100360,98128,100
,,,,,
4.523117794,100077,100126,100195,98137,100
,,,,,
4.527591699,99998,100024,100014,98147,100
,,,,,
4.532065603,99920,99921,99833,98157,100
,,,,,
4.536539508,99852,99822,99667,98168,100
,,,,,
4.541013413,99801,99731,99526,98180,100
,,,,,
4.545487318,99770,99653,99419,98193,100
,,,,,
4.549961223,99758,99590,99344,98205,100
,,,,,
4.554435128,99760,99545,99301,98218,100
,,,,,
4.558909032,99769,99514,99280,98232,100
,,,,,
4.563382937,99781,99494,99273,98246,100
,,,,,
4.567856842,99792,99483,99273,98260,100
,,,,,
4.572330747,99802,99477,99278,98274,100
,,,,,
4.576804652,99808,99476,99284,98287,100
,,,,,
4.581278557,99809,99475,99286,98302,100
,,,,,
4.585752461,99803,99470,99278,98317,100
,,,,,
4.590226366,99790,99459,99256,98335,100
,,,,,
4.594700271,99782,99448,99237,98357,100
,,,,,
4.599174176,99806,99459,99270,98380,100
,,,,,
4.603648081,99906,99536,99444,98404,100
,,,,,
4.608121986,100133,99737,99868,98426,100
,,,,,
4.612595891,100503,100142,100641,98445,100
,,,,,
4.617069795,100978,100845,101818,98460,100
,,,,,
4.6215437,101463,101897,103358,98473,100
,,,,,
4.626017605,101807,103280,105088,98486,100
,,,,,
4.63049151,101882,104822,106705,98500,100
,,,,,
4.634965415,101631,106188,107822,98516,100
,,,,,
4.63943932,101077,106994,108073,98533,100
,,,,,
4.643913224,100356,106938,107295,98551,100
,,,,,
4.648387129,99642,105968,105608,98568,100
,,,,,
4.652861034,99072,104319,103387,98583,100
,,,,,
4.657334939,98745,102415,101154,98596,100
,,,,,
4.661808844,98664,100677,99333,98608,100
,,,,,
4.666282749,98761,99367,98119,98618,100
,,,,,
4.670756653,98961,98544,97498,98628,100
,,,,,
4.675230558,99177,98106,97280,98636,100
,,,,,
4.679704463,99361,97909,97271,98646,100
,,,,,
4.684178368,99504,97839,97346,98655,100
,,,,,
4.688652273,99609,97824,97439,98665,100
,,,,,
4.693126178,99694,97844,97542,98677,100
,,,,,
4.697600082,99768,97885,97657,98688,100
,,,,,
4.702073987,99837,97942,97781,98699,100
,,,,,
4.706547892,99902,98010,97912,98708,100
,,,,,
4.711021797,99962,98082,98046,98715,100
,,,,,
4.715495702,100020,98155,98180,98719,100
,,,,,
4.719969607,100079,98226,98311,98722,100
,,,,,
4.724443512,100138,98291,98437,98725,100
,,,,,
4.728917416,100197,98350,98557,98729,100
,,,,,
4.733391321,100259,98403,98671,98734,100
,,,,,
4.737865226,100323,98449,98781,98739,100
,,,,,
4.742339131,100393,98488,98890,98746,100
,,,,,
4.746813036,100472,98521,98998,98752,100
,,,,,
4.751286941,100562,98545,99110,98758,100
,,,,,
4.755760845,100659,98563,99222,98765,100
,,,,,
4.76023475,100761,98573,99333,98773,100
,,,,,
4.764708655,100862,98576,99435,98783,100
,,,,,
4.76918256,100954,98573,99525,98797,100
,,,,,
4.773656465,101031,98567,99598,98816,100
,,,,,
4.77813037,101090,98560,99651,98840,100
,,,,,
4.782604274,101126,98556,99684,98870,100
,,,,,
4.787078179,101139,98557,99700,98903,100
,,,,,
4.791552084,101129,98566,99699,98940,100
,,,,,
4.796025989,101097,98581,99683,98978,100
,,,,,
4.800499894,101045,98603,99653,99017,100
,,,,,
4.804973799,100977,98634,99615,99056,100
,,,,,
4.809447703,100897,98678,99579,99094,100
,,,,,
4.813921608,100811,98740,99555,99134,100
,,,,,
4.818395513,100724,98831,99557,99174,100
,,,,,
4.822869418,100636,98954,99590,99214,100
,,,,,
4.827343323,100547,99110,99656,99254,100
,,,,,
4.831817228,100455,99291,99743,99292,100
,,,,,
4.836291133,100357,99482,99836,99328,100
,,,,,
4.840765037,100252,99668,99918,99360,100
,,,,,
4.845238942,100141,99839,99976,99390,100
,,,,,
4.849712847,100024,99983,100005,99417,100
,,,,,
4.854186752,99907,100100,100003,99441,100
,,,,,
4.858660657,99791,100189,99977,99464,100
,,,,,
4.863134562,99682,100253,99931,99486,100
,,,,,
4.867608466,99440,100334,99767,99539,100
,,,,,
4.872082371,99397,100338,99727,99552,100
,,,,,
4.876556276,99375,100333,99701,99564,100
,,,,,
4.881030181,99369,100326,99688,99575,100
,,,,,
4.885504086,99376,100316,99688,99586,100
,,,,,
4.889977991,99391,100303,99695,99597,100
,,,,,
4.894451895,99414,100289,99705,99609,100
,,,,,
4.8989258,99440,100271,99715,99619,100
,,,,,
4.903399705,99469,100249,99723,99627,100
,,,,,
4.90787361,99499,100228,99731,99632,100
,,,,,
4.912347515,99529,100209,99739,99633,100
,,,,,
4.91682142,99554,100191,99746,99631,100
,,,,,
4.921295324,99576,100179,99753,99627,100
,,,,,
4.925769229,99595,100171,99764,99623,100
,,,,,
4.930243134,99609,100171,99778,99618,100
,,,,,
4.934717039,99620,100178,99798,99612,100
,,,,,
4.939190944,99628,100195,99823,99605,100
,,,,,
4.943664849,99635,100220,99855,99599,100
,,,,,
4.948138754,99645,100252,99898,99592,100
,,,,,
4.952612658,99666,100290,99956,99587,100
,,,,,
4.957086563,99703,100334,100036,99581,100
,,,,,
4.961560468,99758,100384,100141,99574,100
,,,,,
4.966034373,99830,100436,100268,99567,100
,,,,,
4.970508278,99910,100489,100402,99559,100
,,,,,
4.974982183,99987,100534,100525,99550,100
,,,,,
4.979456087,100046,100565,100619,99541,100
,,,,,
4.983929992,100083,100573,100665,99533,100
,,,,,
4.988403897,100091,100552,100651,99526,100
,,,,,
4.992877802,100069,100498,100576,99519,100
,,,,,
4.997351707,100023,100414,100445,99513,100
,,,,,
5.001825612,99958,100305,100270,99506,100
,,,,,
5.006299516,99884,100179,100069,99500,100
,,,,,
5.010773421,99811,100051,99865,99494,100
,,,,,
5.015247326,99747,99929,99677,99489,100
,,,,,
5.019721231,99699,99826,99522,99484,100
,,,,,
5.024195136,99668,99747,99409,99479,100
,,,,,
5.028669041,99651,99694,99338,99475,100
,,,,,
5.033142946,99647,99665,99304,99472,100
,,,,,
5.03761685,99649,99653,99294,99469,100
,,,,,
5.042090755,99656,99650,99298,99467,100
,,,,,
5.04656466,99664,99652,99309,99466,100
,,,,,
5.051038565,99673,99653,99323,99466,100
,,,,,
5.05551247,99681,99654,99336,99468,100
,,,,,
5.059986375,99686,99652,99342,99471,100
,,,,,
5.064460279,99685,99640,99331,99475,100
,,,,,
5.068934184,99679,99620,99306,99479,100
,,,,,
5.073408089,99673,99593,99274,99484,100
,,,,,
5.077881994,99696,99586,99292,99488,100
,,,,,
5.082355899,99784,99647,99442,99492,100
,,,,,
5.086829804,99984,99852,99846,99495,100
,,,,,
5.091303708,100324,100288,100622,99496,100
,,,,,
5.095777613,100762,101067,101838,99496,100
,,,,,
5.100251518,101225,102229,103461,99496,100
,,,,,
5.104725423,101572,103717,105297,99495,100
,,,,,
5.109199328,101669,105353,107029,99493,100
,,,,,
5.113673233,101468,106758,108232,99494,100
,,,,,
5.118147137,100976,107555,108537,99496,100
,,,,,
5.122621042,100314,107473,107792,99499,100
,,,,,
5.127094947,99646,106436,106083,99504,100
,,,,,
5.131568852,99094,104725,103818,99508,100
,,,,,
5.136042757,98758,102743,101500,99512,100
,,,,,
5.140516662,98646,100911,99555,99514,100
,,,,,
5.144990567,98710,99528,98238,99514,100
,,,,,
5.149464471,98882,98646,97529,99513,100
,,,,,
5.153938376,99084,98187,97275,99511,100
,,,,,
5.158412281,99269,98002,97275,99509,100
,,,,,
5.162886186,99415,97957,97376,99509,100
,,,,,
5.167360091,99523,97976,97502,99510,100
,,,,,
5.171833996,99603,98023,97627,99512,100
,,,,,
5.1763079,99668,98087,97752,99513,100
,,,,,
5.180781805,99726,98161,97882,99514,100
,,,,,
5.18525571,99781,98242,98017,99512,100
,,,,,
5.189729615,99833,98328,98155,99509,100
,,,,,
5.19420352,99886,98415,98296,99504,100
,,,,,
5.198677425,99941,98497,98436,99500,100
,,,,,
5.203151329,99998,98573,98573,99497,100
,,,,,
5.207625234,100056,98641,98702,99494,100
,,,,,
5.212099139,100118,98700,98823,99491,100
,,,,,
5.216573044,100180,98753,98939,99489,100
,,,,,
5.221046949,100247,98800,99052,99486,100
,,,,,
5.225520854,100322,98842,99168,99485,100
,,,,,
5.229994758,100407,98878,99287,99483,100
,,,,,
5.234468663,100503,98906,99408,99482,100
,,,,,
5.238942568,100610,98924,99531,99483,100
,,,,,
5.243416473,100718,98931,99647,99486,100
,,,,,
5.247890378,100821,98929,99750,99493,100
,,,,,
5.252364283,100908,98925,99835,99506,100
,,,,,
5.256838188,100975,98920,99898,99526,100
,,,,,
5.261312092,101015,98916,99935,99552,100
,,,,,
5.265785997,101029,98916,99948,99584,100
,,,,,
5.270259902,101016,98916,99936,99620,100
,,,,,
5.274733807,100979,98918,99901,99658,100
,,,,,
5.279207712,100922,98924,99851,99696,100
,,,,,
5.283681617,100853,98940,99795,99733,100
,,,,,
5.288155521,100776,98970,99748,99771,100
,,,,,
5.292629426,100698,99025,99722,99809,100
,,,,,
5.297103331,100623,99105,99727,99849,100
,,,,,
5.301577236,100552,99217,99768,99888,100
,,,,,
5.306051141,100482,99360,99841,99925,100
,,,,,
5.310525046,100409,99528,99938,99960,100
,,,,,
5.31499895,100326,99714,100043,99990,100
,,,,,
5.319472855,100233,99904,100139,100017,100
,,,,,
5.32394676,100130,100081,100213,100039,100
,,,,,
5.328420665,100020,100237,100257,100058,100
,,,,,
5.33289457,99907,100364,100267,100075,100
,,,,,
5.337368475,99798,100460,100251,100091,100
,,,,,
5.341842379,99696,100530,100215,100106,100
,,,,,
5.346316284,99604,100577,100170,100121,100
,,,,,
5.350790189,99526,100608,100122,100135,100
,,,,,
5.355264094,99463,100625,100078,100147,100
,,,,,
5.359737999,99415,100631,100039,100158,100
,,,,,
5.364211904,99382,100628,100005,100168,100
,,,,,
5.368685809,99362,100618,99977,100176,100
,,,,,
5.373159713,99354,100603,99956,100181,100
,,,,,
5.377633618,99357,100584,99943,100183,100
,,,,,
5.382107523,99369,100564,99939,100182,100
,,,,,
5.386581428,99390,100544,99940,100179,100
,,,,,
5.391055333,99415,100524,99946,100173,100
,,,,,
5.395529238,99441,100504,99954,100166,100
,,,,,
5.400003142,99468,100485,99962,100159,100
,,,,,
5.404477047,99493,100469,99971,100152,100
,,,,,
5.408950952,99517,100459,99982,100145,100
,,,,,
5.413424857,99539,100455,99998,100139,100
,,,,,
5.417898762,99559,100459,100021,100131,100
,,,,,
5.422372667,99578,100469,100047,100123,100
,,,,,
5.426846571,99593,100483,100076,100112,100
,,,,,
5.431320476,99610,100497,100108,100099,100
,,,,,
5.435794381,99632,100511,100144,100084,100
,,,,,
5.440268286,99661,100527,100192,100067,100
,,,,,
5.444742191,99706,100550,100260,100048,100
,,,,,
5.449216096,99767,100582,100352,100029,100
,,,,,
5.453690001,99841,100626,100469,100011,100
,,,,,
5.458163905,99918,100680,100599,99994,100
,,,,,
5.46263781,99990,100732,100722,99979,100
,,,,,
5.467111715,100046,100770,100817,99967,100
,,,,,
5.47158562,100077,100783,100865,99957,100
,,,,,
5.476059525,100083,100764,100852,99947,100
,,,,,
5.48053343,100064,100710,100781,99938,100
,,,,,
5.485007334,100021,100628,100656,99926,100
,,,,,
5.489481239,99964,100523,100491,99914,100
,,,,,
5.493955144,99896,100407,100306,99901,100
,,,,,
5.498429049,99828,100286,100114,99888,100
,,,,,
5.502902954,99768,100169,99933,99878,100
,,,,,
5.507376859,99720,100062,99777,99870,100
,,,,,
5.511850763,99687,99970,99651,99865,100
,,,,,
5.516324668,99669,99899,99562,99861,100
,,,,,
5.520798573,99661,99849,99505,99860,100
,,,,,
5.525272478,99660,99817,99473,99859,100
,,,,,
5.529746383,99662,99799,99457,99859,100
,,,,,
5.534220288,99664,99791,99452,99860,100
,,,,,
5.538694192,99666,99790,99452,99862,100
,,,,,
5.543168097,99668,99795,99455,99862,100
,,,,,
5.547642002,99669,99803,99461,99861,100
,,,,,
5.552115907,99667,99808,99463,99857,100
,,,,,
5.556589812,99663,99808,99459,99852,100
,,,,,
5.561063717,99664,99806,99461,99848,100
,,,,,
5.565537622,99692,99821,99507,99844,100
,,,,,
5.570011526,99784,99898,99681,99844,100
,,,,,
5.574485431,99984,100104,100089,99847,100
,,,,,
5.578959336,100316,100524,100844,99853,100
,,,,,
5.583433241,100753,101259,102017,99860,100
,,,,,
5.587907146,101211,102342,103562,99866,100
,,,,,
5.592381051,101560,103726,105297,99872,100
,,,,,
5.596854955,101666,105234,106910,99875,100
,,,,,
5.60132886,101463,106513,107988,99877,100
,,,,,
5.605802765,100967,107223,108199,99876,100
,,,,,
5.61027667,100292,107106,107404,99874,100
,,,,,
5.614750575,99600,106118,105721,99872,100
,,,,,
5.61922448,99034,104515,103551,99870,100
,,,,,
5.623698384,98692,102681,101373,99867,100
,,,,,
5.628172289,98587,101004,99591,99864,100
,,,,,
5.632646194,98668,99747,98414,99861,100
,,,,,
5.637120099,98859,98952,97809,99858,100
,,,,,
5.641594004,99078,98536,97611,99852,100
,,,,,
5.646067909,99272,98363,97632,99846,100
,,,,,
5.650541813,99419,98312,97729,99837,100
,,,,,
5.655015718,99523,98319,97842,99827,100
,,,,,
5.659489623,99600,98353,97955,99817,100
,,,,,
5.663963528,99665,98403,98073,99807,100
,,,,,
5.668437433,99730,98464,98197,99799,100
,,,,,
5.672911338,99795,98530,98327,99793,100
,,,,,
5.677385243,99859,98600,98458,99789,100
,,,,,
5.681859147,99919,98668,98585,99787,100
,,,,,
5.686333052,99975,98734,98705,99785,100
,,,,,
5.690806957,100025,98795,98816,99783,100
,,,,,
5.695280862,100074,98849,98921,99780,100
,,,,,
5.699754767,100126,98898,99022,99777,100
,,,,,
5.704228672,100183,98942,99125,99774,100
,,,,,
5.708702576,100249,98980,99230,99770,100
,,,,,
5.713176481,100321,99014,99339,99766,100
,,,,,
5.717650386,100402,99041,99448,99762,100
,,,,,
5.722124291,100490,99057,99554,99757,100
,,,,,
5.726598196,100583,99064,99656,99755,100
,,,,,
5.731072101,100681,99060,99751,99754,100
,,,,,
5.735546005,100777,99051,99837,99758,100
,,,,,
5.74001991,100869,99036,99911,99769,100
,,,,,
5.744493815,100949,99022,99973,99786,100
,,,,,
5.74896772,101008,99009,100016,99810,100
,,,,,
5.753441625,101042,98998,100036,99838,100
,,,,,
5.75791553,101049,98989,100031,99869,100
,,,,,
5.762389434,101026,98980,99999,99901,100
,,,,,
5.766863339,100978,98974,99945,99931,100
,,,,,
5.771337244,100911,98973,99878,99962,100
,,,,,
5.775811149,100830,98986,99812,99992,100
,,,,,
5.780285054,100743,99021,99762,100024,100
,,,,,
5.784758959,100655,99083,99737,100057,100
,,,,,
5.789232864,100569,99177,99745,100090,100
,,,,,
5.793706768,100487,99303,99786,100122,100
,,,,,
5.798180673,100404,99457,99856,100152,100
,,,,,
5.802654578,100321,99629,99943,100180,100
,,,,,
5.807128483,100231,99810,100033,100203,100
,,,,,
5.811602388,100132,99982,100108,100224,100
,,,,,
5.816076293,100026,100135,100156,100242,100
,,,,,
5.820550197,99914,100258,100171,100259,100
,,,,,
5.825024102,99802,100351,100154,100274,100
,,,,,
5.829498007,99697,100415,100113,100290,100
,,,,,
5.833971912,99604,100457,100062,100305,100
,,,,,
5.838445817,99529,100482,100012,100320,100
,,,,,
5.842919722,99409,100496,99910,100354,100
,,,,,
5.847393626,99399,100487,99893,100361,100
,,,,,
5.851867531,99400,100475,99886,100366,100
,,,,,
5.856341436,99413,100462,99888,100369,100
,,,,,
5.860815341,99435,100448,99898,100370,100
,,,,,
5.865289246,99465,100435,99915,100369,100
,,,,,
5.869763151,99500,100419,99931,100367,100
,,,,,
5.874237056,99536,100399,99944,100365,100
,,,,,
5.87871096,99573,100377,99953,100362,100
,,,,,
5.883184865,99608,100353,99960,100359,100
,,,,,
5.88765877,99641,100330,99967,100354,100
,,,,,
5.892132675,99673,100312,99978,100349,100
,,,,,
5.89660658,99702,100302,99998,100341,100
,,,,,
5.901080485,99728,100305,100028,100332,100
,,,,,
5.905554389,99751,100321,100070,100321,100
,,,,,
5.910028294,99771,100350,100122,100309,100
,,,,,
5.914502199,99790,100389,100181,100296,100
,,,,,
5.918976104,99815,100433,100250,100281,100
,,,,,
5.923450009,99851,100477,100331,100267,100
,,,,,
5.927923914,99901,100519,100424,100251,100
,,,,,
5.932397818,99965,100559,100530,100234,100
,,,,,
5.936871723,100035,100599,100640,100218,100
,,,,,
5.941345628,100100,100637,100742,100203,100
,,,,,
5.945819533,100147,100668,100819,100187,100
,,,,,
5.950293438,100171,100683,100857,100171,100
,,,,,
5.954767343,100166,100673,100841,100154,100
,,,,,
5.959241247,100134,100632,100766,100137,100
,,,,,
5.963715152,100080,100562,100641,100119,100
,,,,,
5.968189057,100009,100471,100477,100101,100
,,,,,
5.972662962,99931,100369,100295,100086,100
,,,,,
5.977136867,99855,100266,100118,100072,100
,,,,,
5.981610772,99790,100169,99956,100061,100
,,,,,
5.986084677,99743,100082,99823,100053,100
,,,,,
5.990558581,99715,100006,99722,100046,100
,,,,,
5.995032486,99704,99944,99648,100040,100
,,,,,
5.999506391,99704,99898,99601,100034,100
,,,,,
6.003980296,99709,99866,99573,100028,100
,,,,,
6.008454201,99715,99850,99560,100022,100
,,,,,
6.012928106,99718,99845,99558,100017,100
,,,,,
6.01740201,99719,99849,99562,100013,100
,,,,,
6.021875915,99715,99857,99568,100011,100
,,,,,
6.02634982,99707,99864,99567,100011,100
,,,,,
6.030823725,99693,99866,99555,100012,100
,,,,,
6.03529763,99676,99858,99532,100014,100
,,,,,
6.039771535,99667,99846,99510,100016,100
,,,,,
6.044245439,99694,99854,99547,100018,100
,,,,,
6.048719344,99796,99917,99712,100019,100
,,,,,
6.053193249,100022,100101,100123,100019,100
,,,,,
6.057667154,100394,100475,100869,100018,100
,,,,,
6.062141059,100871,101129,102001,100016,100
,,,,,
6.066614964,101372,102137,103510,100014,100
,,,,,
6.071088868,101749,103485,105233,100011,100
,,,,,
6.075562773,101866,105049,106913,100009,100
,,,,,
6.080036678,101661,106534,108193,100007,100
,,,,,
6.084510583,101145,107538,108681,100007,100
,,,,,
6.088984488,100435,107735,108170,100007,100
,,,,,
6.093458393,99703,106984,106689,100008,100
,,,,,
6.097932298,99097,105437,104536,100009,100
,,,,,
6.102406202,98718,103501,102221,100010,100
,,,,,
6.106880107,98586,101615,100200,100009,100
,,,,,
6.111354012,98644,100110,98750,100007,100
,,,,,
6.115827917,98812,99117,97925,100001,100
,,,,,
6.120301822,99014,98564,97574,99993,100
,,,,,
6.124775727,99193,98310,97499,99984,100
,,,,,
6.129249631,99331,98221,97549,99973,100
,,,,,
6.133723536,99434,98205,97636,99964,100
,,,,,
6.138197441,99511,98228,97736,99956,100
,,,,,
6.142671346,99576,98277,97848,99949,100
,,,,,
6.147145251,99635,98342,97971,99944,100
,,,,,
6.151619156,99692,98415,98100,99940,100
,,,,,
6.15609306,99748,98492,98233,99935,100
,,,,,
6.160566965,99805,98565,98364,99929,100
,,,,,
6.16504087,99862,98632,98489,99923,100
,,,,,
6.169514775,99917,98694,98608,99916,100
,,,,,
6.17398868,99974,98750,98724,99910,100
,,,,,
6.178462585,100032,98807,98838,99905,100
,,,,,
6.18293649,100092,98860,98954,99900,100
,,,,,
6.187410394,100158,98911,99072,99897,100
,,,,,
6.191884299,100231,98958,99191,99894,100
,,,,,
6.196358204,100309,98998,99310,99892,100
,,,,,
6.200832109,100394,99031,99426,99891,100
,,,,,
6.205306014,100485,99053,99536,99892,100
,,,,,
6.209779919,100577,99065,99637,99895,100
,,,,,
6.214253823,100669,99065,99727,99902,100
,,,,,
6.218727728,100753,99055,99799,99912,100
,,,,,
6.223201633,100823,99038,99853,99925,100
,,,,,
6.227675538,100875,99018,99887,99940,100
,,,,,
6.232149443,100900,99002,99899,99957,100
,,,,,
6.236623348,100897,98991,99888,99976,100
,,,,,
6.241097252,100867,98987,99857,99997,100
,,,,,
6.245571157,100812,98991,99808,100020,100
,,,,,
6.250045062,100737,99005,99749,100045,100
,,,,,
6.254518967,100648,99035,99690,100073,100
,,,,,
6.258992872,100551,99088,99646,100101,100
,,,,,
6.263466777,100451,99173,99628,100131,100
,,,,,
6.267940681,100351,99291,99645,100160,100
,,,,,
6.272414586,100254,99443,99696,100189,100
,,,,,
6.276888491,100156,99618,99773,100216,100
,,,,,
6.281362396,100056,99807,99860,100239,100
,,,,,
6.285836301,99950,99993,99941,100260,100
,,,,,
6.290310206,99835,100165,100000,100276,100
,,,,,
6.294784111,99712,100316,100029,100289,100
,,,,,
6.299258015,99585,100442,100028,100301,100
,,,,,
6.30373192,99458,100542,100003,100312,100
,,,,,
6.308205825,99339,100620,99962,100325,100
,,,,,
6.31267973,99231,100677,99912,100340,100
,,,,,
6.317153635,99137,100719,99862,100356,100
,,,,,
6.32162754,99060,100750,99817,100372,100
,,,,,
6.326101444,98999,100773,99780,100386,100
,,,,,
6.330575349,98953,100791,99753,100396,100
,,,,,
6.335049254,98921,100804,99733,100402,100
,,,,,
6.339523159,98900,100812,99720,100403,100
,,,,,
6.343997064,98889,100815,99711,100401,100
,,,,,
6.348470969,98888,100813,99706,100397,100
,,,,,
6.352944873,98895,100807,99704,100392,100
,,,,,
6.357418778,98911,100793,99702,100387,100
,,,,,
6.361892683,98936,100771,99702,100381,100
,,,,,
6.366366588,98967,100741,99700,100375,100
,,,,,
6.370840493,99002,100702,99696,100368,100
,,,,,
6.375314398,99039,100660,99692,100360,100
,,,,,
6.379788302,99075,100620,99689,100352,100
,,,,,
6.384262207,99109,100587,99695,100342,100
,,,,,
6.388736112,99140,100572,99711,100331,100
,,,,,
6.393210017,99166,100576,99741,100317,100
,,,,,
6.397683922,99189,100597,99785,100302,100
,,,,,
6.402157827,99208,100632,99838,100284,100
,,,,,
6.406631732,99230,100673,99901,100267,100
,,,,,
6.411105636,99260,100716,99974,100251,100
,,,,,
6.415579541,99304,100756,100057,100236,100
,,,,,
6.420053446,99362,100794,100155,100224,100
,,,,,
6.424527351,99431,100831,100263,100214,100
,,,,,
6.429001256,99505,100870,100377,100205,100
,,,,,
6.433475161,99571,100905,100480,100194,100
,,,,,
6.437949065,99620,100931,100556,100182,100
,,,,,
6.44242297,99650,100934,100588,100167,100
,,,,,
6.446896875,99657,100905,100564,100150,100
,,,,,
6.45137078,99643,100839,100483,100133,100
,,,,,
6.455844685,99610,100741,100349,100115,100
,,,,,
6.46031859,99559,100620,100175,100099,100
,,,,,
6.464792494,99496,100490,99980,100085,100
,,,,,
6.469266399,99426,100364,99784,100072,100
,,,,,
6.473740304,99362,100249,99605,100061,100
,,,,,
6.478214209,99312,100149,99455,100049,100
,,,,,
6.482688114,99284,100063,99341,100038,100
,,,,,
6.487162019,99275,99993,99264,100026,100
,,,,,
6.491635923,99279,99941,99215,100014,100
,,,,,
6.496109828,99289,99903,99190,100002,100
,,,,,
6.500583733,99300,99880,99180,99992,100
,,,,,
6.505057638,99312,99868,99182,99983,100
,,,,,
6.509531543,99325,99865,99194,99977,100
,,,,,
6.514005448,99341,99867,99213,99973,100
,,,,,
6.518479353,99361,99865,99231,99970,100
,,,,,
6.522953257,99380,99855,99239,99967,100
,,,,,
6.527427162,99399,99833,99230,99962,100
,,,,,
6.531901067,99421,99803,99218,99956,100
,,,,,
6.536374972,99468,99792,99249,99948,100
,,,,,
6.540848877,99579,99839,99403,99940,100
,,,,,
6.545322782,99794,100015,99795,99933,100
,,,,,
6.549796686,100141,100396,100525,99926,100
,,,,,
6.554270591,100589,101084,101663,99922,100
,,,,,
6.558744496,101058,102128,103179,99920,100
,,,,,
6.563218401,101412,103501,104908,99920,100
,,,,,
6.567692306,101516,105035,106547,99921,100
,,,,,
6.572166211,101303,106399,107701,99922,100
,,,,,
6.576640115,100780,107226,108007,99921,100
,,,,,
6.58111402,100057,107214,107273,99919,100
,,,,,
6.585587925,99304,106307,105613,99916,100
,,,,,
6.59006183,98666,104718,103386,99913,100
,,,,,
6.594535735,98252,102844,101096,99909,100
,,,,,
6.59900964,98092,101112,99202,99906,100
,,,,,
6.603483545,98136,99785,97918,99902,100
,,,,,
6.607957449,98310,98943,97251,99899,100
,,,,,
6.612431354,98532,98504,97034,99895,100
,,,,,
6.616905259,98736,98312,97048,99890,100
,,,,,
6.621379164,98898,98257,97159,99883,100
,,,,,
6.625853069,99017,98259,97281,99875,100
,,,,,
6.630326974,99107,98292,97404,99866,100
,,,,,
6.634800878,99182,98345,97531,99855,100
,,,,,
6.639274783,99251,98411,97667,99845,100
,,,,,
6.643748688,99321,98482,97809,99834,100
,,,,,
6.648222593,99392,98552,97950,99824,100
,,,,,
6.652696498,99463,98618,98089,99814,100
,,,,,
6.657170403,99535,98679,98224,99804,100
,,,,,
6.661644307,99605,98739,98355,99794,100
,,,,,
6.666118212,99679,98797,98486,99786,100
,,,,,
6.670592117,99753,98857,98620,99779,100
,,,,,
6.675066022,99831,98917,98758,99773,100
,,,,,
6.679539927,99914,98976,98899,99767,100
,,,,,
6.684013832,100000,99030,99038,99760,100
,,,,,
6.688487736,100092,99077,99174,99752,100
,,,,,
6.692961641,100188,99113,99306,99743,100
,,,,,
6.697435546,100289,99138,99430,99734,100
,,,,,
6.701909451,100392,99154,99549,99728,100
,,,,,
6.706383356,100495,99163,99660,99726,100
,,,,,
6.710857261,100587,99167,99757,99731,100
,,,,,
6.715331166,100665,99168,99837,99744,100
,,,,,
6.71980507,100719,99168,99891,99765,100
,,,,,
6.724278975,100746,99166,99916,99794,100
,,,,,
6.72875288,100746,99162,99911,99831,100
,,,,,
6.733226785,100719,99158,99879,99873,100
,,,,,
6.73770069,100668,99157,99827,99918,100
,,,,,
6.742174595,100603,99163,99769,99964,100
,,,,,
6.746648499,100530,99185,99718,100010,100
,,,,,
6.751122404,100455,99228,99686,100053,100
,,,,,
6.755596309,100384,99299,99686,100093,100
,,,,,
6.760070214,100317,99403,99722,100129,100
,,,,,
6.764544119,100251,99537,99791,100160,100
,,,,,
6.769018024,100184,99697,99883,100187,100
,,,,,
6.773491928,100111,99870,99983,100210,100
,,,,,
6.777965833,100030,100044,100077,100232,100
,,,,,
6.782439738,99943,100204,100150,100255,100
,,,,,
6.786913643,99849,100344,100195,100278,100
,,,,,
6.791387548,99751,100459,100211,100302,100
,,,,,
6.795861453,99651,100546,100197,100323,100
,,,,,
6.800335357,99553,100610,100163,100342,100
,,,,,
6.804809262,99461,100654,100115,100357,100
,,,,,
6.809283167,99382,100679,100063,100368,100
,,,,,
6.813757072,99321,100692,100015,100374,100
,,,,,
6.818230977,99248,100682,99934,100386,100
,,,,,
6.822704882,99253,100670,99926,100389,100
,,,,,
6.827178787,99268,100653,99923,100393,100
,,,,,
6.831652691,99290,100633,99923,100395,100
,,,,,
6.836126596,99320,100609,99926,100396,100
,,,,,
6.840600501,99356,100584,99936,100396,100
,,,,,
6.845074406,99399,100557,99952,100394,100
,,,,,
6.849548311,99447,100529,99974,100390,100
,,,,,
6.854022216,99499,100498,99996,100384,100
,,,,,
6.85849612,99552,100465,100018,100375,100
,,,,,
6.862970025,99606,100429,100036,100364,100
,,,,,
6.86744393,99657,100392,100051,100351,100
,,,,,
6.871917835,99705,100361,100068,100335,100
,,,,,
6.87639174,99746,100341,100088,100317,100
,,,,,
6.880865645,99781,100335,100117,100299,100
,,,,,
6.885339549,99811,100343,100157,100279,100
,,,,,
6.889813454,99840,100361,100203,100258,100
,,,,,
6.894287359,99876,100381,100261,100237,100
,,,,,
6.898761264,99923,100399,100329,100215,100
,,,,,
6.903235169,99991,100411,100409,100193,100
,,,,,
6.907709074,100078,100420,100503,100171,100
,,,,,
6.912182978,100179,100422,100604,100150,100
,,,,,
6.916656883,100284,100419,100704,100129,100
,,,,,
6.921130788,100380,100407,100785,100108,100
,,,,,
6.925604693,100454,100383,100834,100088,100
,,,,,
6.930078598,100498,100347,100840,100069,100
,,,,,
6.934552503,100506,100294,100797,100050,100
,,,,,
6.939026408,100479,100225,100704,100033,100
,,,,,
6.943500312,100422,100142,100564,100019,100
,,,,,
6.947974217,100341,100045,100388,100007,100
,,,,,
6.952448122,100248,99942,100192,99996,100
,,,,,
6.956922027,100158,99839,99997,99986,100
,,,,,
6.961395932,100082,99745,99824,99976,100
,,,,,
6.965869837,100031,99664,99689,99965,100
,,,,,
6.970343741,100003,99602,99599,99954,100
,,,,,
6.974817646,99996,99560,99549,99944,100
,,,,,
6.979291551,99998,99537,99530,99934,100
,,,,,
6.983765456,99998,99533,99530,99926,100
,,,,,
6.988239361,99992,99545,99540,99919,100
,,,,,
6.992713266,99977,99567,99552,99914,100
,,,,,
6.99718717,99957,99599,99568,99910,100
,,,,,
7.001661075,99936,99629,99579,99906,100
,,,,,
7.00613498,99914,99650,99579,99902,100
,,,,,
7.010608885,99890,99653,99558,99898,100
,,,,,
7.01508279,99863,99635,99511,99894,100
,,,,,
7.019556695,99840,99604,99456,99890,100
,,,,,
7.0240306,99849,99584,99442,99888,100
,,,,,
7.028504504,99936,99633,99574,99887,100
,,,,,
7.032978409,100152,99828,99983,99888,100
,,,,,
7.037452314,100515,100276,100791,99890,100
,,,,,
7.041926219,100980,101107,102085,99893,100
,,,,,
7.046400124,101436,102364,103797,99895,100
,,,,,
7.050874029,101723,103982,105703,99897,100
,,,,,
7.055347933,101711,105723,107435,99899,100
,,,,,
7.059821838,101375,107150,108527,99901,100
,,,,,
7.064295743,100773,107859,108635,99903,100
,,,,,
7.068769648,100072,107590,107667,99906,100
,,,,,
7.073243553,99451,106352,105807,99908,100
,,,,,
7.077717458,99020,104510,103531,99910,100
,,,,,
7.082191362,98837,102520,101354,99913,100
,,,,,
7.086665267,98856,100787,99635,99915,100
,,,,,
7.091139172,98993,99556,98536,99916,100
,,,,,
7.095613077,99179,98806,97973,99917,100
,,,,,
7.100086982,99349,98422,97759,99914,100
,,,,,
7.104560887,99484,98258,97733,99909,100
,,,,,
7.109034791,99588,98199,97781,99901,100
,,,,,
7.113508696,99665,98199,97862,99890,100
,,,,,
7.117982601,99732,98234,97966,99879,100
,,,,,
7.122456506,99793,98295,98088,99868,100
,,,,,
7.126930411,99847,98371,98218,99858,100
,,,,,
7.131404316,99897,98452,98351,99850,100
,,,,,
7.135878221,99946,98536,98483,99844,100
,,,,,
7.140352125,99996,98617,98614,99840,100
,,,,,
7.14482603,100052,98692,98744,99835,100
,,,,,
7.149299935,100113,98760,98873,99830,100
,,,,,
7.15377384,100179,98819,99001,99825,100
,,,,,
7.158247745,100248,98874,99126,99818,100
,,,,,
7.16272165,100318,98927,99250,99811,100
,,,,,
7.167195554,100389,98979,99374,99804,100
,,,,,
7.171669459,100465,99027,99498,99798,100
,,,,,
7.176143364,100546,99071,99620,99794,100
,,,,,
7.180617269,100635,99103,99738,99793,100
,,,,,
7.185091174,100729,99121,99846,99794,100
,,,,,
7.189565079,100825,99124,99941,99800,100
,,,,,
7.194038983,100915,99113,100018,99811,100
,,,,,
7.198512888,100993,99093,100076,99827,100
,,,,,
7.202986793,101055,99068,100111,99849,100
,,,,,
7.207460698,101096,99041,100127,99876,100
,,,,,
7.211934603,101114,99019,100121,99908,100
,,,,,
7.216408508,101107,98999,100096,99943,100
,,,,,
7.220882412,101074,98984,100049,99982,100
,,,,,
7.225356317,101019,98974,99988,100022,100
,,,,,
7.229830222,100946,98973,99919,100061,100
,,,,,
7.234304127,100861,98989,99852,100099,100
,,,,,
7.238778032,100771,99029,99804,100133,100
,,,,,
7.243251937,100677,99102,99782,100167,100
,,,,,
7.247725842,100581,99211,99794,100198,100
,,,,,
7.252199746,100482,99353,99836,100229,100
,,,,,
7.256673651,100380,99518,99899,100259,100
,,,,,
7.261147556,100277,99690,99969,100288,100
,,,,,
7.265621461,100175,99853,100031,100316,100
,,,,,
7.270095366,100075,99995,100074,100340,100
,,,,,
7.274569271,99978,100111,100092,100361,100
,,,,,
7.279043175,99884,100200,100086,100379,100
,,,,,
7.28351708,99792,100267,100061,100394,100
,,,,,
7.287990985,99705,100314,100022,100406,100
,,,,,
7.29246489,99629,100346,99979,100418,100
,,,,,
7.296938795,99567,100368,99938,100427,100
,,,,,
7.3014127,99523,100379,99906,100437,100
,,,,,
7.305886604,99497,100383,99884,100447,100
,,,,,
7.310360509,99487,100383,99872,100459,100
,,,,,
7.314834414,99489,100378,99869,100470,100
,,,,,
7.319308319,99498,100371,99870,100480,100
,,,,,
7.323782224,99511,100362,99874,100488,100
,,,,,
7.328256129,99528,100350,99879,100492,100
,,,,,
7.332730033,99547,100339,99886,100492,100
,,,,,
7.337203938,99569,100324,99894,100489,100
,,,,,
7.341677843,99592,100306,99899,100483,100
,,,,,
7.346151748,99616,100287,99902,100474,100
,,,,,
7.350625653,99641,100265,99904,100463,100
,,,,,
7.355099558,99666,100245,99907,100450,100
,,,,,
7.359573463,99690,100234,99922,100436,100
,,,,,
7.364047367,99712,100240,99952,100421,100
,,,,,
7.368521272,99732,100269,100003,100404,100
,,,,,
7.372995177,99750,100321,100074,100387,100
,,,,,
7.377469082,99767,100391,100163,100370,100
,,,,,
7.381942987,99790,100470,100264,100352,100
,,,,,
7.386416892,99825,100550,100378,100334,100
,,,,,
7.390890796,99876,100625,100503,100316,100
,,,,,
7.395364701,99941,100694,100638,100297,100
,,,,,
7.399838606,100017,100756,100777,100276,100
,,,,,
7.404312511,100094,100808,100907,100255,100
,,,,,
7.408786416,100161,100845,101012,100234,100
,,,,,
7.413260321,100212,100858,101076,100215,100
,,,,,
7.417734225,100239,100841,101084,100197,100
,,,,,
7.42220813,100241,100788,101031,100181,100
,,,,,
7.426682035,100218,100698,100917,100166,100
,,,,,
7.43115594,100173,100578,100752,100152,100
,,,,,
7.435629845,100110,100440,100549,100138,100
,,,,,
7.44010375,100038,100292,100327,100124,100
,,,,,
7.444577655,99964,100150,100109,100111,100
,,,,,
7.449051559,99900,100018,99913,100098,100
,,,,,
7.453525464,99854,99906,99752,100085,100
,,,,,
7.457999369,99827,99814,99633,100073,100
,,,,,
7.462473274,99818,99744,99551,100063,100
,,,,,
7.466947179,99824,99692,99502,100055,100
,,,,,
7.471421084,99835,99654,99474,100048,100
,,,,,
7.475894988,99850,99627,99461,100044,100
,,,,,
7.480368893,99864,99610,99459,100042,100
,,,,,
7.484842798,99875,99601,99462,100039,100
,,,,,
7.489316703,99880,99598,99469,100036,100
,,,,,
7.493790608,99878,99595,99471,100031,100
,,,,,
7.498264513,99870,99582,99452,100024,100
,,,,,
7.502738417,99855,99551,99406,100018,100
,,,,,
7.507212322,99840,99500,99341,100013,100
,,,,,
7.511686227,99851,99450,99303,100010,100
,,,,,
7.516160132,99928,99451,99379,100010,100
,,,,,
7.520634037,100120,99576,99697,100012,100
,,,,,
7.525107942,100450,99935,100386,100016,100
,,,,,
7.529581846,100879,100654,101535,100020,100
,,,,,
7.534055751,101314,101804,103119,100023,100
,,,,,
7.538529656,101607,103366,104974,100025,100
,,,,,
7.543003561,101630,105121,106752,100023,100
,,,,,
7.547477466,101347,106683,108030,100021,100
,,,,,
7.551951371,100804,107630,108434,100016,100
,,,,,
7.556425276,100146,107616,107765,100012,100
,,,,,
7.56089918,99554,106615,106173,100007,100
,,,,,
7.565373085,99138,104886,104031,100003,100
,,,,,
7.56984699,98960,102863,101830,100001,100
,,,,,
7.574320895,98993,101014,100015,100000,100
,,,,,
7.5787948,99149,99597,98754,99998,100
,,,,,
7.583268705,99358,98683,98048,99995,100
,,,,,
7.587742609,99555,98181,97742,99991,100
,,,,,
7.592216514,99706,97935,97646,99985,100
,,,,,
7.596690419,99817,97835,97657,99977,100
,,,,,
7.601164324,99896,97807,97705,99968,100
,,,,,
7.605638229,99956,97826,97783,99959,100
,,,,,
7.610112134,100010,97877,97885,99952,100
,,,,,
7.614586038,100063,97951,98011,99946,100
,,,,,
7.619059943,100118,98039,98152,99942,100
,,,,,
7.623533848,100174,98131,98299,99940,100
,,,,,
7.628007753,100232,98223,98447,99938,100
,,,,,
7.632481658,100286,98309,98589,99937,100
,,,,,
7.636955563,100338,98386,98721,99935,100
,,,,,
7.641429467,100392,98456,98846,99932,100
,,,,,
7.645903372,100449,98516,98967,99928,100
,,,,,
7.650377277,100515,98567,99087,99923,100
,,,,,
7.654851182,100591,98610,99209,99918,100
,,,,,
7.659325087,100675,98645,99329,99914,100
,,,,,
7.663798992,100763,98670,99444,99912,100
,,,,,
7.668272897,100853,98685,99549,99911,100
,,,,,
7.672746801,100942,98689,99641,99912,100
,,,,,
7.677220706,101027,98683,99721,99915,100
,,,,,
7.681694611,101107,98669,99786,99921,100
,,,,,
7.686168516,101176,98650,99833,99932,100
,,,,,
7.690642421,101228,98628,99861,99947,100
,,,,,
7.695116326,101257,98605,99866,99969,100
,,,,,
7.69959023,101260,98584,99847,99998,100
,,,,,
7.704064135,101237,98566,99806,100031,100
,,,,,
7.70853804,101192,98552,99749,100068,100
,,,,,
7.713011945,101131,98548,99685,100107,100
,,,,,
7.71748585,101060,98557,99626,100146,100
,,,,,
7.721959755,100984,98589,99582,100182,100
,,,,,
7.726433659,100902,98651,99563,100216,100
,,,,,
7.730907564,100817,98749,99576,100247,100
,,,,,
7.735381469,100726,98885,99619,100279,100
,,,,,
7.739855374,100630,99052,99687,100309,100
,,,,,
7.744329279,100527,99241,99770,100340,100
,,,,,
7.748803184,100420,99434,99853,100371,100
,,,,,
7.753277088,100309,99617,99923,100402,100
,,,,,
7.757750993,100198,99778,99971,100431,100
,,,,,
7.762224898,100086,99909,99992,100456,100
,,,,,
7.766698803,99976,100009,99984,100478,100
,,,,,
7.771172708,99869,100079,99950,100496,100
,,,,,
7.775646613,99771,100123,99896,100513,100
,,,,,
7.780120518,99684,100146,99833,100527,100
,,,,,
7.784594422,99616,100150,99768,100541,100
,,,,,
7.789068327,99567,100143,99710,100555,100
,,,,,
7.793542232,99509,100093,99602,100585,100
,,,,,
7.798016137,99503,100078,99582,100590,100
,,,,,
7.802490042,99500,100067,99568,100591,100
,,,,,
7.806963947,99502,100060,99562,100590,100
,,,,,
7.811437851,99509,100056,99564,100587,100
,,,,,
7.815911756,99522,100053,99573,100584,100
,,,,,
7.820385661,99540,100050,99587,100580,100
,,,,,
7.824859566,99561,100044,99601,100575,100
,,,,,
7.829333471,99582,100033,99612,100569,100
,,,,,
7.833807376,99600,100020,99619,100561,100
,,,,,
7.83828128,99617,100005,99624,100551,100
,,,,,
7.842755185,99630,99995,99631,100538,100
,,,,,
7.84722909,99642,99996,99647,100525,100
,,,,,
7.851702995,99652,100008,99671,100511,100
,,,,,
7.8561769,99662,100032,99706,100497,100
,,,,,
7.860650805,99677,100063,99749,100484,100
,,,,,
7.86512471,99700,100097,99803,100469,100
,,,,,
7.869598614,99736,100133,99872,100454,100
,,,,,
7.874072519,99790,100171,99962,100439,100
,,,,,
7.878546424,99858,100210,100069,100424,100
,,,,,
7.883020329,99938,100251,100189,100409,100
,,,,,
7.887494234,100016,100287,100303,100395,100
,,,,,
7.891968139,100081,100309,100392,100380,100
,,,,,
7.896442043,100128,100309,100440,100364,100
,,,,,
7.900915948,100147,100276,100429,100346,100
,,,,,
7.905389853,100138,100213,100356,100326,100
,,,,,
7.909863758,100100,100118,100223,100306,100
,,,,,
7.914337663,100039,99999,100038,100288,100
,,,,,
7.918811568,99964,99866,99823,100271,100
,,,,,
7.923285472,99887,99728,99602,100257,100
,,,,,
7.927759377,99820,99596,99400,100246,100
,,,,,
7.932233282,99776,99480,99238,100237,100
,,,,,
7.936707187,99750,99385,99121,100231,100
,,,,,
7.941181092,99742,99316,99048,100226,100
,,,,,
7.945654997,99744,99270,99009,100221,100
,,,,,
7.950128901,99748,99244,98992,100216,100
,,,,,
7.954602806,99750,99234,98986,100211,100
,,,,,
7.959076711,99750,99233,98986,100205,100
,,,,,
7.963550616,99746,99236,98987,100198,100
,,,,,
7.968024521,99743,99241,98986,100191,100
,,,,,
7.972498426,99737,99243,98980,100183,100
,,,,,
7.976972331,99726,99235,98960,100175,100
,,,,,
7.981446235,99707,99210,98915,100167,100
,,,,,
7.98592014,99680,99167,98844,100159,100
,,,,,
7.990394045,99659,99110,98767,100151,100
,,,,,
7.99486795,99681,99066,98745,100143,100
,,,,,
7.999341855,99802,99110,98911,100135,100
,,,,,
8.00381576,100070,99324,99394,100127,100
,,,,,
8.008289664,100486,99860,100344,100119,100
,,,,,
8.012763569,100987,100832,101814,100110,100
,,,,,
8.017237474,101428,102234,103654,100101,100
,,,,,
8.021711379,101652,103983,105625,100093,100
,,,,,
8.026185284,101558,105703,107251,100085,100
,,,,,
8.030659189,101141,106961,108091,100078,100
,,,,,
8.035133093,100508,107415,107912,100072,100
,,,,,
8.039606998,99836,106817,106643,100067,100
,,,,,
8.044080903,99285,105371,104649,100064,100
,,,,,
8.048554808,98952,103455,102400,100062,100
,,,,,
8.053028713,98851,101494,100339,100061,100
,,,,,
8.057502618,98925,99904,98824,100059,100
,,,,,
8.061976522,99086,98791,97873,100057,100
,,,,,
8.066450427,99268,98132,97395,100053,100
,,,,,
8.070924332,99424,97803,97224,100047,100
,,,,,
8.075398237,99540,97650,97188,100038,100
,,,,,
8.079872142,99628,97597,97224,100027,100
,,,,,
8.084346047,99698,97591,97288,100014,100
,,,,,
8.088819952,99760,97617,97377,100000,100
,,,,,
8.093293856,99821,97665,97485,99987,100
,,,,,
8.097767761,99880,97728,97606,99976,100
,,,,,
8.102241666,99937,97798,97733,99966,100
,,,,,
8.106715571,99992,97870,97862,99957,100
,,,,,
8.111189476,100048,97943,97992,99951,100
,,,,,
8.115663381,100104,98017,98124,99945,100
,,,,,
8.120137285,100160,98092,98258,99938,100
,,,,,
8.12461119,100218,98167,98395,99931,100
,,,,,
8.129085095,100282,98240,98533,99923,100
,,,,,
8.133559,100350,98305,98667,99914,100
,,,,,
8.138032905,100425,98357,98792,99906,100
,,,,,
8.14250681,100504,98393,98903,99898,100
,,,,,
8.146980714,100585,98412,99001,99893,100
,,,,,
8.151454619,100668,98419,99089,99890,100
,,,,,
8.155928524,100749,98420,99169,99890,100
,,,,,
8.160402429,100827,98418,99243,99891,100
,,,,,
8.164876334,100899,98411,99308,99897,100
,,,,,
8.169350239,100959,98400,99357,99906,100
,,,,,
8.173824144,101002,98384,99385,99918,100
,,,,,
8.178298048,101025,98366,99391,99936,100
,,,,,
8.182771953,101024,98350,99375,99957,100
,,,,,
8.187245858,101001,98339,99345,99982,100
,,,,,
8.191719763,100961,98339,99308,100009,100
,,,,,
8.196193668,100908,98356,99272,100038,100
,,,,,
8.200667573,100849,98391,99249,100069,100
,,,,,
8.205141477,100787,98454,99252,100098,100
,,,,,
8.209615382,100726,98551,99287,100129,100
,,,,,
8.214089287,100663,98685,99359,100161,100
,,,,,
8.218563192,100596,98857,99465,100195,100
,,,,,
8.223037097,100518,99059,99591,100228,100
,,,,,
8.227511002,100428,99278,99720,100264,100
,,,,,
8.231984906,100323,99496,99833,100298,100
,,,,,
8.236458811,100206,99695,99913,100330,100
,,,,,
8.240932716,100082,99862,99955,100360,100
,,,,,
8.245406621,99959,99991,99957,100386,100
,,,,,
8.249880526,99840,100082,99928,100410,100
,,,,,
8.254354431,99734,100140,99877,100429,100
,,,,,
8.258828335,99639,100173,99813,100448,100
,,,,,
8.26330224,99557,100191,99749,100464,100
,,,,,
8.267776145,99489,100202,99692,100479,100
,,,,,
8.27225005,99434,100211,99648,100492,100
,,,,,
8.276723955,99393,100220,99618,100504,100
,,,,,
8.28119786,99367,100228,99601,100514,100
,,,,,
8.285671765,99351,100235,99592,100522,100
,,,,,
8.290145669,99347,100237,99591,100529,100
,,,,,
8.294619574,99351,100236,99591,100534,100
,,,,,
8.299093479,99363,100229,99595,100538,100
,,,,,
8.303567384,99382,100216,99599,100539,100
,,,,,
8.308041289,99405,100197,99600,100537,100
,,,,,
8.312515194,99429,100173,99598,100532,100
,,,,,
8.316989098,99451,100145,99590,100524,100
,,,,,
8.321463003,99470,100118,99580,100514,100
,,,,,
8.325936908,99484,100096,99572,100500,100
,,,,,
8.330410813,99496,100087,99574,100484,100
,,,,,
8.334884718,99506,100094,99591,100467,100
,,,,,
8.339358623,99516,100115,99624,100448,100
,,,,,
8.343832527,99529,100149,99672,100430,100
,,,,,
8.348306432,99545,100188,99728,100413,100
,,,,,
8.352780337,99568,100229,99793,100398,100
,,,,,
8.357254242,99601,100273,99871,100384,100
,,,,,
8.361728147,99648,100319,99966,100370,100
,,,,,
8.366202052,99714,100372,100084,100355,100
,,,,,
8.370675956,99794,100430,100221,100337,100
,,,,,
8.375149861,99881,100486,100364,100317,100
,,,,,
8.379623766,99961,100531,100489,100295,100
,,,,,
8.384097671,100022,100556,100574,100272,100
,,,,,
8.388571576,100054,100551,100601,100249,100
,,,,,
8.393045481,100051,100512,100558,100229,100
,,,,,
8.397519386,100015,100441,100452,100212,100
,,,,,
8.40199329,99952,100343,100291,100198,100
,,,,,
8.406467195,99874,100230,100101,100185,100
,,,,,
8.4109411,99793,100114,99906,100174,100
,,,,,
8.415415005,99722,100003,99725,100162,100
,,,,,
8.41988891,99669,99906,99578,100150,100
,,,,,
8.424362815,99638,99829,99468,100136,100
,,,,,
8.428836719,99623,99773,99396,100121,100
,,,,,
8.433310624,99618,99738,99356,100107,100
,,,,,
8.437784529,99617,99721,99336,100093,100
,,,,,
8.442258434,99616,99718,99331,100080,100
,,,,,
8.446732339,99612,99724,99333,100070,100
,,,,,
8.451206244,99608,99734,99338,100061,100
,,,,,
8.455680148,99605,99746,99347,100054,100
,,,,,
8.460154053,99604,99755,99355,100049,100
,,,,,
8.464627958,99598,99756,99351,100045,100
,,,,,
8.469101863,99583,99743,99324,100041,100
,,,,,
8.473575768,99548,99712,99260,100034,100
,,,,,
8.478049673,99511,99669,99181,100027,100
,,,,,
8.482523577,99507,99644,99154,100019,100
,,,,,
8.486997482,99604,99687,99297,100010,100
,,,,,
8.491471387,99873,99896,99776,100002,100
,,,,,
8.495945292,100325,100378,100712,99994,100
,,,,,
8.500419197,100901,101255,102166,99986,100
,,,,,
8.504893102,101454,102550,104013,99978,100
,,,,,
8.509367007,101791,104140,105937,99972,100
,,,,,
8.513840911,101777,105751,107532,99966,100
,,,,,
8.518314816,101383,106930,108315,99963,100
,,,,,
8.522788721,100699,107335,108035,99960,100
,,,,,
8.527262626,99925,106808,106731,99959,100
,,,,,
8.531736531,99255,105444,104697,99957,100
,,,,,
8.536210436,98816,103671,102483,99955,100
,,,,,
8.54068434,98655,101897,100545,99952,100
,,,,,
8.545158245,98710,100446,99147,99949,100
,,,,,
8.54963215,98883,99483,98355,99944,100
,,,,,
8.554106055,99089,98923,98002,99939,100
,,,,,
8.55857996,99263,98654,97909,99933,100
,,,,,
8.563053865,99392,98550,97938,99925,100
,,,,,
8.567527769,99486,98517,98001,99918,100
,,,,,
8.572001674,99559,98527,98086,99910,100
,,,,,
8.576475579,99626,98562,98190,99902,100
,,,,,
8.580949484,99689,98618,98308,99896,100
,,,,,
8.585423389,99752,98690,98441,99891,100
,,,,,
8.589897294,99811,98774,98582,99886,100
,,,,,
8.594371199,99867,98864,98726,99881,100
,,,,,
8.598845103,99921,98955,98869,99876,100
,,,,,
8.603319008,99974,99038,99007,99869,100
,,,,,
8.607792913,100027,99110,99136,99860,100
,,,,,
8.612266818,100084,99171,99260,99852,100
,,,,,
8.616740723,100146,99223,99379,99843,100
,,,,,
8.621214628,100214,99267,99493,99835,100
,,,,,
8.625688532,100288,99307,99605,99829,100
,,,,,
8.630162437,100368,99341,99715,99825,100
,,,,,
8.634636342,100452,99369,99822,99822,100
,,,,,
8.639110247,100543,99388,99927,99821,100
,,,,,
8.643584152,100636,99397,100027,99820,100
,,,,,
8.648058057,100727,99398,100119,99821,100
,,,,,
8.652531961,100812,99392,100198,99822,100
,,,,,
8.657005866,100883,99379,100257,99825,100
,,,,,
8.661479771,100935,99362,100292,99832,100
,,,,,
8.665953676,100965,99342,100304,99844,100
,,,,,
8.670427581,100972,99322,100291,99862,100
,,,,,
8.674901486,100962,99305,100265,99885,100
,,,,,
8.67937539,100938,99297,100236,99914,100
,,,,,
8.683849295,100905,99307,100217,99945,100
,,,,,
8.6883232,100872,99343,100221,99976,100
,,,,,
8.692797105,100839,99411,100258,100007,100
,,,,,
8.69727101,100806,99518,100333,100036,100
,,,,,
8.701744915,100769,99664,100443,100065,100
,,,,,
8.70621882,100720,99843,100574,100095,100
,,,,,
8.710692724,100650,100048,100709,100126,100
,,,,,
8.715166629,100555,100262,100828,100157,100
,,,,,
8.719640534,100435,100470,100915,100189,100
,,,,,
8.724114439,100296,100661,100964,100219,100
,,,,,
8.728588344,100145,100822,100973,100247,100
,,,,,
8.733062249,99995,100951,100950,100273,100
,,,,,
8.737536153,99853,101049,100904,100295,100
,,,,,
8.742010058,99725,101118,100843,100313,100
,,,,,
8.746483963,99614,101161,100775,100327,100
,,,,,
8.750957868,99522,101183,100706,100339,100
,,,,,
8.755431773,99450,101187,100638,100348,100
,,,,,
8.759905678,99398,101176,100577,100359,100
,,,,,
8.764379582,99365,101156,100525,100371,100
,,,,,
8.768853487,99355,101081,100435,100410,100
,,,,,
8.773327392,99364,101059,100422,100419,100
,,,,,
8.777801297,99373,101039,100412,100424,100
,,,,,
8.782275202,99380,101020,100400,100425,100
,,,,,
8.786749107,99383,100998,100385,100422,100
,,,,,
8.791223011,99388,100974,100369,100416,100
,,,,,
8.795696916,99395,100951,100353,100408,100
,,,,,
8.800170821,99405,100931,100340,100398,100
,,,,,
8.804644726,99416,100917,100336,100387,100
,,,,,
8.809118631,99429,100915,100344,100375,100
,,,,,
8.813592536,99441,100924,100364,100364,100
,,,,,
8.818066441,99452,100948,100399,100352,100
,,,,,
8.822540345,99471,100979,100447,100340,100
,,,,,
8.82701425,99502,101015,100515,100327,100
,,,,,
8.831488155,99554,101055,100606,100311,100
,,,,,
8.83596206,99628,101098,100724,100294,100
,,,,,
8.840435965,99721,101144,100863,100274,100
,,,,,
8.84490987,99822,101191,101009,100254,100
,,,,,
8.849383774,99913,101231,101141,100233,100
,,,,,
8.853857679,99981,101259,101235,100214,100
,,,,,
8.858331584,100017,101263,101272,100198,100
,,,,,
8.862805489,100015,101239,101244,100184,100
,,,,,
8.867279394,99980,101184,101153,100172,100
,,,,,
8.871753299,99919,101101,101010,100161,100
,,,,,
8.876227203,99840,101000,100832,100151,100
,,,,,
8.880701108,99756,100890,100640,100139,100
,,,,,
8.885175013,99677,100781,100453,100126,100
,,,,,
8.889648918,99611,100679,100288,100111,100
,,,,,
8.894122823,99563,100592,100152,100096,100
,,,,,
8.898596728,99532,100519,100049,100079,100
,,,,,
8.903070632,99518,100462,99977,100064,100
,,,,,
8.907544537,99516,100418,99930,100049,100
,,,,,
8.912018442,99524,100384,99904,100036,100
,,,,,
8.916492347,99540,100361,99895,100025,100
,,,,,
8.920966252,99560,100346,99900,100016,100
,,,,,
8.925440157,99580,100340,99916,100009,100
,,,,,
8.929914062,99597,100341,99937,100005,100
,,,,,
8.934387966,99605,100344,99950,100001,100
,,,,,
8.938861871,99598,100340,99941,99997,100
,,,,,
8.943335776,99577,100320,99903,99992,100
,,,,,
8.947809681,99554,100285,99846,99985,100
,,,,,
8.952283586,99558,100253,99820,99977,100
,,,,,
8.956757491,99638,100276,99923,99968,100
,,,,,
8.961231395,99849,100420,100279,99960,100
,,,,,
8.9657053,100220,100783,101011,99952,100
,,,,,
8.970179205,100716,101477,102199,99945,100
,,,,,
8.97465311,101237,102539,103780,99938,100
,,,,,
8.979127015,101628,103955,105587,99933,100
,,,,,
8.98360092,101737,105537,107279,99928,100
,,,,,
8.988074824,101500,106944,108451,99925,100
,,,,,
8.992548729,100947,107822,108776,99923,100
,,,,,
8.997022634,100209,107852,108069,99919,100
,,,,,
9.001496539,99483,106979,106472,99913,100
,,,,,
9.005970444,98916,105416,104343,99904,100
,,,,,
9.010444349,98601,103534,102146,99894,100
,,,,,
9.014918254,98546,101763,100319,99883,100
,,,,,
9.019392158,98667,100371,99045,99873,100
,,,,,
9.023866063,98882,99450,98336,99865,100
,,,,,
9.028339968,99110,98932,98043,99858,100
,,,,,
9.032813873,99297,98678,97975,99853,100
,,,,,
9.037287778,99439,98575,98014,99846,100
,,,,,
9.041761683,99540,98542,98084,99839,100
,,,,,
9.046235587,99614,98551,98169,99830,100
,,,,,
9.050709492,99676,98587,98267,99820,100
,,,,,
9.055183397,99731,98642,98377,99810,100
,,,,,
9.059657302,99782,98710,98494,99799,100
,,,,,
9.064131207,99830,98786,98616,99789,100
,,,,,
9.068605112,99878,98863,98740,99780,100
,,,,,
9.073079016,99928,98937,98865,99771,100
,,,,,
9.077552921,99980,99007,98987,99762,100
,,,,,
9.082026826,100036,99068,99108,99755,100
,,,,,
9.086500731,100100,99122,99226,99749,100
,,,,,
9.090974636,100169,99165,99343,99744,100
,,,,,
9.095448541,100249,99198,99453,99739,100
,,,,,
9.099922445,100335,99216,99555,99736,100
,,,,,
9.10439635,100424,99219,99643,99732,100
,,,,,
9.108870255,100514,99207,99720,99727,100
,,,,,
9.11334416,100602,99184,99785,99722,100
,,,,,
9.117818065,100687,99152,99839,99718,100
,,,,,
9.12229197,100766,99118,99885,99715,100
,,,,,
9.126765875,100836,99085,99921,99715,100
,,,,,
9.131239779,100894,99051,99943,99720,100
,,,,,
9.135713684,100936,99019,99952,99731,100
,,,,,
9.140187589,100960,98989,99944,99748,100
,,,,,
9.144661494,100965,98964,99923,99771,100
,,,,,
9.149135399,100955,98951,99901,99797,100
,,,,,
9.153609304,100932,98955,99884,99827,100
,,,,,
9.158083208,100901,98984,99883,99856,100
,,,,,
9.162557113,100863,99041,99904,99885,100
,,,,,
9.167031018,100821,99128,99950,99912,100
,,,,,
9.171504923,100771,99250,100021,99937,100
,,,,,
9.175978828,100710,99405,100116,99962,100
,,,,,
9.180452733,100634,99593,100226,99986,100
,,,,,
9.184926637,100543,99804,100343,100011,100
,,,,,
9.189400542,100432,100025,100451,100038,100
,,,,,
9.193874447,100304,100239,100536,100066,100
,,,,,
9.198348352,100162,100433,100587,100094,100
,,,,,
9.202822257,100011,100595,100598,100122,100
,,,,,
9.207296162,99857,100725,100575,100149,100
,,,,,
9.211770066,99709,100822,100526,100172,100
,,,,,
9.216243971,99578,100890,100463,100192,100
,,,,,
9.220717876,99466,100933,100395,100209,100
,,,,,
9.225191781,99380,100953,100329,100224,100
,,,,,
9.229665686,99316,100956,100268,100237,100
,,,,,
9.234139591,99270,100945,100212,100249,100
,,,,,
9.238613496,99237,100926,100162,100259,100
,,,,,
9.2430874,99213,100904,100118,100268,100
,,,,,
9.247561305,99196,100881,100081,100275,100
,,,,,
9.25203521,99187,100858,100052,100279,100
,,,,,
9.256509115,99186,100837,100030,100280,100
,,,,,
9.26098302,99195,100814,100015,100278,100
,,,,,
9.265456925,99209,100790,100006,100273,100
,,,,,
9.269930829,99227,100767,99999,100265,100
,,,,,
9.274404734,99247,100745,99996,100254,100
,,,,,
9.278878639,99267,100727,99995,100239,100
,,,,,
9.283352544,99285,100716,99999,100221,100
,,,,,
9.287826449,99301,100713,100010,100200,100
,,,,,
9.292300354,99316,100718,100030,100176,100
,,,,,
9.296774258,99333,100731,100061,100152,100
,,,,,
9.301248163,99355,100752,100104,100127,100
,,,,,
9.305722068,99391,100779,100167,100104,100
,,,,,
9.310195973,99446,100811,100255,100081,100
,,,,,
9.314669878,99524,100850,100370,100060,100
,,,,,
9.319143783,99618,100895,100512,100040,100
,,,,,
9.323617687,99719,100947,100665,100020,100
,,,,,
9.328091592,99811,100996,100809,99999,100
,,,,,
9.332565497,99881,101034,100920,99977,100
,,,,,
9.337039402,99920,101050,100976,99954,100
,,,,,
9.341513307,99927,101033,100967,99929,100
,,,,,
9.345987212,99903,100984,100893,99904,100
,,,,,
9.350461117,99855,100904,100763,99881,100
,,,,,
9.354935021,99790,100806,100596,99860,100
,,,,,
9.359408926,99713,100697,100409,99842,100
,,,,,
9.363882831,99635,100587,100218,99825,100
,,,,,
9.368356736,99565,100481,100040,99809,100
,,,,,
9.372830641,99511,100381,99884,99793,100
,,,,,
9.377304546,99477,100292,99761,99777,100
,,,,,
9.38177845,99463,100219,99674,99762,100
,,,,,
9.386252355,99464,100163,99618,99749,100
,,,,,
9.39072626,99473,100123,99587,99739,100
,,,,,
9.395200165,99484,100093,99570,99731,100
,,,,,
9.39967407,99494,100069,99558,99726,100
,,,,,
9.404147975,99501,100048,99546,99723,100
,,,,,
9.408621879,99504,100027,99533,99719,100
,,,,,
9.413095784,99503,100006,99514,99715,100
,,,,,
9.417569689,99494,99983,99482,99709,100
,,,,,
9.422043594,99474,99955,99433,99701,100
,,,,,
9.426517499,99455,99927,99383,99692,100
,,,,,
9.430991404,99459,99909,99367,99683,100
,,,,,
9.435465309,99533,99939,99472,99674,100
,,,,,
9.439939213,99733,100072,99804,99667,100
,,,,,
9.444413118,100086,100379,100466,99661,100
,,,,,
9.448887023,100572,100979,101553,99658,100
,,,,,
9.453360928,101102,101933,103038,99656,100
,,,,,
9.457834833,101523,103255,104780,99654,100
,,,,,
9.462308738,101688,104822,106511,99652,100
,,,,,
9.466782642,101517,106287,107806,99650,100
,,,,,
9.471256547,101013,107289,108303,99646,100
,,,,,
9.475730452,100298,107477,107777,99640,100
,,,,,
9.480204357,99548,106714,106264,99633,100
,,,,,
9.484678262,98916,105214,104134,99625,100
,,,,,
9.489152167,98520,103336,101863,99618,100
,,,,,
9.493626071,98379,101525,99911,99612,100
,,,,,
9.498099976,98444,100099,98550,99608,100
,,,,,
9.502573881,98641,99140,97784,99606,100
,,,,,
9.507047786,98874,98603,97478,99606,100
,,,,,
9.511521691,99092,98341,97432,99606,100
,,,,,
9.515995596,99263,98232,97493,99606,100
,,,,,
9.5204695,99389,98201,97588,99604,100
,,,,,
9.524943405,99482,98209,97692,99600,100
,,,,,
9.52941731,99558,98248,97807,99594,100
,,,,,
9.533891215,99626,98303,97932,99587,100
,,,,,
9.53836512,99692,98368,98065,99581,100
,,,,,
9.542839025,99755,98438,98199,99575,100
,,,,,
9.54731293,99819,98508,98333,99572,100
,,,,,
9.551786834,99882,98576,98463,99570,100
,,,,,
9.556260739,99946,98638,98588,99570,100
,,,,,
9.560734644,100010,98693,98704,99570,100
,,,,,
9.565208549,100078,98737,98814,99571,100
,,,,,
9.569682454,100151,98770,98918,99573,100
,,,,,
9.574156359,100229,98795,99018,99574,100
,,,,,
9.578630263,100312,98810,99117,99573,100
,,,,,
9.583104168,100396,98822,99216,99571,100
,,,,,
9.587578073,100484,98829,99314,99566,100
,,,,,
9.592051978,100574,98831,99410,99561,100
,,,,,
9.596525883,100666,98825,99499,99557,100
,,,,,
9.600999788,100758,98811,99577,99555,100
,,,,,
9.605473692,100842,98792,99642,99559,100
,,,,,
9.609947597,100912,98771,99689,99570,100
,,,,,
9.614421502,100962,98751,99720,99588,100
,,,,,
9.618895407,100986,98736,99729,99617,100
,,,,,
9.623369312,100988,98725,99722,99654,100
,,,,,
9.627843217,100968,98721,99700,99698,100
,,,,,
9.632317121,100932,98728,99671,99746,100
,,,,,
9.636791026,100886,98749,99647,99796,100
,,,,,
9.641264931,100837,98790,99638,99844,100
,,,,,
9.645738836,100787,98856,99651,99886,100
,,,,,
9.650212741,100738,98952,99697,99926,100
,,,,,
9.654686646,100690,99078,99773,99960,100
,,,,,
9.659160551,100637,99233,99875,99994,100
,,,,,
9.663634455,100573,99411,99990,100026,100
,,,,,
9.66810836,100494,99599,100098,100059,100
,,,,,
9.672582265,100395,99784,100182,100090,100
,,,,,
9.67705617,100278,99953,100231,100118,100
,,,,,
9.681530075,100148,100096,100239,100142,100
,,,,,
9.68600398,100012,100212,100214,100161,100
,,,,,
9.690477884,99881,100300,100167,100176,100
,,,,,
9.694951789,99766,100361,100109,100188,100
,,,,,
9.699425694,99672,100399,100052,100197,100
,,,,,
9.703899599,99603,100415,100002,100205,100
,,,,,
9.708373504,99560,100416,99962,100212,100
,,,,,
9.712847409,99537,100403,99930,100220,100
,,,,,
9.717321313,99530,100381,99903,100227,100
,,,,,
9.721795218,99533,100352,99879,100233,100
,,,,,
9.726269123,99543,100320,99857,100238,100
,,,,,
9.730743028,99558,100286,99840,100241,100
,,,,,
9.735216933,99575,100255,99827,100242,100
,,,,,
9.739690838,99595,100226,99820,100240,100
,,,,,
9.744164742,99655,100155,99813,100221,100
,,,,,
9.748638647,99675,100140,99820,100210,100
,,,,,
9.753112552,99695,100137,99836,100195,100
,,,,,
9.757586457,99712,100147,99865,100177,100
,,,,,
9.762060362,99729,100169,99904,100157,100
,,,,,
9.766534267,99746,100199,99953,100134,100
,,,,,
9.771008172,99769,100230,100009,100110,100
,,,,,
9.775482076,99807,100259,100079,100087,100
,,,,,
9.779955981,99865,100287,100166,100065,100
,,,,,
9.784429886,99943,100316,100272,100043,100
,,,,,
9.788903791,100034,100347,100392,100022,100
,,,,,
9.793377696,100124,100378,100512,100000,100
,,,,,
9.797851601,100204,100403,100615,99977,100
,,,,,
9.802325505,100263,100415,100684,99952,100
,,,,,
9.80679941,100299,100405,100708,99927,100
,,,,,
9.811273315,100309,100366,100676,99902,100
,,,,,
9.81574722,100294,100298,100590,99879,100
,,,,,
9.820221125,100254,100207,100456,99858,100
,,,,,
9.82469503,100191,100096,100281,99839,100
,,,,,
9.829168934,100115,99978,100087,99821,100
,,,,,
9.833642839,100035,99858,99890,99805,100
,,,,,
9.838116744,99965,99744,99708,99789,100
,,,,,
9.842590649,99913,99644,99560,99774,100
,,,,,
9.847064554,99883,99562,99449,99759,100
,,,,,
9.851538459,99869,99503,99378,99745,100
,,,,,
9.856012364,99867,99469,99344,99732,100
,,,,,
9.860486268,99871,99455,99332,99721,100
,,,,,
9.864960173,99875,99454,99334,99712,100
,,,,,
9.869434078,99876,99459,99337,99705,100
,,,,,
9.873907983,99877,99459,99336,99701,100
,,,,,
9.878381888,99877,99451,99326,99699,100
,,,,,
9.882855793,99877,99430,99300,99698,100
,,,,,
9.887329697,99873,99397,99262,99699,100
,,,,,
9.891803602,99866,99361,99220,99699,100
,,,,,
9.896277507,99872,99340,99206,99700,100
,,,,,
9.900751412,99923,99370,99290,99701,100
,,,,,
9.905225317,100069,99503,99572,99701,100
,,,,,
9.909699222,100357,99804,100163,99702,100
,,,,,
9.914173126,100790,100360,101152,99702,100
,,,,,
9.918647031,101311,101247,102560,99703,100
,,,,,
9.923120936,101801,102488,104290,99705,100
,,,,,
9.927594841,102107,104012,106119,99707,100
,,,,,
9.932068746,102114,105566,107680,99709,100
,,,,,
9.936542651,101788,106787,108572,99710,100
,,,,,
9.941016555,101180,107303,108480,99709,100
,,,,,
9.94549046,100433,106883,107311,99706,100
,,,,,
9.949964365,99709,105596,105299,99703,100
,,,,,
9.95443827,99134,103760,102887,99700,100
,,,,,
9.958912175,98791,101822,100606,99697,100
,,,,,
9.96338608,98682,100173,98848,99696,100
,,,,,
9.967859985,98750,99004,97748,99696,100
,,,,,
9.972333889,98928,98318,97240,99696,100
,,,,,
9.976807794,99138,97986,97118,99697,100
,,,,,
9.981281699,99332,97861,97186,99696,100
,,,,,
9.985755604,99492,97842,97326,99693,100
,,,,,
9.990229509,99616,97866,97472,99689,100
,,,,,
9.994703414,99712,97912,97614,99684,100
,,,,,
9.999177318,99790,97969,97749,99678,100
,,,,,
10.00365122,99857,98030,97878,99672,100
,,,,,
10.00812513,99914,98093,98000,99669,100
,,,,,
10.01259903,99968,98158,98122,99668,100
,,,,,
10.01707294,100022,98225,98246,99669,100
,,,,,
10.02154684,100076,98291,98370,99671,100
,,,,,
10.02602075,100131,98357,98492,99675,100
,,,,,
10.03049465,100182,98417,98605,99678,100
,,,,,
10.03496856,100228,98470,98705,99682,100
,,,,,
10.03944246,100269,98514,98791,99684,100
,,,,,
10.04391637,100310,98549,98868,99685,100
,,,,,
10.04839027,100360,98577,98941,99684,100
,,,,,
10.05286418,100422,98595,99020,99683,100
,,,,,
10.05733808,100502,98608,99108,99681,100
,,,,,
10.06181199,100595,98614,99206,99681,100
,,,,,
10.06628589,100698,98619,99310,99684,100
,,,,,
10.0707598,100796,98621,99411,99691,100
,,,,,
10.0752337,100869,98622,99485,99704,100
,,,,,
10.07970761,100889,98621,99504,99725,100
,,,,,
10.08418151,100827,98614,99439,99754,100
,,,,,
10.08865542,100674,98604,99280,99793,100
,,,,,
10.09312932,100439,98593,99036,99841,100
,,,,,
10.09760322,100158,98586,98750,99895,100
,,,,,
10.10207713,99881,98590,98477,99954,100
,,,,,
10.10655103,99646,98610,98262,100012,100
,,,,,
10.11102494,99478,98652,98135,100067,100
,,,,,
10.11549884,99381,98719,98104,100116,100
,,,,,
10.11997275,99339,98814,98156,100158,100
,,,,,
10.12444665,99331,98939,98271,100195,100
,,,,,
10.12892056,99337,99088,98424,100226,100
,,,,,
10.13339446,99338,99252,98587,100256,100
,,,,,
10.13786837,99324,99420,98737,100284,100
,,,,,
10.14234227,99289,99579,98859,100312,100
,,,,,
10.14681618,99228,99723,98940,100337,100
,,,,,
10.15129008,99145,99846,98979,100358,100
,,,,,
10.15576399,99044,99946,98980,100375,100
,,,,,
10.16023789,98935,100024,98951,100386,100
,,,,,
10.1647118,98830,100078,98906,100392,100
,,,,,
10.1691857,98742,100110,98854,100395,100
,,,,,
10.17365961,98682,100122,98809,100396,100
,,,,,
10.17813351,98656,100114,98778,100395,100
,,,,,
10.18260742,98663,100095,98766,100394,100
,,,,,
10.18708132,98700,100067,98776,100391,100
,,,,,
10.19155523,98759,100039,98806,100387,100
,,,,,
10.19602913,98833,100013,98852,100382,100
,,,,,
10.20050304,98915,99988,98909,100375,100
,,,,,
10.20497694,98999,99965,98969,100365,100
,,,,,
10.20945085,99078,99944,99026,100352,100
,,,,,
10.21392475,99147,99927,99076,100338,100
,,,,,
10.21839866,99200,99918,99119,100321,100
,,,,,
10.22287256,99238,99918,99159,100304,100
,,,,,
10.22734647,99264,99929,99198,100287,100
,,,,,
10.23182037,99284,99947,99240,100267,100
,,,,,
10.23629427,99305,99973,99286,100247,100
,,,,,
10.24076818,99327,100001,99337,100226,100
,,,,,
10.24524208,99356,100032,99396,100204,100
,,,,,
10.24971599,99396,100065,99466,100181,100
,,,,,
10.25418989,99451,100099,99552,100158,100
,,,,,
10.2586638,99522,100133,99655,100136,100
,,,,,
10.2631377,99606,100163,99767,100113,100
,,,,,
10.26761161,99697,100186,99882,100090,100
,,,,,
10.27208551,99785,100198,99983,100066,100
,,,,,
10.27655942,99864,100193,100058,100041,100
,,,,,
10.28103332,99931,100166,100096,100015,100
,,,,,
10.28550723,99978,100112,100087,99988,100
,,,,,
10.28998113,100001,100033,100031,99961,100
,,,,,
10.29445504,99996,99931,99924,99935,100
,,,,,
10.29892894,99956,99816,99770,99912,100
,,,,,
10.30340285,99887,99699,99585,99891,100
,,,,,
10.30787675,99795,99586,99381,99874,100
,,,,,
10.31235066,99696,99483,99181,99859,100
,,,,,
10.31682456,99604,99396,99003,99846,100
,,,,,
10.32129847,99531,99326,98861,99834,100
,,,,,
10.32577237,99483,99275,98761,99822,100
,,,,,
10.33024628,99460,99241,98705,99809,100
,,,,,
10.33472018,99463,99220,98687,99795,100
,,,,,
10.33919409,99483,99207,98695,99782,100
,,,,,
10.34366799,99516,99197,98717,99769,100
,,,,,
10.3481419,99556,99186,98747,99757,100
,,,,,
10.3526158,99595,99175,98774,99748,100
,,,,,
10.35708971,99628,99162,98794,99740,100
,,,,,
10.36156361,99655,99146,98802,99735,100
,,,,,
10.36603752,99680,99128,98807,99731,100
,,,,,
10.37051142,99723,99121,98842,99729,100
,,,,,
10.37498533,99822,99158,98979,99728,100
,,,,,
10.37945923,100026,99291,99319,99726,100
,,,,,
10.38393313,100369,99598,99973,99725,100
,,,,,
10.38840704,100839,100156,101004,99725,100
,,,,,
10.39288094,101363,101048,102421,99726,100
,,,,,
10.39735485,101819,102268,104093,99728,100
,,,,,
10.40182875,102063,103712,105777,99732,100
,,,,,
10.40630266,101991,105149,107136,99738,100
,,,,,
10.41077656,101594,106200,107785,99745,100
,,,,,
10.41525047,100935,106559,107484,99753,100
,,,,,
10.41972437,100167,106052,106211,99762,100
,,,,,
10.42419828,99466,104748,104209,99772,100
,,,,,
10.42867218,98947,103000,101945,99782,100
,,,,,
10.43314609,98682,101200,99883,99793,100
,,,,,
10.43761999,98648,99698,98348,99805,100
,,,,,
10.4420939,98763,98664,97429,99816,100
,,,,,
10.4465678,98949,98062,97014,99827,100
,,,,,
10.45104171,99129,97778,96912,99837,100
,,,,,
10.45551561,99271,97673,96950,99844,100
,,,,,
10.45998952,99372,97651,97032,99849,100
,,,,,
10.46446342,99440,97665,97114,99850,100
,,,,,
10.46893733,99491,97701,97201,99849,100
,,,,,
10.47341123,99536,97749,97293,99845,100
,,,,,
10.47788514,99584,97811,97399,99841,100
,,,,,
10.48235904,99640,97882,97523,99836,100
,,,,,
10.48683295,99709,97957,97666,99831,100
,,,,,
10.49130685,99787,98033,97819,99828,100
,,,,,
10.49578076,99869,98103,97972,99826,100
,,,,,
10.50025466,99949,98165,98117,99824,100
,,,,,
10.50472857,100026,98221,98255,99824,100
,,,,,
10.50920247,100102,98277,98388,99823,100
,,,,,
10.51367638,100183,98333,98525,99820,100
,,,,,
10.51815028,100270,98388,98665,99816,100
,,,,,
10.52262418,100357,98441,98804,99811,100
,,,,,
10.52709809,100444,98486,98933,99804,100
,,,,,
10.53157199,100526,98518,99047,99798,100
,,,,,
10.5360459,100602,98536,99140,99795,100
,,,,,
10.5405198,100673,98538,99213,99796,100
,,,,,
10.54499371,100736,98528,99265,99802,100
,,,,,
10.54946761,100790,98509,99298,99813,100
,,,,,
10.55394152,100829,98488,99315,99830,100
,,,,,
10.55841542,100846,98468,99313,99853,100
,,,,,
10.56288933,100841,98457,99294,99881,100
,,,,,
10.56736323,100813,98454,99262,99916,100
,,,,,
10.57183714,100765,98457,99217,99956,100
,,,,,
10.57631104,100703,98473,99171,100000,100
,,,,,
10.58078495,100635,98499,99130,100046,100
,,,,,
10.58525885,100567,98543,99108,100093,100
,,,,,
10.58973276,100501,98612,99113,100137,100
,,,,,
10.59420666,100437,98711,99150,100178,100
,,,,,
10.59868057,100374,98841,99219,100215,100
,,,,,
10.60315447,100308,99001,99311,100249,100
,,,,,
10.60762838,100235,99179,99416,100280,100
,,,,,
10.61210228,100154,99364,99518,100310,100
,,,,,
10.61657619,100063,99545,99608,100339,100
,,,,,
10.62105009,99966,99707,99673,100368,100
,,,,,
10.625524,99862,99846,99711,100397,100
,,,,,
10.6299979,99759,99956,99720,100423,100
,,,,,
10.63447181,99661,100034,99699,100446,100
,,,,,
10.63894571,99571,100085,99659,100466,100
,,,,,
10.64341962,99495,100111,99606,100482,100
,,,,,
10.64789352,99435,100117,99548,100495,100
,,,,,
10.65236743,99393,100107,99494,100505,100
,,,,,
10.65684133,99368,100088,99448,100514,100
,,,,,
10.66131523,99358,100066,99417,100521,100
,,,,,
10.66578914,99364,100044,99402,100529,100
,,,,,
10.67026304,99383,100024,99403,100536,100
,,,,,
10.67473695,99413,100006,99417,100542,100
,,,,,
10.67921085,99448,99989,99437,100548,100
,,,,,
10.68368476,99484,99975,99459,100551,100
,,,,,
10.68815866,99514,99967,99481,100552,100
,,,,,
10.69263257,99537,99968,99506,100548,100
,,,,,
10.69710647,99555,99981,99537,100542,100
,,,,,
10.70158038,99573,100005,99579,100533,100
,,,,,
10.70605428,99592,100038,99631,100523,100
,,,,,
10.71052819,99615,100074,99688,100514,100
,,,,,
10.71500209,99644,100110,99750,100504,100
,,,,,
10.719476,99775,100193,99962,100476,100
,,,,,
10.7239499,99842,100214,100049,100464,100
,,,,,
10.72842381,99918,100233,100140,100452,100
,,,,,
10.73289771,99988,100244,100221,100437,100
,,,,,
10.73737162,100043,100242,100274,100422,100
,,,,,
10.74184552,100075,100218,100286,100406,100
,,,,,
10.74631943,100078,100169,100243,100388,100
,,,,,
10.75079333,100054,100095,100148,100371,100
,,,,,
10.75526724,100007,100001,100010,100353,100
,,,,,
10.75974114,99944,99897,99843,100335,100
,,,,,
10.76421505,99874,99790,99664,100318,100
,,,,,
10.76868895,99805,99687,99490,100300,100
,,,,,
10.77316286,99746,99591,99333,100281,100
,,,,,
10.77763676,99701,99505,99201,100259,100
,,,,,
10.78211067,99671,99436,99101,100236,100
,,,,,
10.78658457,99655,99380,99031,100212,100
,,,,,
10.79105848,99647,99344,98988,100187,100
,,,,,
10.79553238,99644,99322,98966,100163,100
,,,,,
10.80000628,99645,99313,98958,100141,100
,,,,,
10.80448019,99648,99313,98963,100119,100
,,,,,
10.80895409,99652,99317,98971,100099,100
,,,,,
10.813428,99655,99322,98979,100078,100
,,,,,
10.8179019,99654,99322,98979,100058,100
,,,,,
10.82237581,99646,99316,98965,100037,100
,,,,,
10.82684971,99636,99305,98943,100017,100
,,,,,
10.83132362,99642,99299,98946,100000,100
,,,,,
10.83579752,99704,99332,99041,99983,100
,,,,,
10.84027143,99874,99449,99327,99968,100
,,,,,
10.84474533,100199,99713,99916,99953,100
,,,,,
10.84921924,100673,100213,100889,99937,100
,,,,,
10.85369314,101239,101028,102265,99920,100
,,,,,
10.85816705,101761,102191,103946,99901,100
,,,,,
10.86264095,102075,103640,105703,99882,100
,,,,,
10.86711486,102066,105127,107179,99864,100
,,,,,
10.87158876,101697,106300,107983,99848,100
,,,,,
10.87606267,101036,106796,107820,99834,100
,,,,,
10.88053657,100246,106393,106632,99822,100
,,,,,
10.88501048,99501,105164,104660,99810,100
,,,,,
10.88948438,98941,103415,102352,99800,100
,,,,,
10.89395829,98635,101574,100205,99790,100
,,,,,
10.89843219,98567,100009,98572,99781,100
,,,,,
10.9029061,98665,98892,97554,99770,100
,,,,,
10.90738,98842,98227,97068,99759,100
,,,,,
10.91185391,99027,97895,96921,99747,100
,,,,,
10.91632781,99176,97767,96944,99734,100
,,,,,
10.92080172,99288,97751,97043,99721,100
,,,,,
10.92527562,99373,97787,97166,99708,100
,,,,,
10.92974953,99448,97854,97310,99696,100
,,,,,
10.93422343,99521,97929,97460,99685,100
,,,,,
10.93869733,99592,98006,97609,99676,100
,,,,,
10.94317124,99660,98081,97752,99670,100
,,,,,
10.94764514,99721,98155,97887,99667,100
,,,,,
10.95211905,99778,98230,98018,99667,100
,,,,,
10.95659295,99831,98306,98144,99669,100
,,,,,
10.96106686,99884,98381,98271,99672,100
,,,,,
10.96554076,99941,98452,98397,99678,100
,,,,,
10.97001467,100004,98515,98521,99683,100
,,,,,
10.97448857,100077,98567,98645,99689,100
,,,,,
10.97896248,100159,98606,98767,99695,100
,,,,,
10.98343638,100252,98629,98883,99699,100
,,,,,
10.98791029,100352,98639,98994,99702,100
,,,,,
10.99238419,100459,98633,99094,99704,100
,,,,,
10.9968581,100567,98616,99185,99707,100
,,,,,
11.001332,100672,98593,99264,99714,100
,,,,,
11.00580591,100767,98567,99332,99725,100
,,,,,
11.01027981,100846,98545,99386,99742,100
,,,,,
11.01475372,100900,98531,99423,99767,100
,,,,,
11.01922762,100926,98528,99437,99799,100
,,,,,
11.02370153,100921,98534,99428,99836,100
,,,,,
11.02817543,100889,98541,99396,99877,100
,,,,,
11.03264934,100835,98553,99348,99922,100
,,,,,
11.03712324,100763,98565,99293,99967,100
,,,,,
11.04159715,100681,98587,99245,100014,100
,,,,,
11.04607105,100594,98629,99213,100059,100
,,,,,
11.05054496,100507,98699,99210,100103,100
,,,,,
11.05501886,100424,98803,99239,100143,100
,,,,,
11.05949277,100344,98941,99300,100179,100
,,,,,
11.06396667,100267,99105,99386,100213,100
,,,,,
11.06844058,100191,99286,99488,100244,100
,,,,,
11.07291448,100112,99468,99589,100273,100
,,,,,
11.07738838,100030,99640,99676,100298,100
,,,,,
11.08186229,99941,99791,99735,100322,100
,,,,,
11.08633619,99845,99913,99759,100341,100
,,,,,
11.0908101,99743,100005,99747,100357,100
,,,,,
11.095284,99636,100069,99703,100371,100
,,,,,
11.09975791,99533,100107,99637,100382,100
,,,,,
11.10423181,99438,100126,99563,100391,100
,,,,,
11.10870572,99360,100130,99491,100398,100
,,,,,
11.11317962,99303,100125,99432,100402,100
,,,,,
11.11765353,99268,100117,99392,100403,100
,,,,,
11.12212743,99253,100109,99370,100402,100
,,,,,
11.12660134,99254,100101,99365,100400,100
,,,,,
11.13107524,99265,100096,99371,100397,100
,,,,,
11.13554915,99281,100092,99382,100393,100
,,,,,
11.14002305,99301,100087,99397,100387,100
,,,,,
11.14449696,99323,100085,99414,100379,100
,,,,,
11.14897086,99348,100084,99436,100366,100
,,,,,
11.15344477,99379,100087,99468,100350,100
,,,,,
11.15791867,99412,100098,99512,100332,100
,,,,,
11.16239258,99450,100118,99568,100313,100
,,,,,
11.16686648,99489,100148,99635,100294,100
,,,,,
11.17134039,99528,100183,99707,100278,100
,,,,,
11.17581429,99572,100218,99787,100262,100
,,,,,
11.1802882,99625,100250,99872,100248,100
,,,,,
11.1847621,99690,100278,99965,100234,100
,,,,,
11.18923601,99766,100301,100068,100218,100
,,,,,
11.19370991,99846,100321,100171,100201,100
,,,,,
11.19818382,99919,100341,100267,100182,100
,,,,,
11.20265772,99976,100354,100339,100161,100
,,,,,
11.20713163,100009,100358,100378,100137,100
,,,,,
11.21160553,100017,100344,100372,100113,100
,,,,,
11.21607944,100003,100305,100317,100087,100
,,,,,
11.22055334,99968,100243,100220,100062,100
,,,,,
11.22502724,99919,100157,100082,100039,100
,,,,,
11.22950115,99856,100053,99916,100017,100
,,,,,
11.23397505,99789,99942,99736,99999,100
,,,,,
11.23844896,99722,99829,99555,99983,100
,,,,,
11.24292286,99666,99722,99392,99969,100
,,,,,
11.24739677,99626,99628,99256,99957,100
,,,,,
11.25187067,99604,99550,99155,99944,100
,,,,,
11.25634458,99595,99489,99086,99931,100
,,,,,
11.26081848,99597,99446,99045,99917,100
,,,,,
11.26529239,99601,99419,99024,99902,100
,,,,,
11.26976629,99605,99406,99016,99887,100
,,,,,
11.2742402,99607,99405,99017,99874,100
,,,,,
11.2787141,99605,99415,99023,99860,100
,,,,,
11.28318801,99602,99429,99031,99849,100
,,,,,
11.28766191,99595,99440,99032,99838,100
,,,,,
11.29213582,99583,99440,99019,99826,100
,,,,,
11.29660972,99568,99427,98993,99815,100
,,,,,
11.30108363,99569,99412,98982,99805,100
,,,,,
11.30555753,99620,99429,99054,99794,100
,,,,,
11.31003144,99771,99534,99314,99784,100
,,,,,
11.31450534,100070,99802,99885,99775,100
,,,,,
11.31897925,100517,100318,100850,99767,100
,,,,,
11.32345315,101058,101169,102241,99759,100
,,,,,
11.32792706,101573,102361,103947,99753,100
,,,,,
11.33240096,101905,103815,105728,99747,100
,,,,,
11.33687487,101934,105310,107246,99741,100
,,,,,
11.34134877,101624,106466,108090,99737,100
,,,,,
11.34582268,101029,106963,107987,99734,100
,,,,,
11.35029658,100297,106577,106866,99732,100
,,,,,
11.35477049,99599,105340,104933,99732,100
,,,,,
11.35924439,99062,103586,102643,99733,100
,,,,,
11.36371829,98761,101711,100467,99736,100
,,,,,
11.3681922,98683,100099,98777,99738,100
,,,,,
11.3726661,98760,98961,97716,99740,100
,,,,,
11.37714001,98922,98282,97199,99739,100
,,,,,
11.38161391,99095,97959,97050,99736,100
,,,,,
11.38608782,99242,97841,97081,99730,100
,,,,,
11.39056172,99354,97820,97171,99723,100
,,,,,
11.39503563,99436,97841,97275,99715,100
,,,,,
11.39950953,99499,97884,97381,99707,100
,,,,,
11.40398344,99554,97941,97493,99700,100
,,,,,
11.40845734,99605,98007,97612,99695,100
,,,,,
11.41293125,99658,98079,97736,99692,100
,,,,,
11.41740515,99710,98149,97859,99691,100
,,,,,
11.42187906,99766,98216,97982,99691,100
,,,,,
11.42635296,99824,98277,98099,99690,100
,,,,,
11.43082687,99885,98333,98214,99688,100
,,,,,
11.43530077,99950,98381,98326,99685,100
,,,,,
11.43977468,100016,98425,98436,99682,100
,,,,,
11.44424858,100086,98465,98548,99679,100
,,,,,
11.44872249,100161,98499,98660,99676,100
,,,,,
11.45319639,100243,98528,98774,99674,100
,,,,,
11.4576703,100335,98550,98888,99671,100
,,,,,
11.4621442,100434,98564,99000,99667,100
,,,,,
11.46661811,100540,98567,99109,99664,100
,,,,,
11.47109201,100647,98565,99213,99664,100
,,,,,
11.47556592,100747,98555,99305,99668,100
,,,,,
11.48003982,100835,98543,99383,99680,100
,,,,,
11.48451373,100901,98530,99436,99701,100
,,,,,
11.48898763,100939,98516,99460,99732,100
,,,,,
11.49346154,100944,98504,99451,99772,100
,,,,,
11.49793544,100917,98494,99412,99820,100
,,,,,
11.50240934,100864,98487,99353,99875,100
,,,,,
11.50688325,100793,98489,99284,99933,100
,,,,,
11.51135715,100712,98503,99218,99993,100
,,,,,
11.51583106,100629,98537,99169,100050,100
,,,,,
11.52030496,100545,98599,99146,100101,100
,,,,,
11.52477887,100462,98691,99155,100148,100
,,,,,
11.52925277,100380,98817,99196,100188,100
,,,,,
11.53372668,100296,98970,99265,100226,100
,,,,,
11.53820058,100210,99142,99352,100261,100
,,,,,
11.54267449,100124,99323,99448,100296,100
,,,,,
11.54714839,100036,99499,99536,100330,100
,,,,,
11.5516223,99945,99660,99606,100362,100
,,,,,
11.5560962,99852,99799,99650,100392,100
,,,,,
11.56057011,99756,99911,99666,100419,100
,,,,,
11.56504401,99660,99996,99656,100443,100
,,,,,
11.56951792,99569,100055,99625,100462,100
,,,,,
11.57399182,99488,100092,99582,100478,100
,,,,,
11.57846573,99421,100109,99536,100489,100
,,,,,
11.58293963,99373,100115,99495,100498,100
,,,,,
11.58741354,99342,100117,99466,100504,100
,,,,,
11.59188744,99327,100116,99451,100510,100
,,,,,
11.59636135,99325,100117,99452,100515,100
,,,,,
11.60083525,99335,100121,99463,100521,100
,,,,,
11.60530916,99351,100124,99482,100526,100
,,,,,
11.60978306,99371,100124,99501,100530,100
,,,,,
11.61425697,99393,100119,99516,100533,100
,,,,,
11.61873087,99414,100109,99525,100533,100
,,,,,
11.62320478,99434,100097,99531,100531,100
,,,,,
11.62767868,99453,100087,99538,100525,100
,,,,,
11.63215259,99474,100085,99556,100516,100
,,,,,
11.63662649,99500,100094,99587,100505,100
,,,,,
11.64110039,99532,100112,99635,100493,100
,,,,,
11.6455743,99569,100136,99695,100481,100
,,,,,
11.6500482,99613,100162,99765,100470,100
,,,,,
11.65452211,99664,100186,99841,100459,100
,,,,,
11.65899601,99722,100207,99924,100449,100
,,,,,
11.66346992,99789,100229,100016,100438,100
,,,,,
11.66794382,99862,100253,100115,100425,100
,,,,,
11.67241773,99934,100277,100216,100408,100
,,,,,
11.67689163,100000,100299,100304,100388,100
,,,,,
11.68136554,100047,100311,100363,100364,100
,,,,,
11.68583944,100073,100303,100382,100339,100
,,,,,
11.69031335,100070,100271,100345,100314,100
,,,,,
11.69478725,99914,100038,99951,100247,100
,,,,,
11.69926116,99837,99935,99773,100230,100
,,,,,
11.70373506,99766,99830,99598,100215,100
,,,,,
11.70820897,99709,99729,99442,100203,100
,,,,,
11.71268287,99673,99634,99314,100191,100
,,,,,
11.71715678,99654,99551,99215,100181,100
,,,,,
11.72163068,99651,99483,99143,100170,100
,,,,,
11.72610459,99654,99433,99097,100160,100
,,,,,
11.73057849,99660,99403,99072,100149,100
,,,,,
11.7350524,99666,99393,99064,100140,100
,,,,,
11.7395263,99669,99399,99070,100133,100
,,,,,
11.74400021,99671,99412,99083,100127,100
,,,,,
11.74847411,99671,99427,99095,100123,100
,,,,,
11.75294802,99667,99435,99100,100120,100
,,,,,
11.75742192,99657,99432,99088,100118,100
,,,,,
11.76189583,99645,99416,99059,100116,100
,,,,,
11.76636973,99643,99397,99041,100114,100
,,,,,
11.77084364,99687,99400,99088,100113,100
,,,,,
11.77531754,99824,99469,99296,100111,100
,,,,,
11.77979144,100111,99668,99782,100108,100
,,,,,
11.78426535,100564,100066,100633,100102,100
,,,,,
11.78873925,101133,100763,101899,100096,100
,,,,,
11.79321316,101712,101794,103509,100088,100
,,,,,
11.79768706,102128,103136,105264,100081,100
,,,,,
11.80216097,102238,104638,106875,100077,100
,,,,,
11.80663487,101987,105953,107937,100075,100
,,,,,
11.81110878,101401,106742,108140,100076,100
,,,,,
11.81558268,100633,106716,107347,100079,100
,,,,,
11.82005659,99867,105794,105659,100082,100
,,,,,
11.82453049,99244,104233,103477,100083,100
,,,,,
11.8290044,98862,102398,101262,100080,100
,,,,,
11.8334783,98718,100696,99418,100075,100
,,,,,
11.83795221,98751,99405,98164,100068,100
,,,,,
11.84242611,98891,98568,97467,100059,100
,,,,,
11.84690002,99060,98115,97184,100049,100
,,,,,
11.85137392,99216,97910,97134,100040,100
,,,,,
11.85584783,99341,97835,97182,100030,100
,,,,,
11.86032173,99440,97827,97269,100018,100
,,,,,
11.86479564,99521,97855,97374,100007,100
,,,,,
11.86926954,99594,97904,97493,99996,100
,,,,,
11.87374345,99663,97966,97621,99986,100
,,,,,
11.87821735,99727,98035,97753,99978,100
,,,,,
11.88269126,99785,98103,97881,99970,100
,,,,,
11.88716516,99837,98169,98001,99964,100
,,,,,
11.89163907,99885,98233,98116,99957,100
,,,,,
11.89611297,99933,98292,98228,99952,100
,,,,,
11.90058688,99987,98348,98339,99946,100
,,,,,
11.90506078,100048,98398,98455,99942,100
,,,,,
11.90953469,100122,98441,98574,99940,100
,,,,,
11.91400859,100208,98478,98695,99938,100
,,,,,
11.91848249,100305,98506,98819,99938,100
,,,,,
11.9229564,100411,98526,98943,99937,100
,,,,,
11.9274303,100522,98537,99062,99936,100
,,,,,
11.93190421,100636,98537,99173,99937,100
,,,,,
11.93637811,100748,98527,99270,99940,100
,,,,,
11.94085202,100849,98508,99349,99945,100
,,,,,
11.94532592,100937,98482,99408,99955,100
,,,,,
11.94979983,101004,98453,99445,99968,100
,,,,,
11.95427373,101045,98426,99459,99986,100
,,,,,
11.95874764,101058,98403,99451,100010,100
,,,,,
11.96322154,101045,98389,99426,100038,100
,,,,,
11.96769545,101006,98386,99389,100074,100
,,,,,
11.97216935,100950,98396,99347,100115,100
,,,,,
11.97664326,100878,98425,99308,100161,100
,,,,,
11.98111716,100798,98475,99281,100210,100
,,,,,
11.98559107,100712,98551,99272,100257,100
,,,,,
11.99006497,100623,98657,99290,100303,100
,,,,,
11.99453888,100532,98795,99337,100344,100
,,,,,
11.99901278,100439,98963,99411,100383,100
,,,,,
12.00348669,100342,99152,99502,100418,100
,,,,,
12.00796059,100243,99348,99597,100452,100
,,,,,
12.0124345,100140,99536,99682,100485,100
,,,,,
12.0169084,100036,99702,99742,100518,100
,,,,,
12.02138231,99932,99838,99774,100551,100
,,,,,
12.02585621,99830,99942,99777,100584,100
,,,,,
12.03033012,99734,100015,99755,100616,100
,,,,,
12.03480402,99644,100065,99715,100647,100
,,,,,
12.03927793,99565,100095,99666,100677,100
,,,,,
12.04375183,99499,100111,99616,100702,100
,,,,,
12.04822574,99450,100117,99572,100725,100
,,,,,
12.05269964,99417,100116,99538,100745,100
,,,,,
12.05717355,99400,100114,99518,100762,100
,,,,,
12.06164745,99398,100109,99509,100777,100
,,,,,
12.06612135,99404,100105,99512,100791,100
,,,,,
12.07059526,99417,100102,99521,100803,100
,,,,,
12.07506916,99433,100099,99534,100813,100
,,,,,
12.07954307,99451,100097,99549,100820,100
,,,,,
12.08401697,99471,100094,99565,100824,100
,,,,,
12.08849088,99494,100089,99581,100826,100
,,,,,
12.09296478,99521,100082,99600,100823,100
,,,,,
12.09743869,99551,100074,99621,100817,100
,,,,,
12.10191259,99583,100068,99648,100805,100
,,,,,
12.1063865,99614,100067,99680,100789,100
,,,,,
12.1108604,99644,100075,99718,100768,100
,,,,,
12.11533431,99670,100091,99762,100745,100
,,,,,
12.11980821,99694,100113,99807,100721,100
,,,,,
12.12428212,99722,100138,99859,100697,100
,,,,,
12.12875602,99761,100161,99919,100675,100
,,,,,
12.13322993,99815,100183,99995,100653,100
,,,,,
12.13770383,99887,100206,100089,100631,100
,,,,,
12.14217774,99971,100231,100199,100609,100
,,,,,
12.14665164,100056,100257,100313,100586,100
,,,,,
12.15112555,100130,100279,100411,100563,100
,,,,,
12.15559945,100182,100288,100474,100538,100
,,,,,
12.16007336,100207,100279,100489,100512,100
,,,,,
12.16454726,100202,100244,100450,100485,100
,,,,,
12.16902117,100173,100183,100359,100458,100
,,,,,
12.17349507,100122,100100,100224,100431,100
,,,,,
12.17796898,100054,100002,100058,100404,100
,,,,,
12.18244288,99976,99897,99875,100379,100
,,,,,
12.18691679,99899,99795,99697,100354,100
,,,,,
12.19139069,99832,99701,99537,100331,100
,,,,,
12.1958646,99782,99621,99407,100308,100
,,,,,
12.2003385,99751,99556,99311,100287,100
,,,,,
12.2048124,99736,99508,99247,100266,100
,,,,,
12.20928631,99735,99472,99206,100246,100
,,,,,
12.21376021,99738,99447,99181,100228,100
,,,,,
12.21823412,99745,99429,99166,100213,100
,,,,,
12.22270802,99753,99416,99157,100200,100
,,,,,
12.22718193,99759,99407,99152,100191,100
,,,,,
12.23165583,99764,99400,99151,100184,100
,,,,,
12.23612974,99765,99390,99145,100177,100
,,,,,
12.24060364,99762,99376,99131,100169,100
,,,,,
12.24507755,99756,99359,99111,100160,100
,,,,,
12.24955145,99763,99349,99110,100149,100
,,,,,
12.25402536,99813,99368,99180,100139,100
,,,,,
12.25849926,99952,99466,99416,100130,100
,,,,,
12.26297317,100230,99698,99924,100120,100
,,,,,
12.26744707,100661,100141,100797,100112,100
,,,,,
12.27192098,101203,100890,102086,100105,100
,,,,,
12.27639488,101752,101980,103725,100099,100
,,,,,
12.28086879,102153,103369,105514,100094,100
,,,,,
12.28534269,102261,104887,107141,100089,100
,,,,,
12.2898166,102012,106180,108186,100084,100
,,,,,
12.2942905,101431,106890,108317,100078,100
,,,,,
12.29876441,100658,106768,107424,100071,100
,,,,,
12.30323831,99881,105754,105632,100061,100
,,,,,
12.30771222,99253,104120,103371,100051,100
,,,,,
12.31218612,98877,102266,101141,100040,100
,,,,,
12.31666003,98752,100565,99316,100030,100
,,,,,
12.32113393,98810,99289,98098,100023,100
,,,,,
12.32560784,98965,98471,97436,100017,100
,,,,,
12.33008174,99136,98023,97159,100012,100
,,,,,
12.33455565,99281,97823,97105,100008,100
,,,,,
12.33902955,99392,97749,97142,100002,100
,,,,,
12.34350345,99480,97737,97218,99995,100
,,,,,
12.34797736,99558,97757,97316,99985,100
,,,,,
12.35245126,99635,97793,97430,99973,100
,,,,,
12.35692517,99714,97841,97557,99958,100
,,,,,
12.36139907,99793,97896,97692,99941,100
,,,,,
12.36587298,99872,97954,97830,99924,100
,,,,,
12.37034688,99950,98014,97967,99908,100
,,,,,
12.37482079,100025,98069,98099,99893,100
,,,,,
12.37929469,100101,98120,98225,99881,100
,,,,,
12.3837686,100176,98166,98345,99871,100
,,,,,
12.3882425,100251,98206,98460,99863,100
,,,,,
12.39271641,100327,98240,98571,99856,100
,,,,,
12.39719031,100405,98270,98678,99850,100
,,,,,
12.40166422,100485,98291,98779,99844,100
,,,,,
12.40613812,100568,98305,98877,99839,100
,,,,,
12.41061203,100656,98311,98972,99836,100
,,,,,
12.41508593,100747,98310,99063,99835,100
,,,,,
12.41955984,100840,98305,99151,99840,100
,,,,,
12.42403374,100929,98296,99231,99848,100
,,,,,
12.42850765,101005,98287,99297,99862,100
,,,,,
12.43298155,101066,98278,99347,99881,100
,,,,,
12.43745546,101105,98267,99377,99905,100
,,,,,
12.44192936,101124,98259,99386,99936,100
,,,,,
12.44640327,101120,98256,99378,99971,100
,,,,,
12.45087717,101093,98260,99353,100012,100
,,,,,
12.45535108,101045,98276,99318,100057,100
,,,,,
12.45982498,100974,98307,99278,100103,100
,,,,,
12.46429889,100887,98358,99243,100150,100
,,,,,
12.46877279,100791,98435,99224,100195,100
,,,,,
12.4732467,100692,98541,99231,100238,100
,,,,,
12.4777206,100593,98678,99270,100276,100
,,,,,
12.4821945,100497,98845,99339,100314,100
,,,,,
12.48666841,100402,99033,99429,100349,100
,,,,,
12.49114231,100303,99231,99528,100387,100
,,,,,
12.49561622,100200,99427,99620,100426,100
,,,,,
12.50009012,100090,99609,99694,100469,100
,,,,,
12.50456403,99976,99767,99738,100512,100
,,,,,
12.50903793,99861,99896,99753,100554,100
,,,,,
12.51351184,99752,99991,99738,100595,100
,,,,,
12.51798574,99651,100053,99701,100630,100
,,,,,
12.52245965,99561,100088,99647,100662,100
,,,,,
12.52693355,99486,100100,99585,100687,100
,,,,,
12.53140746,99428,100098,99526,100709,100
,,,,,
12.53588136,99385,100089,99478,100725,100
,,,,,
12.54035527,99360,100081,99445,100740,100
,,,,,
12.54482917,99349,100076,99431,100751,100
,,,,,
12.54930308,99353,100074,99434,100761,100
,,,,,
12.55377698,99370,100073,99449,100769,100
,,,,,
12.55825089,99397,100070,99471,100774,100
,,,,,
12.56272479,99433,100063,99498,100776,100
,,,,,
12.5671987,99475,100052,99528,100774,100
,,,,,
12.5716726,99522,100038,99559,100769,100
,,,,,
12.57614651,99571,100022,99591,100759,100
,,,,,
12.58062041,99617,100007,99620,100746,100
,,,,,
12.58509432,99657,99991,99644,100728,100
,,,,,
12.58956822,99693,99976,99664,100707,100
,,,,,
12.59404213,99724,99965,99685,100682,100
,,,,,
12.59851603,99754,99960,99710,100654,100
,,,,,
12.60298994,99784,99966,99747,100624,100
,,,,,
12.60746384,99814,99981,99792,100593,100
,,,,,
12.61193775,99840,100001,99840,100562,100
,,,,,
12.61641165,99861,100025,99885,100531,100
,,,,,
12.62088555,99878,100048,99928,100499,100
,,,,,
12.62535946,99902,100074,99977,100469,100
,,,,,
12.62983336,99943,100102,100046,100439,100
,,,,,
12.63430727,100009,100133,100142,100409,100
,,,,,
12.63878117,100096,100165,100261,100378,100
,,,,,
12.64325508,100190,100193,100382,100347,100
,,,,,
12.64772898,100271,100210,100482,100316,100
,,,,,
12.65220289,100322,100211,100535,100285,100
,,,,,
12.65667679,100338,100190,100531,100254,100
,,,,,
12.6611507,100319,100146,100471,100225,100
,,,,,
12.6656246,100274,100084,100364,100199,100
,,,,,
12.67009851,100065,99820,99901,100131,100
,,,,,
12.67457241,100000,99725,99744,100110,100
,,,,,
12.67904632,99949,99638,99606,100089,100
,,,,,
12.68352022,99917,99563,99497,100069,100
,,,,,
12.68799413,99908,99503,99422,100049,100
,,,,,
12.69246803,99915,99461,99380,100031,100
,,,,,
12.69694194,99933,99433,99364,100014,100
,,,,,
12.70141584,99957,99414,99365,99999,100
,,,,,
12.70588975,99976,99400,99370,99985,100
,,,,,
12.71036365,99985,99390,99369,99972,100
,,,,,
12.71483756,99979,99384,99357,99959,100
,,,,,
12.71931146,99956,99381,99330,99948,100
,,,,,
12.72378537,99921,99380,99293,99938,100
,,,,,
12.72825927,99882,99380,99253,99926,100
,,,,,
12.73273318,99854,99383,99229,99915,100
,,,,,
12.73720708,99865,99401,99260,99902,100
,,,,,
12.74168099,99955,99471,99423,99890,100
,,,,,
12.74615489,100175,99637,99814,99878,100
,,,,,
12.7506288,100562,99969,100534,99867,100
,,,,,
12.7551027,101100,100556,101658,99857,100
,,,,,
12.7595766,101706,101456,103165,99848,100
,,,,,
12.76405051,102235,102658,104893,99838,100
,,,,,
12.76852441,102515,104056,106569,99827,100
,,,,,
12.77299832,102431,105363,107790,99815,100
,,,,,
12.77747222,101963,106235,108192,99801,100
,,,,,
12.78194613,101213,106396,107601,99787,100
,,,,,
12.78642003,100363,105709,106064,99772,100
,,,,,
12.79089394,99605,104340,103936,99759,100
,,,,,
12.79536784,99077,102639,101709,99747,100
,,,,,
12.79984175,98825,100968,99790,99738,100
,,,,,
12.80431565,98809,99637,98445,99731,100
,,,,,
12.80878956,98940,98741,97684,99724,100
,,,,,
12.81326346,99125,98225,97356,99716,100
,,,,,
12.81773737,99302,97983,97290,99705,100
,,,,,
12.82221127,99441,97885,97334,99692,100
,,,,,
12.82668518,99548,97859,97415,99676,100
,,,,,
12.83115908,99635,97864,97505,99660,100
,,,,,
12.83563299,99709,97886,97600,99644,100
,,,,,
12.84010689,99777,97918,97699,99631,100
,,,,,
12.8445808,99841,97960,97803,99622,100
,,,,,
12.8490547,99901,98013,97912,99616,100
,,,,,
12.85352861,99959,98073,98031,99615,100
,,,,,
12.85800251,100022,98140,98159,99615,100
,,,,,
12.86247642,100089,98209,98294,99617,100
,,,,,
12.86695032,100160,98274,98430,99618,100
,,,,,
12.87142423,100235,98334,98564,99619,100
,,,,,
12.87589813,100312,98384,98691,99617,100
,,,,,
12.88037204,100391,98423,98811,99616,100
,,,,,
12.88484594,100476,98451,98923,99615,100
,,,,,
12.88931985,100565,98469,99032,99616,100
,,,,,
12.89379375,100662,98477,99137,99619,100
,,,,,
12.89826766,100766,98473,99240,99624,100
,,,,,
12.90274156,100873,98462,99337,99634,100
,,,,,
12.90721546,100980,98443,99424,99647,100
,,,,,
12.91168937,101076,98421,99500,99665,100
,,,,,
12.91616327,101156,98400,99562,99689,100
,,,,,
12.92063718,101215,98385,99608,99718,100
,,,,,
12.92511108,101248,98381,99640,99753,100
,,,,,
12.92958499,101256,98387,99657,99793,100
,,,,,
12.93405889,101239,98407,99658,99835,100
,,,,,
12.9385328,101202,98439,99651,99878,100
,,,,,
12.9430067,101147,98482,99637,99921,100
,,,,,
12.94748061,101079,98540,99623,99964,100
,,,,,
12.95195451,100998,98615,99616,100004,100
,,,,,
12.95642842,100905,98708,99616,100043,100
,,,,,
12.96090232,100802,98823,99627,100079,100
,,,,,
12.96537623,100689,98959,99650,100115,100
,,,,,
12.96985013,100571,99114,99685,100148,100
,,,,,
12.97432404,100452,99280,99730,100178,100
,,,,,
12.97879794,100334,99449,99780,100206,100
,,,,,
12.98327185,100221,99609,99825,100234,100
,,,,,
12.98774575,100111,99752,99859,100261,100
,,,,,
12.99221966,100002,99871,99872,100287,100
,,,,,
12.99669356,99896,99965,99864,100313,100
,,,,,
13.00116747,99796,100034,99834,100335,100
,,,,,
13.00564137,99704,100078,99787,100352,100
,,,,,
13.01011528,99627,100102,99733,100362,100
,,,,,
13.01458918,99565,100110,99678,100367,100
,,,,,
13.01906309,99521,100108,99629,100366,100
,,,,,
13.02353699,99494,100101,99593,100361,100
,,,,,
13.0280109,99482,100094,99571,100353,100
,,,,,
13.0324848,99484,100088,99567,100343,100
,,,,,
13.03695871,99500,100082,99575,100331,100
,,,,,
13.04143261,99525,100075,99594,100317,100
,,,,,
13.04590651,99555,100067,99617,100302,100
,,,,,
13.05038042,99589,100053,99638,100287,100
,,,,,
13.05485432,99622,100037,99654,100271,100
,,,,,
13.05932823,99650,100021,99666,100255,100
,,,,,
13.06380213,99674,100004,99673,100238,100
,,,,,
13.06827604,99696,99991,99682,100221,100
,,,,,
13.07274994,99717,99982,99695,100203,100
,,,,,
13.07722385,99741,99975,99714,100183,100
,,,,,
13.08169775,99767,99972,99738,100159,100
,,,,,
13.08617166,99794,99974,99767,100134,100
,,,,,
13.09064556,99818,99982,99800,100106,100
,,,,,
13.09511947,99837,99996,99833,100077,100
,,,,,
13.09959337,99851,100016,99867,100049,100
,,,,,
13.10406728,99861,100040,99901,100023,100
,,,,,
13.10854118,99874,100066,99938,99999,100
,,,,,
13.11301509,99897,100092,99987,99977,100
,,,,,
13.11748899,99937,100118,100054,99954,100
,,,,,
13.1219629,99995,100145,100142,99931,100
,,,,,
13.1264368,100069,100176,100251,99906,100
,,,,,
13.13091071,100148,100209,100367,99878,100
,,,,,
13.13538461,100222,100239,100473,99849,100
,,,,,
13.13985852,100278,100259,100549,99819,100
,,,,,
13.14433242,100310,100257,100577,99790,100
,,,,,
13.14880633,100314,100226,100549,99764,100
,,,,,
13.15328023,100291,100163,100460,99741,100
,,,,,
13.15775414,100246,100069,100320,99722,100
,,,,,
13.16222804,100182,99952,100139,99707,100
,,,,,
13.16670195,100108,99826,99939,99695,100
,,,,,
13.17117585,100034,99700,99738,99685,100
,,,,,
13.17564976,99970,99585,99558,99678,100
,,,,,
13.18012366,99923,99486,99410,99674,100
,,,,,
13.18459756,99894,99408,99301,99673,100
,,,,,
13.18907147,99880,99353,99230,99676,100
,,,,,
13.19354537,99876,99319,99189,99683,100
,,,,,
13.19801928,99875,99300,99167,99692,100
,,,,,
13.20249318,99874,99293,99159,99703,100
,,,,,
13.20696709,99874,99291,99155,99715,100
,,,,,
13.21144099,99875,99289,99156,99727,100
,,,,,
13.2159149,99878,99287,99158,99741,100
,,,,,
13.2203888,99879,99282,99158,99759,100
,,,,,
13.22486271,99874,99275,99148,99780,100
,,,,,
13.22933661,99860,99264,99126,99805,100
,,,,,
13.23381052,99844,99253,99100,99833,100
,,,,,
13.23828442,99857,99261,99122,99862,100
,,,,,
13.24275833,99945,99327,99275,99889,100
,,,,,
13.24723223,100164,99525,99692,99914,100
,,,,,
13.25170614,100551,99935,100488,99936,100
,,,,,
13.25618004,101066,100670,101738,99954,100
,,,,,
13.26065395,101625,101774,103400,99971,100
,,,,,
13.26512785,102069,103191,105260,99985,100
,,,,,
13.26960176,102243,104754,106997,99998,100
,,,,,
13.27407566,102084,106085,108169,100009,100
,,,,,
13.27854957,101589,106830,108420,100018,100
,,,,,
13.28302347,100884,106725,107609,100025,100
,,,,,
13.28749738,100140,105703,105841,100029,100
,,,,,
13.29197128,99492,104050,103538,100031,100
,,,,,
13.29644519,99054,102155,101203,100031,100
,,,,,
13.30091909,98849,100424,99266,100029,100
,,,,,
13.305393,98835,99138,97967,100024,100
,,,,,
13.3098669,98956,98326,97275,100013,100
,,,,,
13.31434081,99132,97908,97033,99999,100
,,,,,
13.31881471,99309,97733,97035,99980,100
,,,,,
13.32328861,99459,97678,97131,99959,100
,,,,,
13.32776252,99576,97682,97252,99937,100
,,,,,
13.33223642,99664,97717,97375,99915,100
,,,,,
13.33671033,99735,97772,97503,99897,100
,,,,,
13.34118423,99798,97843,97635,99881,100
,,,,,
13.34565814,99855,97922,97770,99866,100
,,,,,
13.35013204,99910,98004,97905,99852,100
,,,,,
13.35460595,99963,98087,98041,99836,100
,,,,,
13.35907985,100017,98165,98174,99818,100
,,,,,
13.36355376,100073,98238,98306,99797,100
,,,,,
13.36802766,100131,98303,98432,99774,100
,,,,,
13.37250157,100193,98356,98551,99749,100
,,,,,
13.37697547,100260,98401,98664,99724,100
,,,,,
13.38144938,100334,98438,98776,99699,100
,,,,,
13.38592328,100414,98470,98889,99676,100
,,,,,
13.39039719,100501,98497,99006,99653,100
,,,,,
13.39487109,100592,98521,99124,99632,100
,,,,,
13.399345,100686,98543,99239,99614,100
,,,,,
13.4038189,100777,98561,99348,99602,100
,,,,,
13.40829281,100865,98575,99450,99596,100
,,,,,
13.41276671,100946,98585,99538,99599,100
,,,,,
13.41724062,101016,98591,99611,99612,100
,,,,,
13.42171452,101068,98594,99666,99636,100
,,,,,
13.42618843,101097,98596,99696,99671,100
,,,,,
13.43066233,101099,98599,99703,99713,100
,,,,,
13.43513624,101075,98607,99688,99763,100
,,,,,
13.43961014,101029,98620,99653,99817,100
,,,,,
13.44408405,100964,98640,99608,99869,100
,,,,,
13.44855795,100888,98667,99558,99923,100
,,,,,
13.45303186,100804,98708,99512,99972,100
,,,,,
13.45750576,100717,98766,99482,100019,100
,,,,,
13.46197966,100626,98849,99474,100063,100
,,,,,
13.46645357,100533,98960,99493,100104,100
,,,,,
13.47092747,100439,99097,99537,100142,100
,,,,,
13.47540138,100341,99254,99597,100176,100
,,,,,
13.47987528,100241,99416,99659,100207,100
,,,,,
13.48434919,100138,99569,99710,100234,100
,,,,,
13.48882309,100033,99702,99740,100258,100
,,,,,
13.493297,99928,99808,99742,100279,100
,,,,,
13.4977709,99828,99887,99719,100299,100
,,,,,
13.50224481,99735,99939,99679,100316,100
,,,,,
13.50671871,99654,99971,99628,100334,100
,,,,,
13.51119262,99589,99988,99577,100349,100
,,,,,
13.51566652,99541,99996,99535,100363,100
,,,,,
13.52014043,99509,100000,99504,100375,100
,,,,,
13.52461433,99492,100003,99488,100383,100
,,,,,
13.52908824,99485,100004,99483,100389,100
,,,,,
13.53356214,99487,100006,99487,100394,100
,,,,,
13.53803605,99495,100005,99497,100398,100
,,,,,
13.54250995,99508,100002,99509,100402,100
,,,,,
13.54698386,99525,99994,99521,100405,100
,,,,,
13.55145776,99547,99983,99533,100406,100
,,,,,
13.55593167,99571,99972,99547,100405,100
,,,,,
13.56040557,99599,99961,99563,100399,100
,,,,,
13.56487948,99629,99951,99584,100390,100
,,,,,
13.56935338,99660,99940,99606,100377,100
,,,,,
13.57382729,99693,99928,99628,100361,100
,,,,,
13.57830119,99725,99914,99646,100345,100
,,,,,
13.5827751,99756,99896,99660,100327,100
,,,,,
13.587249,99787,99880,99673,100310,100
,,,,,
13.59172291,99815,99869,99688,100293,100
,,,,,
13.59619681,99837,99868,99709,100274,100
,,,,,
13.60067071,99853,99880,99736,100254,100
,,,,,
13.60514462,99864,99904,99769,100231,100
,,,,,
13.60961852,99873,99936,99810,100207,100
,,,,,
13.61409243,99889,99973,99862,100180,100
,,,,,
13.61856633,99920,100011,99931,100153,100
,,,,,
13.62304024,99972,100049,100020,100125,100
,,,,,
13.62751414,100041,100085,100125,100099,100
,,,,,
13.63198805,100119,100119,100236,100075,100
,,,,,
13.63646195,100191,100146,100334,100055,100
,,,,,
13.64093586,100243,100160,100400,100037,100
,,,,,
13.64540976,100227,100077,100301,99985,100
,,,,,
13.64988367,100173,100002,100173,99965,100
,,,,,
13.65435757,100104,99908,100010,99945,100
,,,,,
13.65883148,100029,99804,99831,99926,100
,,,,,
13.66330538,99955,99697,99650,99908,100
,,,,,
13.66777929,99891,99598,99485,99893,100
,,,,,
13.67225319,99842,99515,99352,99880,100
,,,,,
13.6767271,99811,99452,99257,99868,100
,,,,,
13.681201,99795,99412,99200,99858,100
,,,,,
13.68567491,99789,99390,99175,99848,100
,,,,,
13.69014881,99790,99380,99166,99841,100
,,,,,
13.69462272,99792,99374,99165,99834,100
,,,,,
13.69909662,99795,99368,99163,99828,100
,,,,,
13.70357053,99796,99362,99159,99822,100
,,,,,
13.70804443,99797,99357,99155,99815,100
,,,,,
13.71251834,99796,99352,99150,99808,100
,,,,,
13.71699224,99792,99348,99141,99800,100
,,,,,
13.72146615,99784,99342,99127,99790,100
,,,,,
13.72594005,99785,99339,99124,99780,100
,,,,,
13.73041396,99818,99359,99175,99770,100
,,,,,
13.73488786,99927,99439,99363,99760,100
,,,,,
13.73936177,100158,99642,99798,99752,100
,,,,,
13.74383567,100531,100047,100578,99745,100
,,,,,
13.74830957,101013,100759,101774,99740,100
,,,,,
13.75278348,101516,101841,103361,99735,100
,,,,,
13.75725738,101900,103263,105169,99732,100
,,,,,
13.76173129,102034,104860,106899,99729,100
,,,,,
13.76620519,101853,106284,108142,99726,100
,,,,,
13.7706791,101366,107135,108503,99723,100
,,,,,
13.775153,100681,107113,107795,99720,100
,,,,,
13.77962691,99958,106145,106103,99716,100
,,,,,
13.78410081,99334,104464,103798,99712,100
,,,,,
13.78857472,98920,102503,101423,99708,100
,,,,,
13.79304862,98744,100691,99437,99705,100
,,,,,
13.79752253,98763,99316,98081,99701,100
,,,,,
13.80199643,98907,98452,97364,99698,100
,,,,,
13.80647034,99098,98000,97104,99694,100
,,,,,
13.81094424,99277,97807,97091,99689,100
,,,,,
13.81541815,99421,97751,97179,99683,100
,,,,,
13.81989205,99530,97751,97289,99675,100
,,,,,
13.82436596,99615,97784,97406,99667,100
,,,,,
13.82883986,99689,97837,97532,99660,100
,,,,,
13.83331377,99757,97904,97665,99652,100
,,,,,
13.83778767,99820,97979,97801,99645,100
,,,,,
13.84226158,99878,98057,97936,99639,100
,,,,,
13.84673548,99933,98135,98067,99634,100
,,,,,
13.85120939,99986,98210,98195,99630,100
,,,,,
13.85568329,100039,98280,98318,99625,100
,,,,,
13.8601572,100096,98344,98439,99619,100
,,,,,
13.8646311,100155,98403,98558,99613,100
,,,,,
13.86910501,100218,98458,98676,99607,100
,,,,,
13.87357891,100286,98505,98793,99601,100
,,,,,
13.87805282,100357,98549,98909,99596,100
,,,,,
13.88252672,100435,98587,99025,99592,100
,,,,,
13.88700062,100518,98616,99140,99591,100
,,,,,
13.89147453,100607,98638,99252,99593,100
,,,,,
13.89594843,100701,98653,99360,99601,100
,,,,,
13.90042234,100794,98660,99459,99616,100
,,,,,
13.90489624,100881,98664,99547,99638,100
,,,,,
13.90937015,100954,98663,99617,99668,100
,,,,,
13.91384405,101008,98658,99665,99702,100
,,,,,
13.91831796,101038,98649,99686,99740,100
,,,,,
13.92279186,101044,98634,99679,99781,100
,,,,,
13.92726577,101027,98619,99646,99821,100
,,,,,
13.93173967,100988,98605,99594,99864,100
,,,,,
13.93621358,100931,98602,99532,99908,100
,,,,,
13.94068748,100859,98615,99473,99955,100
,,,,,
13.94516139,100776,98651,99425,100003,100
,,,,,
13.94963529,100685,98714,99398,100052,100
,,,,,
13.9541092,100590,98805,99393,100100,100
,,,,,
13.9585831,100491,98921,99410,100145,100
,,,,,
13.96305701,100389,99059,99443,100187,100
,,,,,
13.96753091,100285,99209,99487,100222,100
,,,,,
13.97200482,100179,99362,99530,100254,100
,,,,,
13.97647872,100072,99509,99569,100280,100
,,,,,
13.98095263,99964,99642,99596,100305,100
,,,,,
13.98542653,99860,99755,99606,100326,100
,,,,,
13.98990044,99760,99844,99599,100347,100
,,,,,
13.99437434,99667,99907,99574,100367,100
,,,,,
13.99884825,99585,99946,99535,100386,100
,,,,,
14.00332215,99516,99967,99488,100404,100
,,,,,
14.00779606,99459,99975,99441,100419,100
,,,,,
14.01226996,99416,99981,99402,100432,100
,,,,,
14.01674387,99386,99989,99377,100441,100
,,,,,
14.02121777,99367,100003,99370,100448,100
,,,,,
14.02569167,99359,100022,99377,100452,100
,,,,,
14.03016558,99361,100041,99396,100452,100
,,,,,
14.03463948,99374,100057,99421,100450,100
,,,,,
14.03911339,99395,100065,99449,100445,100
,,,,,
14.04358729,99423,100065,99479,100438,100
,,,,,
14.0480612,99457,100060,99508,100428,100
,,,,,
14.0525351,99493,100052,99539,100417,100
,,,,,
14.05700901,99530,100043,99568,100403,100
,,,,,
14.06148291,99563,100034,99593,100387,100
,,,,,
14.06595682,99592,100022,99613,100369,100
,,,,,
14.07043072,99619,100006,99626,100349,100
,,,,,
14.07490463,99643,99985,99633,100326,100
,,,,,
14.07937853,99667,99964,99638,100302,100
,,,,,
14.08385244,99690,99947,99644,100275,100
,,,,,
14.08832634,99710,99942,99659,100245,100
,,,,,
14.09280025,99724,99954,99684,100214,100
,,,,,
14.09727415,99730,99984,99721,100182,100
,,,,,
14.10174806,99733,100025,99766,100148,100
,,,,,
14.10622196,99740,100073,99820,100114,100
,,,,,
14.11069587,99754,100121,99884,100079,100
,,,,,
14.11516977,99787,100167,99963,100044,100
,,,,,
14.11964368,99839,100214,100061,100006,100
,,,,,
14.12411758,99908,100258,100172,99966,100
,,,,,
14.12859149,99986,100300,100290,99925,100
,,,,,
14.13306539,100059,100331,100394,99883,100
,,,,,
14.1375393,100118,100345,100465,99840,100
,,,,,
14.1420132,100154,100334,100491,99798,100
,,,,,
14.14648711,100163,100292,100460,99760,100
,,,,,
14.15096101,100147,100226,100378,99725,100
,,,,,
14.15543492,100107,100135,100247,99696,100
,,,,,
14.15990882,100047,100024,100079,99671,100
,,,,,
14.16438272,99975,99905,99890,99654,100
,,,,,
14.16885663,99903,99782,99695,99641,100
,,,,,
14.17333053,99839,99666,99517,99633,100
,,,,,
14.17780444,99795,99564,99372,99627,100
,,,,,
14.18227834,99770,99481,99263,99626,100
,,,,,
14.18675225,99761,99424,99195,99627,100
,,,,,
14.19122615,99763,99388,99156,99629,100
,,,,,
14.19570006,99766,99369,99135,99634,100
,,,,,
14.20017396,99770,99360,99124,99639,100
,,,,,
14.20464787,99770,99357,99117,99646,100
,,,,,
14.20912177,99768,99355,99112,99654,100
,,,,,
14.21359568,99766,99355,99110,99664,100
,,,,,
14.21806958,99763,99353,99106,99676,100
,,,,,
14.22254349,99754,99345,99094,99691,100
,,,,,
14.22701739,99738,99330,99064,99706,100
,,,,,
14.2314913,99717,99308,99023,99721,100
,,,,,
14.2359652,99717,99291,99007,99735,100
,,,,,
14.24043911,99783,99318,99100,99745,100
,,,,,
14.24491301,99980,99457,99433,99753,100
,,,,,
14.24938692,100346,99781,100125,99758,100
,,,,,
14.25386082,100855,100430,101282,99762,100
,,,,,
14.25833473,101417,101471,102885,99766,100
,,,,,
14.26280863,101866,102889,104751,99770,100
,,,,,
14.26728254,102042,104558,106596,99774,100
,,,,,
14.27175644,101875,106096,107968,99778,100
,,,,,
14.27623035,101377,107113,108490,99782,100
,,,,,
14.28070425,100688,107285,107974,99784,100
,,,,,
14.28517816,99988,106463,106453,99783,100
,,,,,
14.28965206,99415,104895,104312,99780,100
,,,,,
14.29412597,99061,102964,102028,99775,100
,,,,,
14.29859987,98927,101111,100040,99770,100
,,,,,
14.30307377,98952,99674,98628,99763,100
,,,,,
14.30754768,99068,98720,97788,99756,100
,,,,,
14.31202158,99204,98198,97402,99747,100
,,,,,
14.31649549,99322,97956,97277,99737,100
,,,,,
14.32096939,99407,97865,97271,99725,100
,,,,,
14.3254433,99468,97853,97317,99713,100
,,,,,
14.3299172,99513,97880,97388,99702,100
,,,,,
14.33439111,99555,97934,97486,99690,100
,,,,,
14.33886501,99602,98005,97604,99681,100
,,,,,
14.34333892,99655,98083,97734,99673,100
,,,,,
14.34781282,99713,98159,97871,99666,100
,,,,,
14.35228673,99778,98231,98009,99659,100
,,,,,
14.35676063,99844,98301,98148,99652,100
,,,,,
14.36123454,99912,98370,98287,99644,100
,,,,,
14.36570844,99981,98439,98427,99635,100
,,,,,
14.37018235,100053,98508,98569,99626,100
,,,,,
14.37465625,100132,98573,98712,99618,100
,,,,,
14.37913016,100219,98631,98857,99612,100
,,,,,
14.38360406,100314,98681,99001,99607,100
,,,,,
14.38807797,100418,98721,99144,99603,100
,,,,,
14.39255187,100529,98752,99284,99600,100
,,,,,
14.39702578,100643,98776,99418,99600,100
,,,,,
14.40149968,100755,98792,99544,99604,100
,,,,,
14.40597359,100863,98802,99659,99614,100
,,,,,
14.41044749,100962,98804,99760,99633,100
,,,,,
14.4149214,101047,98803,99843,99662,100
,,,,,
14.4193953,101112,98800,99907,99703,100
,,,,,
14.42386921,101156,98797,99948,99754,100
,,,,,
14.42834311,101175,98796,99967,99812,100
,,,,,
14.43281702,101168,98798,99964,99874,100
,,,,,
14.43729092,101135,98803,99936,99937,100
,,,,,
14.44176482,101079,98813,99891,99998,100
,,,,,
14.44623873,101004,98833,99837,100053,100
,,,,,
14.45071263,100912,98872,99784,100101,100
,,,,,
14.45518654,100808,98933,99741,100143,100
,,,,,
14.45966044,100695,99021,99715,100179,100
,,,,,
14.46413435,100573,99134,99706,100212,100
,,,,,
14.46860825,100444,99266,99707,100242,100
,,,,,
14.47308216,100310,99406,99712,100273,100
,,,,,
14.47755606,100176,99543,99714,100304,100
,,,,,
14.48202997,100045,99669,99709,100335,100
,,,,,
14.48650387,99921,99776,99694,100366,100
,,,,,
14.49097778,99808,99863,99669,100395,100
,,,,,
14.49545168,99708,99929,99636,100422,100
,,,,,
14.49992559,99622,99974,99596,100445,100
,,,,,
14.50439949,99549,100003,99553,100465,100
,,,,,
14.5088734,99488,100019,99510,100483,100
,,,,,
14.5133473,99438,100029,99470,100500,100
,,,,,
14.51782121,99400,100037,99440,100516,100
,,,,,
14.52229511,99374,100045,99422,100532,100
,,,,,
14.52676902,99361,100054,99416,100547,100
,,,,,
14.53124292,99360,100063,99424,100562,100
,,,,,
14.53571683,99369,100072,99441,100576,100
,,,,,
14.54019073,99382,100083,99465,100588,100
,,,,,
14.54466464,99398,100092,99490,100598,100
,,,,,
14.54913854,99417,100100,99517,100604,100
,,,,,
14.55361245,99437,100105,99542,100607,100
,,,,,
14.55808635,99461,100103,99564,100607,100
,,,,,
14.56256026,99488,100096,99583,100602,100
,,,,,
14.56703416,99517,100081,99598,100594,100
,,,,,
14.57150807,99548,100063,99612,100585,100
,,,,,
14.57598197,99579,100045,99625,100575,100
,,,,,
14.58045588,99610,100027,99638,100565,100
,,,,,
14.58492978,99640,100013,99654,100556,100
,,,,,
14.58940368,99667,100005,99673,100547,100
,,,,,
14.59387759,99693,100007,99700,100536,100
,,,,,
14.59835149,99717,100020,99737,100523,100
,,,,,
14.6028254,99736,100044,99782,100508,100
,,,,,
14.6072993,99755,100078,99834,100491,100
,,,,,
14.61177321,99774,100116,99893,100473,100
,,,,,
14.61624711,99799,100155,99958,100453,100
,,,,,
14.62072102,99937,100278,100220,100398,100
,,,,,
14.62519492,100004,100321,100329,100379,100
,,,,,
14.62966883,100069,100360,100433,100361,100
,,,,,
14.63414273,100127,100387,100517,100344,100
,,,,,
14.63861664,100167,100395,100564,100326,100
,,,,,
14.64309054,100183,100375,100562,100307,100
,,,,,
14.64756445,100174,100326,100506,100287,100
,,,,,
14.65203835,100141,100252,100399,100264,100
,,,,,
14.65651226,100089,100157,100251,100240,100
,,,,,
14.66098616,100025,100051,100080,100215,100
,,,,,
14.66546007,99958,99943,99902,100191,100
,,,,,
14.66993397,99898,99841,99734,100169,100
,,,,,
14.67440788,99848,99748,99589,100150,100
,,,,,
14.67888178,99812,99669,99472,100136,100
,,,,,
14.68335569,99786,99605,99384,100124,100
,,,,,
14.68782959,99770,99555,99321,100115,100
,,,,,
14.6923035,99761,99516,99279,100106,100
,,,,,
14.6967774,99758,99492,99255,100099,100
,,,,,
14.70125131,99759,99479,99244,100091,100
,,,,,
14.70572521,99763,99476,99246,100082,100
,,,,,
14.71019912,99767,99484,99256,100074,100
,,,,,
14.71467302,99773,99497,99272,100065,100
,,,,,
14.71914693,99773,99508,99282,100056,100
,,,,,
14.72362083,99767,99508,99275,100048,100
,,,,,
14.72809473,99755,99491,99245,100041,100
,,,,,
14.73256864,99740,99460,99199,100035,100
,,,,,
14.73704254,99758,99440,99200,100031,100
,,,,,
14.74151645,99858,99480,99342,100027,100
,,,,,
14.74599035,100097,99652,99756,100024,100
,,,,,
14.75046426,100516,100054,100578,100020,100
,,,,,
14.75493816,101059,100801,101868,100014,100
,,,,,
14.75941207,101623,101935,103564,100008,100
,,,,,
14.76388597,102033,103412,105448,100002,100
,,,,,
14.76835988,102122,105016,107137,99995,100
,,,,,
14.77283378,101848,106354,108199,99988,100
,,,,,
14.77730769,101242,107055,108293,99982,100
,,,,,
14.78178159,100468,106850,107314,99974,100
,,,,,
14.7862555,99735,105740,105473,99967,100
,,,,,
14.7907294,99176,104039,103214,99958,100
,,,,,
14.79520331,98880,102163,101041,99948,100
,,,,,
14.79967721,98824,100515,99335,99937,100
,,,,,
14.80415112,98922,99315,98230,99925,100
,,,,,
14.80862502,99092,98575,97657,99910,100
,,,,,
14.81309893,99259,98189,97436,99893,100
,,,,,
14.81757283,99389,98015,97392,99874,100
,,,,,
14.82204674,99486,97955,97430,99854,100
,,,,,
14.82652064,99560,97949,97501,99835,100
,,,,,
14.83099455,99626,97982,97603,99816,100
,,,,,
14.83546845,99691,98039,97729,99799,100
,,,,,
14.83994236,99757,98112,97873,99784,100
,,,,,
14.84441626,99821,98193,98020,99773,100
,,,,,
14.84889017,99882,98275,98164,99763,100
,,,,,
14.85336407,99940,98352,98300,99754,100
,,,,,
14.85783798,99997,98422,98426,99745,100
,,,,,
14.86231188,100055,98485,98548,99736,100
,,,,,
14.86678578,100116,98542,98667,99725,100
,,,,,
14.87125969,100182,98594,98785,99712,100
,,,,,
14.87573359,100255,98641,98904,99699,100
,,,,,
14.8802075,100334,98683,99024,99686,100
,,,,,
14.8846814,100419,98722,99145,99674,100
,,,,,
14.88915531,100510,98755,99269,99663,100
,,,,,
14.89362921,100605,98781,99390,99655,100
,,,,,
14.89810312,100704,98798,99507,99649,100
,,,,,
14.90257702,100802,98806,99615,99647,100
,,,,,
14.90705093,100898,98806,99715,99649,100
,,,,,
14.91152483,100987,98800,99801,99654,100
,,,,,
14.91599874,101066,98792,99871,99663,100
,,,,,
14.92047264,101127,98781,99921,99675,100
,,,,,
14.92494655,101165,98769,99945,99688,100
,,,,,
14.92942045,101177,98758,99940,99703,100
,,,,,
14.93389436,101161,98749,99909,99720,100
,,,,,
14.93836826,101116,98746,99857,99739,100
,,,,,
14.94284217,101048,98757,99797,99760,100
,,,,,
14.94731607,100960,98785,99738,99783,100
,,,,,
14.95178998,100858,98839,99692,99808,100
,,,,,
14.95626388,100745,98923,99666,99835,100
,,,,,
14.96073779,100628,99036,99664,99864,100
,,,,,
14.96521169,100505,99177,99684,99894,100
,,,,,
14.9696856,100382,99334,99719,99923,100
,,,,,
14.9741595,100256,99496,99758,99951,100
,,,,,
14.97863341,100129,99653,99788,99977,100
,,,,,
14.98310731,100005,99790,99802,100000,100
,,,,,
14.98758122,99884,99906,99796,100021,100
,,,,,
14.99205512,99770,99997,99771,100041,100
,,,,,
14.99652903,99670,100063,99733,100060,100
,,,,,
15.00100293,99583,100107,99688,100079,100
,,,,,
15.00547683,99512,100133,99642,100096,100
,,,,,
15.00995074,99455,100145,99598,100111,100
,,,,,
15.01442464,99411,100150,99562,100124,100
,,,,,
15.01889855,99381,100153,99535,100134,100
,,,,,
15.02337245,99362,100155,99519,100140,100
,,,,,
15.02784636,99354,100159,99513,100144,100
,,,,,
15.03232026,99356,100165,99520,100144,100
,,,,,
15.03679417,99367,100171,99537,100143,100
,,,,,
15.04126807,99383,100179,99562,100139,100
,,,,,
15.04574198,99404,100185,99589,100132,100
,,,,,
15.05021588,99427,100187,99614,100124,100
,,,,,
15.05468979,99452,100184,99635,100114,100
,,,,,
15.05916369,99478,100172,99649,100102,100
,,,,,
15.0636376,99504,100154,99658,100089,100
,,,,,
15.0681115,99532,100134,99667,100076,100
,,,,,
15.07258541,99559,100113,99675,100060,100
,,,,,
15.07705931,99585,100094,99683,100043,100
,,,,,
15.08153322,99610,100073,99687,100023,100
,,,,,
15.08600712,99634,100051,99687,99998,100
,,,,,
15.09048103,99658,100024,99683,99969,100
,,,,,
15.09495493,99684,99998,99679,99938,100
,,,,,
15.09942884,99708,99977,99680,99903,100
,,,,,
15.10390274,99731,99968,99692,99868,100
,,,,,
15.10837665,99749,99974,99717,99832,100
,,,,,
15.11285055,99764,99999,99756,99796,100
,,,,,
15.11732446,99778,100036,99807,99761,100
,,,,,
15.12179836,99795,100079,99866,99726,100
,,,,,
15.12627227,99820,100122,99934,99691,100
,,,,,
15.13074617,99859,100161,100011,99655,100
,,,,,
15.13522008,99912,100197,100100,99617,100
,,,,,
15.13969398,99975,100233,100201,99576,100
,,,,,
15.14416788,100043,100272,100308,99530,100
,,,,,
15.14864179,100105,100307,100407,99482,100
,,,,,
15.15311569,100152,100332,100482,99431,100
,,,,,
15.1575896,100177,100341,100515,99381,100
,,,,,
15.1620635,100175,100321,100494,99332,100
,,,,,
15.16653741,100150,100271,100416,99287,100
,,,,,
15.17101131,100101,100189,100286,99248,100
,,,,,
15.17548522,100038,100083,100116,99213,100
,,,,,
15.17995912,99967,99965,99928,99184,100
,,,,,
15.18443303,99896,99846,99740,99157,100
,,,,,
15.18890693,99836,99740,99575,99133,100
,,,,,
15.19338084,99793,99652,99446,99110,100
,,,,,
15.19785474,99768,99584,99353,99089,100
,,,,,
15.20232865,99757,99532,99291,99069,100
,,,,,
15.20680255,99757,99492,99250,99051,100
,,,,,
15.21127646,99761,99461,99221,99038,100
,,,,,
15.21575036,99765,99437,99200,99028,100
,,,,,
15.22022427,99768,99421,99188,99021,100
,,,,,
15.22469817,99770,99416,99187,99016,100
,,,,,
15.22917208,99773,99418,99195,99012,100
,,,,,
15.23364598,99774,99423,99206,99007,100
,,,,,
15.23811989,99774,99420,99205,99004,100
,,,,,
15.24259379,99771,99404,99186,99002,100
,,,,,
15.2470677,99770,99377,99157,99002,100
,,,,,
15.2515416,99798,99358,99164,99006,100
,,,,,
15.25601551,99892,99391,99287,99013,100
,,,,,
15.26048941,100107,99537,99643,99023,100
,,,,,
15.26496332,100480,99871,100346,99036,100
,,,,,
15.26943722,100981,100497,101471,99050,100
,,,,,
15.27391113,101537,101472,103002,99064,100
,,,,,
15.27838503,101993,102795,104781,99078,100
,,,,,
15.28285893,102192,104340,106528,99090,100
,,,,,
15.28733284,102058,105782,107840,99101,100
,,,,,
15.29180674,101580,106762,108345,99112,100
,,,,,
15.29628065,100873,106950,107829,99122,100
,,,,,
15.30075455,100115,106207,106327,99134,100
,,,,,
15.30522846,99451,104732,104189,99146,100
,,,,,
15.30970236,99005,102882,101890,99160,100
,,,,,
15.31417627,98801,101085,99888,99174,100
,,,,,
15.31865017,98795,99668,98464,99191,100
,,,,,
15.32312408,98919,98716,97634,99208,100
,,,,,
15.32759798,99088,98184,97272,99227,100
,,,,,
15.33207189,99251,97934,97184,99247,100
,,,,,
15.33654579,99380,97836,97217,99271,100
,,,,,
15.3410197,99477,97819,97299,99298,100
,,,,,
15.3454936,99551,97840,97397,99330,100
,,,,,
15.34996751,99618,97887,97511,99368,100
,,,,,
15.35444141,99681,97952,97639,99409,100
,,,,,
15.35891532,99745,98024,97775,99457,100
,,,,,
15.36338922,99810,98099,97914,99510,100
,,,,,
15.36786313,99875,98171,98051,99572,100
,,,,,
15.37233703,99940,98238,98183,99645,100
,,,,,
15.37681094,100004,98299,98308,99732,100
,,,,,
15.38128484,100069,98354,98426,99835,100
,,,,,
15.38575875,100134,98406,98541,99955,100
,,,,,
15.39023265,100203,98453,98652,100092,100
,,,,,
15.39470656,100275,98495,98763,100241,100
,,,,,
15.39918046,100352,98529,98871,100398,100
,,,,,
15.40365437,100432,98556,98978,100557,100
,,,,,
15.40812827,100519,98572,99081,100712,100
,,,,,
15.41260218,100610,98578,99179,100865,100
,,,,,
15.41707608,100704,98576,99271,101010,100
,,,,,
15.42154999,100797,98564,99356,101159,100
,,,,,
15.42602389,100887,98547,99430,101304,100
,,,,,
15.43049779,100968,98526,99492,101450,100
,,,,,
15.4349717,101033,98504,99539,101589,100
,,,,,
15.4394456,101076,98491,99574,101718,100
,,,,,
15.44391951,101095,98493,99596,101834,100
,,,,,
15.44839341,101085,98515,99608,101929,100
,,,,,
15.45286732,101048,98557,99612,102009,100
,,,,,
15.45734122,100987,98617,99607,102070,100
,,,,,
15.46181513,100909,98687,99596,102121,100
,,,,,
15.46628903,100821,98768,99585,102160,100
,,,,,
15.47076294,100729,98858,99580,102199,100
,,,,,
15.47523684,100638,98965,99594,102234,100
,,,,,
15.47971075,100550,99095,99634,102273,100
,,,,,
15.48418465,100464,99248,99703,102313,100
,,,,,
15.48865856,100377,99421,99789,102352,100
,,,,,
15.49313246,100283,99604,99880,102387,100
,,,,,
15.49760637,100181,99782,99957,102413,100
,,,,,
15.50208027,100070,99944,100009,102429,100
,,,,,
15.50655418,99954,100085,100034,102435,100
,,,,,
15.51102808,99837,100199,100032,102434,100
,,,,,
15.51550199,99728,100288,100012,102425,100
,,,,,
15.51997589,99631,100350,99978,102413,100
,,,,,
15.5244498,99549,100391,99938,102397,100
,,,,,
15.5289237,99485,100413,99897,102378,100
,,,,,
15.53339761,99437,100419,99857,102353,100
,,,,,
15.53787151,99405,100414,99823,102323,100
,,,,,
15.54234542,99389,100403,99796,102289,100
,,,,,
15.54681932,99384,100387,99776,102251,100
,,,,,
15.55129323,99389,100368,99764,102211,100
,,,,,
15.55576713,99403,100344,99756,102171,100
,,,,,
15.56024104,99423,100317,99750,102131,100
,,,,,
15.56471494,99449,100287,99746,102092,100
,,,,,
15.56918884,99479,100255,99743,102055,100
,,,,,
15.57366275,99512,100224,99743,102018,100
,,,,,
15.57813665,99545,100195,99746,101981,100
,,,,,
15.58261056,99576,100167,99749,101945,100
,,,,,
15.58708446,99604,100141,99752,101909,100
,,,,,
15.59155837,99629,100117,99753,101873,100
,,,,,
15.59603227,99687,100052,99740,101762,100
,,,,,
15.60050618,99705,100031,99734,101722,100
,,,,,
15.60498008,99723,100011,99729,101679,100
,,,,,
15.60945399,99739,99994,99726,101634,100
,,,,,
15.61392789,99751,99983,99729,101586,100
,,,,,
15.6184018,99759,99982,99739,101536,100
,,,,,
15.6228757,99764,99994,99758,101486,100
,,,,,
15.62734961,99766,100017,99785,101435,100
,,,,,
15.63182351,99766,100049,99817,101385,100
,,,,,
15.63629742,99769,100083,99855,101337,100
,,,,,
15.64077132,99779,100116,99899,101291,100
,,,,,
15.64524523,99803,100150,99955,101248,100
,,,,,
15.64971913,99846,100187,100035,101208,100
,,,,,
15.65419304,99910,100229,100140,101171,100
,,,,,
15.65866694,99991,100279,100267,101135,100
,,,,,
15.66314085,100079,100328,100403,101101,100
,,,,,
15.66761475,100156,100369,100520,101067,100
,,,,,
15.67208866,100212,100391,100598,101035,100
,,,,,
15.67656256,100235,100385,100616,101004,100
,,,,,
15.68103647,100224,100346,100568,100975,100
,,,,,
15.68551037,100181,100277,100458,100949,100
,,,,,
15.68998428,100113,100181,100297,100924,100
,,,,,
15.69445818,100032,100070,100106,100901,100
,,,,,
15.69893209,99952,99953,99909,100879,100
,,,,,
15.70340599,99882,99842,99727,100859,100
,,,,,
15.70787989,99831,99747,99577,100840,100
,,,,,
15.7123538,99801,99670,99468,100821,100
,,,,,
15.7168277,99785,99615,99396,100803,100
,,,,,
15.72130161,99779,99580,99355,100785,100
,,,,,
15.72577551,99776,99559,99332,100767,100
,,,,,
15.73024942,99772,99549,99321,100750,100
,,,,,
15.73472332,99768,99543,99315,100734,100
,,,,,
15.73919723,99766,99540,99311,100717,100
,,,,,
15.74367113,99764,99538,99310,100701,100
,,,,,
15.74814504,99763,99536,99307,100684,100
,,,,,
15.75261894,99762,99529,99296,100667,100
,,,,,
15.75709285,99757,99515,99276,100649,100
,,,,,
15.76156675,99752,99495,99249,100631,100
,,,,,
15.76604066,99766,99481,99248,100614,100
,,,,,
15.77051456,99836,99501,99337,100599,100
,,,,,
15.77498847,100013,99609,99622,100585,100
,,,,,
15.77946237,100339,99871,100210,100573,100
,,,,,
15.78393628,100811,100383,101193,100564,100
,,,,,
15.78841018,101366,101235,102599,100556,100
,,,,,
15.79288409,101870,102430,104297,100548,100
,,,,,
15.79735799,102158,103896,106051,100538,100
,,,,,
15.8018319,102111,105369,107476,100527,100
,,,,,
15.8063058,101692,106474,108162,100514,100
,,,,,
15.81077971,100989,106900,107885,100500,100
,,,,,
15.81525361,100171,106441,106610,100486,100
,,,,,
15.81972752,99433,105192,104624,100474,100
,,,,,
15.82420142,98912,103489,102401,100464,100
,,,,,
15.82867533,98666,101709,100375,100455,100
,,,,,
15.83314923,98661,100207,98867,100447,100
,,,,,
15.83762314,98806,99140,97943,100438,100
,,,,,
15.84209704,99011,98485,97492,100427,100
,,,,,
15.84657094,99205,98145,97344,100415,100
,,,,,
15.85104485,99357,97990,97341,100401,100
,,,,,
15.85551875,99471,97933,97398,100386,100
,,,,,
15.85999266,99559,97926,97480,100371,100
,,,,,
15.86446656,99631,97952,97581,100355,100
,,,,,
15.86894047,99696,98000,97697,100340,100
,,,,,
15.87341437,99757,98062,97822,100324,100
,,,,,
15.87788828,99814,98133,97951,100309,100
,,,,,
15.88236218,99870,98205,98080,100295,100
,,,,,
15.88683609,99929,98276,98207,100281,100
,,,,,
15.89130999,99991,98342,98334,100267,100
,,,,,
15.8957839,100058,98403,98459,100252,100
,,,,,
15.9002578,100130,98454,98582,100235,100
,,,,,
15.90473171,100207,98496,98700,100217,100
,,,,,
15.90920561,100291,98526,98813,100199,100
,,,,,
15.91367952,100380,98545,98922,100181,100
,,,,,
15.91815342,100474,98557,99029,100163,100
,,,,,
15.92262733,100571,98563,99133,100149,100
,,,,,
15.92710123,100670,98565,99235,100138,100
,,,,,
15.93157514,100766,98562,99330,100131,100
,,,,,
15.93604904,100859,98553,99415,100128,100
,,,,,
15.94052295,100946,98537,99487,100131,100
,,,,,
15.94499685,101024,98515,99545,100138,100
,,,,,
15.94947076,101089,98492,99588,100150,100
,,,,,
15.95394466,101135,98473,99616,100167,100
,,,,,
15.95841857,101158,98461,99627,100187,100
,,,,,
15.96289247,101154,98460,99621,100210,100
,,,,,
15.96736638,101122,98469,99597,100235,100
,,,,,
15.97184028,101064,98491,99560,100261,100
,,,,,
15.97631419,100988,98528,99517,100288,100
,,,,,
15.98078809,100900,98584,99485,100314,100
,,,,,
15.98526199,100805,98665,99471,100341,100
,,,,,
15.9897359,100709,98774,99486,100367,100
,,,,,
15.9942098,100611,98913,99529,100395,100
,,,,,
15.99868371,100512,99077,99595,100426,100
,,,,,
16.00315761,100411,99258,99677,100458,100
,,,,,
16.00763152,100309,99445,99762,100492,100
,,,,,
16.01210542,100204,99624,99837,100525,100
,,,,,
16.01657933,100096,99791,99892,100557,100
,,,,,
16.02105323,99984,99935,99922,100586,100
,,,,,
16.02552714,99869,100057,99926,100611,100
,,,,,
16.03000104,99752,100157,99908,100632,100
,,,,,
16.03447495,99641,100236,99875,100650,100
,,,,,
16.03894885,99540,100296,99834,100665,100
,,,,,
16.04342276,99457,100337,99790,100679,100
,,,,,
16.04789666,99395,100360,99752,100692,100
,,,,,
16.05237057,99355,100370,99720,100704,100
,,,,,
16.05684447,99336,100367,99699,100714,100
,,,,,
16.06131838,99336,100353,99687,100722,100
,,,,,
16.06579228,99347,100332,99683,100726,100
,,,,,
16.07026619,99368,100307,99683,100726,100
,,,,,
16.07474009,99392,100279,99686,100723,100
,,,,,
16.079214,99419,100255,99691,100718,100
,,,,,
16.0836879,99446,100234,99696,100710,100
,,,,,
16.08816181,99474,100215,99703,100700,100
,,,,,
16.09263571,99504,100198,99710,100687,100
,,,,,
16.09710962,99535,100177,99715,100673,100
,,,,,
16.10158352,99567,100152,99718,100656,100
,,,,,
16.10605743,99598,100125,99720,100638,100
,,,,,
16.11053133,99628,100097,99720,100618,100
,,,,,
16.11500524,99653,100071,99720,100597,100
,,,,,
16.11947914,99674,100048,99718,100575,100
,,,,,
16.12395304,99690,100029,99717,100553,100
,,,,,
16.12842695,99702,100016,99716,100529,100
,,,,,
16.13290085,99710,100010,99717,100503,100
,,,,,
16.13737476,99713,100013,99723,100474,100
,,,,,
16.14184866,99713,100026,99735,100442,100
,,,,,
16.14632257,99710,100045,99752,100408,100
,,,,,
16.15079647,99707,100069,99775,100372,100
,,,,,
16.15527038,99708,100096,99804,100336,100
,,,,,
16.15974428,99720,100122,99843,100302,100
,,,,,
16.16421819,99749,100150,99901,100270,100
,,,,,
16.16869209,99801,100181,99982,100242,100
,,,,,
16.173166,99873,100218,100089,100216,100
,,,,,
16.1776399,99960,100261,100215,100193,100
,,,,,
16.18211381,100051,100305,100349,100171,100
,,,,,
16.18658771,100131,100342,100466,100152,100
,,,,,
16.19106162,100190,100365,100548,100132,100
,,,,,
16.19553552,100217,100362,100576,100111,100
,,,,,
16.20000943,100213,100326,100539,100091,100
,,,,,
16.20448333,100178,100260,100439,100072,100
,,,,,
16.20895724,100118,100167,100288,100053,100
,,,,,
16.21343114,100043,100057,100104,100037,100
,,,,,
16.21790505,99965,99944,99914,100023,100
,,,,,
16.22237895,99895,99835,99737,100011,100
,,,,,
16.22685286,99845,99738,99590,99999,100
,,,,,
16.23132676,99816,99654,99478,99988,100
,,,,,
16.23580067,99807,99588,99403,99977,100
,,,,,
16.24027457,99812,99538,99358,99966,100
,,,,,
16.24474848,99824,99503,99332,99954,100
,,,,,
16.24922238,99836,99481,99321,99941,100
,,,,,
16.25369629,99845,99468,99315,99929,100
,,,,,
16.25817019,99849,99462,99312,99916,100
,,,,,
16.2626441,99849,99465,99313,99904,100
,,,,,
16.267118,99846,99471,99312,99892,100
,,,,,
16.2715919,99838,99476,99307,99881,100
,,,,,
16.27606581,99828,99471,99291,99871,100
,,,,,
16.28053971,99816,99454,99262,99861,100
,,,,,
16.28501362,99822,99438,99251,99853,100
,,,,,
16.28948752,99881,99457,99328,99846,100
,,,,,
16.29396143,100043,99565,99598,99838,100
,,,,,
16.29843533,100356,99839,100186,99830,100
,,,,,
16.30290924,100821,100357,101170,99822,100
,,,,,
16.30738314,101377,101199,102570,99813,100
,,,,,
16.31185705,101899,102367,104262,99806,100
,,,,,
16.31633095,102221,103782,106000,99800,100
,,,,,
16.32080486,102219,105221,107438,99794,100
,,,,,
16.32527876,101860,106320,108176,99789,100
,,,,,
16.32975267,101203,106771,107970,99783,100
,,,,,
16.33422657,100412,106365,106773,99776,100
,,,,,
16.33870048,99668,105148,104812,99768,100
,,,,,
16.34317438,99102,103449,102548,99759,100
,,,,,
16.34764829,98792,101646,100433,99750,100
,,,,,
16.35212219,98719,100108,98821,99742,100
,,,,,
16.3565961,98808,99027,97828,99736,100
,,,,,
16.36107,98987,98384,97362,99731,100
,,,,,
16.36554391,99179,98079,97247,99726,100
,,,,,
16.37001781,99344,97966,97299,99720,100
,,,,,
16.37449172,99473,97943,97409,99714,100
,,,,,
16.37896562,99571,97961,97527,99706,100
,,,,,
16.38343953,99647,97999,97644,99696,100
,,,,,
16.38791343,99714,98052,97767,99685,100
,,,,,
16.39238734,99777,98116,97894,99675,100
,,,,,
16.39686124,99837,98188,98027,99664,100
,,,,,
16.40133515,99897,98260,98158,99654,100
,,,,,
16.40580905,99956,98329,98286,99645,100
,,,,,
16.41028295,100015,98393,98408,99635,100
,,,,,
16.41475686,100074,98450,98526,99627,100
,,,,,
16.41923076,100135,98501,98641,99619,100
,,,,,
16.42370467,100199,98550,98757,99612,100
,,,,,
16.42817857,100267,98596,98873,99603,100
,,,,,
16.43265248,100342,98639,98991,99594,100
,,,,,
16.43712638,100421,98677,99107,99583,100
,,,,,
16.44160029,100506,98708,99221,99574,100
,,,,,
16.44607419,100598,98732,99332,99566,100
,,,,,
16.4505481,100693,98746,99437,99563,100
,,,,,
16.455022,100789,98753,99538,99568,100
,,,,,
16.45949591,100884,98754,99633,99579,100
,,,,,
16.46396981,100970,98753,99718,99599,100
,,,,,
16.46844372,101043,98751,99788,99624,100
,,,,,
16.47291762,101092,98748,99838,99656,100
,,,,,
16.47739153,101115,98746,99860,99693,100
,,,,,
16.48186543,101108,98745,99856,99737,100
,,,,,
16.48633934,101073,98747,99825,99786,100
,,,,,
16.49081324,101016,98756,99779,99839,100
,,,,,
16.49528715,100941,98776,99725,99894,100
,,,,,
16.49976105,100856,98810,99674,99950,100
,,,,,
16.50423496,100769,98865,99640,100002,100
,,,,,
16.50870886,100681,98941,99626,100051,100
,,,,,
16.51318277,100593,99042,99638,100095,100
,,,,,
16.51765667,100505,99168,99675,100137,100
,,,,,
16.52213058,100413,99313,99729,100175,100
,,,,,
16.52660448,100318,99470,99791,100213,100
,,,,,
16.53107839,100217,99628,99850,100249,100
,,,,,
16.53555229,100113,99778,99894,100284,100
,,,,,
16.5400262,100004,99910,99918,100316,100
,,,,,
16.5445001,99893,100023,99917,100346,100
,,,,,
16.548974,99783,100111,99894,100373,100
,,,,,
16.55344791,99677,100179,99853,100395,100
,,,,,
16.55792181,99579,100226,99802,100415,100
,,,,,
16.56239572,99496,100257,99748,100432,100
,,,,,
16.56686962,99429,100275,99698,100450,100
,,,,,
16.57134353,99331,100286,99615,100491,100
,,,,,
16.57581743,99328,100281,99611,100500,100
,,,,,
16.58029134,99339,100273,99616,100504,100
,,,,,
16.58476524,99360,100260,99629,100504,100
,,,,,
16.58923915,99391,100243,99644,100500,100
,,,,,
16.59371305,99427,100220,99658,100493,100
,,,,,
16.59818696,99463,100194,99668,100485,100
,,,,,
16.60266086,99497,100169,99674,100475,100
,,,,,
16.60713477,99528,100144,99676,100463,100
,,,,,
16.61160867,99553,100121,99677,100450,100
,,,,,
16.61608258,99576,100102,99679,100435,100
,,,,,
16.62055648,99597,100086,99681,100419,100
,,,,,
16.62503039,99616,100074,99686,100403,100
,,,,,
16.62950429,99632,100065,99692,100385,100
,,,,,
16.6339782,99648,100059,99700,100364,100
,,,,,
16.6384521,99661,100059,99713,100342,100
,,,,,
16.64292601,99673,100063,99729,100317,100
,,,,,
16.64739991,99681,100073,99750,100291,100
,,,,,
16.65187382,99687,100089,99772,100265,100
,,,,,
16.65634772,99689,100108,99794,100240,100
,,,,,
16.66082163,99691,100127,99816,100216,100
,,,,,
16.66529553,99698,100145,99842,100193,100
,,,,,
16.66976944,99717,100166,99882,100172,100
,,,,,
16.67424334,99754,100192,99946,100153,100
,,,,,
16.67871725,99810,100228,100037,100135,100
,,,,,
16.68319115,99881,100275,100154,100119,100
,,,,,
16.68766505,99960,100327,100284,100104,100
,,,,,
16.69213896,100036,100375,100407,100091,100
,,,,,
16.69661286,100097,100408,100503,100079,100
,,,,,
16.70108677,100135,100415,100550,100067,100
,,,,,
16.70556067,100145,100392,100538,100055,100
,,,,,
16.71003458,100125,100338,100467,100043,100
,,,,,
16.71450848,100080,100258,100343,100030,100
,,,,,
16.71898239,100016,100160,100180,100018,100
,,,,,
16.72345629,99944,100052,100000,100009,100
,,,,,
16.7279302,99875,99941,99820,100001,100
,,,,,
16.7324041,99818,99835,99656,99995,100
,,,,,
16.73687801,99778,99740,99520,99991,100
,,,,,
16.74135191,99754,99661,99417,99986,100
,,,,,
16.74582582,99746,99599,99346,99982,100
,,,,,
16.75029972,99747,99556,99305,99978,100
,,,,,
16.75477363,99754,99529,99285,99975,100
,,,,,
16.75924753,99761,99514,99280,99971,100
,,,,,
16.76372144,99768,99508,99283,99968,100
,,,,,
16.76819534,99773,99506,99289,99965,100
,,,,,
16.77266925,99776,99505,99292,99961,100
,,,,,
16.77714315,99778,99500,99286,99957,100
,,,,,
16.78161706,99773,99488,99269,99954,100
,,,,,
16.78609096,99764,99467,99237,99951,100
,,,,,
16.79056487,99761,99443,99207,99950,100
,,,,,
16.79503877,99785,99438,99224,99950,100
,,,,,
16.79951268,99876,99492,99370,99949,100
,,,,,
16.80398658,100084,99675,99761,99947,100
,,,,,
16.80846049,100427,100078,100507,99944,100
,,,,,
16.81293439,100872,100806,101681,99938,100
,,,,,
16.8174083,101335,101925,103261,99931,100
,,,,,
16.8218822,101674,103406,105082,99924,100
,,,,,
16.8263561,101772,105055,106828,99918,100
,,,,,
16.83083001,101575,106523,108097,99914,100
,,,,,
16.83530391,101096,107391,108485,99911,100
,,,,,
16.83977782,100451,107348,107797,99910,100
,,,,,
16.84425172,99787,106346,106130,99909,100
,,,,,
16.84872563,99230,104615,103840,99908,100
,,,,,
16.85319953,98874,102610,101481,99907,100
,,,,,
16.85767344,98741,100771,99509,99904,100
,,,,,
16.86214734,98791,99374,98163,99900,100
,,,,,
16.86662125,98962,98504,97465,99896,100
,,,,,
16.87109515,99175,98046,97222,99892,100
,,,,,
16.87556906,99375,97851,97227,99888,100
,,,,,
16.88004296,99534,97793,97330,99883,100
,,,,,
16.88451687,99648,97789,97441,99879,100
,,,,,
16.88899077,99728,97820,97553,99874,100
,,,,,
16.89346468,99788,97869,97665,99869,100
,,,,,
16.89793858,99839,97935,97782,99864,100
,,,,,
16.90241249,99884,98009,97903,99857,100
,,,,,
16.90688639,99928,98087,98025,99850,100
,,,,,
16.9113603,99972,98164,98147,99842,100
,,,,,
16.9158342,100020,98238,98267,99833,100
,,,,,
16.92030811,100072,98310,98389,99824,100
,,,,,
16.92478201,100127,98380,98512,99816,100
,,,,,
16.92925592,100187,98445,98635,99808,100
,,,,,
16.93372982,100250,98505,98756,99802,100
,,,,,
16.93820373,100316,98554,98872,99798,100
,,,,,
16.94267763,100389,98592,98982,99794,100
,,,,,
16.94715154,100467,98618,99086,99791,100
,,,,,
16.95162544,100553,98632,99188,99787,100
,,,,,
16.95609935,100647,98639,99290,99784,100
,,,,,
16.96057325,100745,98641,99391,99782,100
,,,,,
16.96504715,100844,98642,99492,99784,100
,,,,,
16.96952106,100940,98643,99589,99793,100
,,,,,
16.97399496,101025,98643,99674,99809,100
,,,,,
16.97846887,101095,98643,99742,99835,100
,,,,,
16.98294277,101142,98644,99788,99869,100
,,,,,
16.98741668,101162,98644,99807,99910,100
,,,,,
16.99189058,101153,98646,99798,99954,100
,,,,,
16.99636449,101116,98651,99766,99998,100
,,,,,
17.00083839,101053,98661,99715,100041,100
,,,,,
17.0053123,100972,98682,99654,100082,100
,,,,,
17.0097862,100878,98718,99597,100123,100
,,,,,
17.01426011,100778,98774,99553,100163,100
,,,,,
17.01873401,100677,98857,99534,100205,100
,,,,,
17.02320792,100579,98967,99543,100247,100
,,,,,
17.02768182,100481,99099,99577,100288,100
,,,,,
17.03215573,100383,99246,99628,100327,100
,,,,,
17.03662963,100283,99398,99683,100363,100
,,,,,
17.04110354,100178,99546,99729,100396,100
,,,,,
17.04557744,100068,99682,99757,100426,100
,,,,,
17.05005135,99955,99801,99764,100456,100
,,,,,
17.05452525,99841,99899,99751,100485,100
,,,,,
17.05899916,99732,99978,99720,100514,100
,,,,,
17.06347306,99632,100037,99677,100541,100
,,,,,
17.06794697,99545,100077,99627,100565,100
,,,,,
17.07242087,99473,100103,99578,100586,100
,,,,,
17.07689478,99418,100119,99536,100602,100
,,,,,
17.08136868,99380,100130,99506,100614,100
,,,,,
17.08584259,99358,100139,99492,100622,100
,,,,,
17.09031649,99350,100147,99491,100629,100
,,,,,
17.0947904,99355,100154,99503,100633,100
,,,,,
17.0992643,99370,100159,99524,100638,100
,,,,,
17.10373821,99394,100161,99552,100641,100
,,,,,
17.10821211,99427,100157,99583,100643,100
,,,,,
17.11268601,99465,100148,99613,100642,100
,,,,,
17.11715992,99507,100132,99641,100637,100
,,,,,
17.12163382,99547,100111,99660,100628,100
,,,,,
17.12610773,99583,100085,99672,100615,100
,,,,,
17.13058163,99614,100059,99676,100600,100
,,,,,
17.13505554,99638,100035,99675,100584,100
,,,,,
17.13952944,99659,100012,99673,100566,100
,,,,,
17.14400335,99677,99993,99671,100548,100
,,,,,
17.14847725,99695,99977,99671,100527,100
,,,,,
17.15295116,99712,99967,99676,100506,100
,,,,,
17.15742506,99725,99966,99685,100484,100
,,,,,
17.16189897,99734,99975,99701,100460,100
,,,,,
17.16637287,99740,99996,99724,100434,100
,,,,,
17.17084678,99745,100026,99756,100407,100
,,,,,
17.17532068,99758,100062,99803,100380,100
,,,,,
17.17979459,99782,100102,99866,100353,100
,,,,,
17.18426849,99822,100144,99951,100326,100
,,,,,
17.1887424,99879,100190,100059,100301,100
,,,,,
17.1932163,99949,100236,100181,100277,100
,,,,,
17.19769021,100025,100282,100308,100253,100
,,,,,
17.20216411,100094,100319,100419,100230,100
,,,,,
17.20663802,100149,100340,100497,100208,100
,,,,,
17.21111192,100180,100341,100528,100186,100
,,,,,
17.21558583,100186,100313,100504,100165,100
,,,,,
17.22005973,100165,100257,100427,100145,100
,,,,,
17.22453364,100124,100177,100302,100127,100
,,,,,
17.22900754,100065,100079,100144,100111,100
,,,,,
17.23348145,99998,99974,99969,100097,100
,,,,,
17.23795535,99931,99866,99792,100083,100
,,,,,
17.24242926,99870,99764,99630,100072,100
,,,,,
17.24690316,99825,99673,99493,100061,100
,,,,,
17.25137706,99796,99597,99389,100050,100
,,,,,
17.25585097,99782,99539,99317,100042,100
,,,,,
17.26032487,99778,99499,99274,100035,100
,,,,,
17.26479878,99777,99476,99252,100030,100
,,,,,
17.26927268,99775,99466,99241,100026,100
,,,,,
17.27374659,99771,99465,99236,100023,100
,,,,,
17.27822049,99764,99467,99232,100020,100
,,,,,
17.2826944,99757,99471,99228,100017,100
,,,,,
17.2871683,99750,99473,99223,100013,100
,,,,,
17.29164221,99743,99469,99213,100008,100
,,,,,
17.29611611,99735,99459,99196,100002,100
,,,,,
17.30059002,99737,99447,99188,99994,100
,,,,,
17.30506392,99773,99449,99225,99987,100
,,,,,
17.30953783,99880,99507,99389,99979,100
,,,,,
17.31401173,100103,99674,99778,99973,100
,,,,,
17.31848564,100465,100020,100484,99968,100
,,,,,
17.32295954,100941,100651,101588,99964,100
,,,,,
17.32743345,101448,101621,103063,99960,100
,,,,,
17.33190735,101852,102935,104778,99957,100
,,,,,
17.33638126,102015,104478,106486,99953,100
,,,,,
17.34085516,101866,105927,107787,99948,100
,,,,,
17.34532907,101401,106928,108326,99942,100
,,,,,
17.34980297,100728,107142,107870,99936,100
,,,,,
17.35427688,100000,106421,106423,99928,100
,,,,,
17.35875078,99362,104956,104321,99920,100
,,,,,
17.36322469,98928,103095,102027,99911,100
,,,,,
17.36769859,98729,101272,100007,99901,100
,,,,,
17.3721725,98735,99819,98560,99891,100
,,,,,
17.3766464,98877,98833,97715,99881,100
,,,,,
17.38112031,99074,98273,97351,99870,100
,,,,,
17.38559421,99267,98002,97272,99858,100
,,,,,
17.39006811,99420,97892,97315,99845,100
,,,,,
17.39454202,99533,97867,97402,99831,100
,,,,,
17.39901592,99616,97883,97500,99816,100
,,,,,
17.40348983,99681,97928,97609,99802,100
,,,,,
17.40796373,99741,97990,97730,99788,100
,,,,,
17.41243764,99797,98062,97857,99777,100
,,,,,
17.41691154,99854,98138,97989,99768,100
,,,,,
17.42138545,99908,98215,98122,99763,100
,,,,,
17.42585935,99964,98292,98256,99759,100
,,,,,
17.43033326,100020,98368,98391,99757,100
,,,,,
17.43480716,100080,98441,98526,99755,100
,,,,,
17.43928107,100145,98510,98660,99753,100
,,,,,
17.44375497,100216,98571,98793,99749,100
,,,,,
17.44822888,100295,98621,98921,99744,100
,,,,,
17.45270278,100381,98660,99047,99737,100
,,,,,
17.45717669,100472,98691,99170,99730,100
,,,,,
17.46165059,100569,98713,99288,99723,100
,,,,,
17.4661245,100670,98730,99406,99717,100
,,,,,
17.4705984,100773,98740,99518,99714,100
,,,,,
17.47507231,100879,98743,99625,99714,100
,,,,,
17.47954621,100982,98738,99720,99717,100
,,,,,
17.48402012,101076,98726,99799,99726,100
,,,,,
17.48849402,101153,98710,99859,99740,100
,,,,,
17.49296793,101205,98691,99891,99761,100
,,,,,
17.49744183,101229,98674,99899,99790,100
,,,,,
17.50191574,101224,98661,99882,99826,100
,,,,,
17.50638964,101189,98655,99844,99867,100
,,,,,
17.51086355,101129,98662,99792,99913,100
,,,,,
17.51533745,101051,98685,99737,99959,100
,,,,,
17.51981136,100956,98730,99685,100004,100
,,,,,
17.52428526,100852,98801,99650,100048,100
,,,,,
17.52875916,100742,98898,99637,100087,100
,,,,,
17.53323307,100630,99023,99649,100125,100
,,,,,
17.53770697,100516,99171,99684,100162,100
,,,,,
17.54218088,100403,99334,99734,100198,100
,,,,,
17.54665478,100066,99804,99867,100298,100
,,,,,
17.55112869,99954,99926,99876,100327,100
,,,,,
17.55560259,99842,100028,99866,100353,100
,,,,,
17.5600765,99732,100112,99839,100376,100
,,,,,
17.5645504,99625,100177,99796,100397,100
,,,,,
17.56902431,99524,100225,99745,100414,100
,,,,,
17.57349821,99434,100257,99690,100431,100
,,,,,
17.57797212,99360,100276,99638,100443,100
,,,,,
17.58244602,99309,100282,99596,100455,100
,,,,,
17.58691993,99282,100282,99572,100462,100
,,,,,
17.59139383,99282,100279,99569,100468,100
,,,,,
17.59586774,99300,100275,99585,100470,100
,,,,,
17.60034164,99332,100271,99614,100468,100
,,,,,
17.60481555,99370,100267,99649,100465,100
,,,,,
17.60928945,99409,100263,99684,100460,100
,,,,,
17.61376336,99447,100258,99718,100453,100
,,,,,
17.61823726,99486,100250,99749,100446,100
,,,,,
17.62271117,99524,100240,99774,100439,100
,,,,,
17.62718507,99561,100226,99795,100431,100
,,,,,
17.63165898,99597,100207,99809,100421,100
,,,,,
17.63613288,99629,100184,99816,100408,100
,,,,,
17.64060679,99658,100160,99817,100391,100
,,,,,
17.64508069,99684,100136,99817,100370,100
,,,,,
17.6495546,99706,100118,99818,100347,100
,,,,,
17.6540285,99724,100108,99825,100323,100
,,,,,
17.65850241,99736,100110,99840,100299,100
,,,,,
17.66297631,99744,100123,99861,100275,100
,,,,,
17.66745021,99748,100143,99887,100251,100
,,,,,
17.67192412,99749,100167,99914,100227,100
,,,,,
17.67639802,99751,100192,99943,100200,100
,,,,,
17.68087193,99759,100215,99975,100170,100
,,,,,
17.68534583,99780,100240,100020,100136,100
,,,,,
17.68981974,99822,100269,100089,100099,100
,,,,,
17.69429364,99885,100304,100186,100061,100
,,,,,
17.69876755,99969,100346,100313,100023,100
,,,,,
17.70324145,100063,100391,100450,99987,100
,,,,,
17.70771536,100151,100428,100575,99954,100
,,,,,
17.71218926,100216,100449,100660,99924,100
,,,,,
17.71666317,100246,100443,100683,99898,100
,,,,,
17.72113707,100239,100407,100638,99874,100
,,,,,
17.72561098,100199,100343,100530,99854,100
,,,,,
17.73008488,100133,100256,100377,99834,100
,,,,,
17.73455879,100055,100157,100201,99816,100
,,,,,
17.73903269,99975,100054,100020,99797,100
,,,,,
17.7435066,99903,99956,99853,99778,100
,,,,,
17.7479805,99844,99869,99711,99760,100
,,,,,
17.75245441,99803,99796,99600,99741,100
,,,,,
17.75692831,99780,99740,99522,99724,100
,,,,,
17.76140222,99775,99697,99475,99707,100
,,,,,
17.76587612,99784,99666,99453,99692,100
,,,,,
17.77035003,99800,99642,99445,99675,100
,,,,,
17.77482393,99816,99626,99443,99659,100
,,,,,
17.77929784,99824,99618,99440,99644,100
,,,,,
17.78377174,99823,99617,99434,99629,100
,,,,,
17.78824565,99812,99624,99427,99616,100
,,,,,
17.79271955,99796,99634,99419,99604,100
,,,,,
17.79719346,99779,99643,99411,99595,100
,,,,,
17.80166736,99763,99647,99403,99586,100
,,,,,
17.80614126,99766,99652,99412,99577,100
,,,,,
17.81061517,99805,99673,99477,99568,100
,,,,,
17.81508907,99925,99749,99675,99558,100
,,,,,
17.81956298,100169,99931,100104,99547,100
,,,,,
17.82403688,100553,100295,100854,99537,100
,,,,,
17.82851079,101060,100920,101987,99526,100
,,,,,
17.83298469,101596,101868,103470,99517,100
,,,,,
17.8374586,102027,103117,105148,99508,100
,,,,,
17.8419325,102221,104527,106751,99498,100
,,,,,
17.84640641,102081,105814,107897,99488,100
,,,,,
17.85088031,101620,106619,108241,99477,100
,,,,,
17.85535422,100926,106675,107603,99465,100
,,,,,
17.85982812,100151,105889,106044,99454,100
,,,,,
17.86430203,99467,104439,103911,99443,100
,,,,,
17.86877593,98976,102698,101682,99431,100
,,,,,
17.87324984,98731,101040,99779,99417,100
,,,,,
17.87772374,98699,99749,98457,99402,100
,,,,,
17.88219765,98805,98909,97722,99386,100
,,,,,
17.88667155,98978,98446,97429,99369,100
,,,,,
17.89114546,99150,98243,97393,99352,100
,,,,,
17.89561936,99291,98171,97460,99338,100
,,,,,
17.90009327,99400,98163,97559,99325,100
,,,,,
17.90456717,99482,98185,97663,99313,100
,,,,,
17.90904108,99551,98224,97773,99300,100
,,,,,
17.91351498,99617,98275,97891,99287,100
,,,,,
17.91798889,99683,98334,98015,99273,100
,,,,,
17.92246279,99751,98396,98145,99257,100
,,,,,
17.9269367,99819,98463,98277,99242,100
,,,,,
17.9314106,99886,98531,98412,99227,100
,,,,,
17.93588451,99955,98598,98547,99213,100
,,,,,
17.94035841,100022,98664,98681,99201,100
,,,,,
17.94483232,100092,98725,98814,99190,100
,,,,,
17.94930622,100164,98781,98946,99179,100
,,,,,
17.95378012,100239,98831,99073,99167,100
,,,,,
17.95825403,100320,98876,99201,99154,100
,,,,,
17.96272793,100406,98914,99326,99140,100
,,,,,
17.96720184,100500,98944,99448,99127,100
,,,,,
17.97167574,100596,98966,99565,99116,100
,,,,,
17.97614965,100694,98980,99674,99108,100
,,,,,
17.98062355,100790,98987,99775,99105,100
,,,,,
17.98509746,100881,98990,99869,99109,100
,,,,,
17.98957136,100962,98994,99952,99120,100
,,,,,
17.99404527,101028,98999,100023,99140,100
,,,,,
17.99851917,101074,99009,100078,99168,100
,,,,,
18.00299308,101094,99020,100110,99206,100
,,,,,
18.00746698,101088,99032,100118,99255,100
,,,,,
18.01194089,101053,99048,100099,99316,100
,,,,,
18.01641479,100990,99066,100055,99389,100
,,,,,
18.0208887,100906,99090,99998,99470,100
,,,,,
18.0253626,100808,99126,99936,99555,100
,,,,,
18.02983651,100703,99174,99880,99641,100
,,,,,
18.03431041,100597,99240,99842,99720,100
,,,,,
18.03878432,100494,99323,99823,99792,100
,,,,,
18.04325822,100394,99428,99827,99853,100
,,,,,
18.04773213,100295,99549,99848,99904,100
,,,,,
18.05220603,100195,99683,99881,99945,100
,,,,,
18.05667994,100094,99821,99917,99982,100
,,,,,
18.06115384,99991,99950,99945,100013,100
,,,,,
18.06562775,99890,100061,99955,100042,100
,,,,,
18.07010165,99792,100145,99942,100067,100
,,,,,
18.07457556,99701,100201,99909,100091,100
,,,,,
18.07904946,99619,100231,99857,100112,100
,,,,,
18.08352337,99547,100243,99795,100129,100
,,,,,
18.08799727,99486,100242,99731,100144,100
,,,,,
18.09247117,99437,100234,99671,100154,100
,,,,,
18.09694508,99401,100225,99623,100163,100
,,,,,
18.10141898,99378,100216,99590,100169,100
,,,,,
18.10589289,99368,100208,99574,100173,100
,,,,,
18.11036679,99371,100203,99574,100173,100
,,,,,
18.1148407,99382,100199,99584,100171,100
,,,,,
18.1193146,99399,100196,99601,100166,100
,,,,,
18.12378851,99420,100193,99621,100157,100
,,,,,
18.12826241,99444,100189,99639,100146,100
,,,,,
18.13273632,99469,100182,99655,100132,100
,,,,,
18.13721022,99495,100172,99669,100116,100
,,,,,
18.14168413,99522,100159,99679,100100,100
,,,,,
18.14615803,99547,100143,99689,100085,100
,,,,,
18.15063194,99571,100127,99697,100070,100
,,,,,
18.15510584,99593,100111,99705,100055,100
,,,,,
18.15957975,99613,100099,99714,100040,100
,,,,,
18.16405365,99632,100093,99729,100022,100
,,,,,
18.16852756,99648,100097,99749,100003,100
,,,,,
18.17300146,99661,100113,99777,99979,100
,,,,,
18.17747537,99667,100139,99808,99951,100
,,,,,
18.18194927,99661,100174,99838,99922,100
,,,,,
18.18642318,99641,100213,99854,99891,100
,,,,,
18.19089708,99602,100254,99855,99860,100
,,,,,
18.19537099,99555,100297,99849,99829,100
,,,,,
18.19984489,99509,100342,99848,99799,100
,,,,,
18.2043188,99482,100390,99869,99768,100
,,,,,
18.2087927,99490,100437,99926,99737,100
,,,,,
18.21326661,99535,100475,100012,99703,100
,,,,,
18.21774051,99612,100496,100113,99669,100
,,,,,
18.22221442,99708,100491,100206,99635,100
,,,,,
18.22668832,99802,100453,100265,99602,100
,,,,,
18.23116222,99881,100385,100276,99571,100
,,,,,
18.23563613,99933,100292,100234,99544,100
,,,,,
18.24011003,99953,100180,100141,99521,100
,,,,,
18.24458394,99947,100062,100013,99501,100
,,,,,
18.24905784,99922,99946,99868,99485,100
,,,,,
18.25353175,99890,99838,99726,99471,100
,,,,,
18.25800565,99862,99744,99603,99460,100
,,,,,
18.26247956,99844,99669,99509,99451,100
,,,,,
18.26695346,99836,99612,99445,99444,100
,,,,,
18.27142737,99836,99571,99406,99438,100
,,,,,
18.27590127,99840,99545,99386,99434,100
,,,,,
18.28037518,99846,99531,99377,99431,100
,,,,,
18.28484908,99852,99524,99378,99428,100
,,,,,
18.28932299,99857,99524,99382,99426,100
,,,,,
18.29379689,99859,99530,99389,99424,100
,,,,,
18.2982708,99858,99534,99390,99421,100
,,,,,
18.3027447,99849,99533,99377,99418,100
,,,,,
18.30721861,99837,99520,99351,99416,100
,,,,,
18.31169251,99827,99501,99322,99413,100
,,,,,
18.31616642,99847,99498,99339,99412,100
,,,,,
18.32064032,99930,99548,99471,99414,100
,,,,,
18.32511423,100125,99719,99838,99419,100
,,,,,
18.32958813,100461,100089,100545,99427,100
,,,,,
18.33406204,100914,100750,101659,99437,100
,,,,,
18.33853594,101418,101777,103191,99448,100
,,,,,
18.34300985,101841,103128,104966,99457,100
,,,,,
18.34748375,102050,104669,106717,99465,100
,,,,,
18.35195766,101964,106089,108053,99469,100
,,,,,
18.35643156,101571,106994,108565,99472,100
,,,,,
18.36090547,100952,107110,108064,99474,100
,,,,,
18.36537937,100252,106311,106564,99477,100
,,,,,
18.36985327,99614,104784,104398,99480,100
,,,,,
18.37432718,99149,102925,102072,99484,100
,,,,,
18.37880108,98906,101125,100030,99489,100
,,,,,
18.38327499,98865,99708,98574,99494,100
,,,,,
18.38774889,98961,98774,97737,99498,100
,,,,,
18.3922228,99128,98252,97383,99501,100
,,,,,
18.3966967,99297,98018,97318,99502,100
,,,,,
18.40117061,99440,97933,97374,99501,100
,,,,,
18.40564451,99549,97918,97466,99499,100
,,,,,
18.41011842,99628,97939,97564,99494,100
,,,,,
18.41459232,99689,97981,97667,99490,100
,,,,,
18.41906623,99739,98042,97779,99486,100
,,,,,
18.42354013,99783,98116,97900,99484,100
,,,,,
18.42801404,99823,98199,98027,99483,100
,,,,,
18.43248794,99863,98284,98155,99484,100
,,,,,
18.43696185,99906,98368,98284,99485,100
,,,,,
18.44143575,99955,98446,98411,99485,100
,,,,,
18.44590966,100011,98517,98536,99485,100
,,,,,
18.45038356,100076,98580,98661,99484,100
,,,,,
18.45485747,100149,98635,98786,99481,100
,,,,,
18.45933137,100228,98685,98914,99477,100
,,,,,
18.46380528,100313,98731,99041,99472,100
,,,,,
18.46827918,100399,98772,99167,99467,100
,,,,,
18.47275309,100487,98808,99289,99464,100
,,,,,
18.47722699,100574,98837,99406,99464,100
,,,,,
18.4817009,100659,98860,99516,99468,100
,,,,,
18.4861748,100743,98875,99618,99477,100
,,,,,
18.49064871,100822,98883,99709,99492,100
,,,,,
18.49512261,100893,98885,99783,99515,100
,,,,,
18.49959652,100953,98884,99841,99548,100
,,,,,
18.50407042,100992,98881,99876,99593,100
,,,,,
18.50854432,101010,98877,99888,99650,100
,,,,,
18.51301823,101002,98875,99875,99717,100
,,,,,
18.51749213,100968,98872,99839,99790,100
,,,,,
18.52196604,100750,98895,99646,100006,100
,,,,,
18.52643994,100654,98933,99586,100068,100
,,,,,
18.53091385,100552,98997,99547,100126,100
,,,,,
18.53538775,100449,99092,99535,100178,100
,,,,,
18.53986166,100348,99214,99555,100227,100
,,,,,
18.54433556,100249,99357,99598,100270,100
,,,,,
18.54880947,100154,99510,99658,100311,100
,,,,,
18.55328337,100061,99661,99718,100348,100
,,,,,
18.55775728,99968,99800,99768,100380,100
,,,,,
18.56223118,99874,99921,99799,100410,100
,,,,,
18.56670509,99778,100020,99806,100436,100
,,,,,
18.57117899,99684,100096,99791,100460,100
,,,,,
18.5756529,99595,100148,99756,100478,100
,,,,,
18.5801268,99516,100179,99706,100494,100
,,,,,
18.58460071,99454,100192,99653,100505,100
,,,,,
18.58907461,99407,100193,99606,100512,100
,,,,,
18.59354852,99378,100190,99573,100516,100
,,,,,
18.59802242,99368,100190,99562,100518,100
,,,,,
18.60249633,99371,100193,99570,100517,100
,,,,,
18.60697023,99386,100199,99593,100514,100
,,,,,
18.61144414,99412,100203,99622,100510,100
,,,,,
18.61591804,99442,100203,99652,100506,100
,,,,,
18.62039195,99473,100198,99679,100503,100
,,,,,
18.62486585,99506,100189,99700,100498,100
,,,,,
18.62933976,99536,100178,99717,100491,100
,,,,,
18.63381366,99565,100165,99729,100480,100
,,,,,
18.63828757,99589,100150,99738,100465,100
,,,,,
18.64276147,99611,100134,99742,100445,100
,,,,,
18.64723537,99631,100115,99744,100423,100
,,,,,
18.65170928,99647,100095,99743,100401,100
,,,,,
18.65618318,99663,100077,99741,100379,100
,,,,,
18.66065709,99678,100065,99745,100358,100
,,,,,
18.66513099,99692,100066,99758,100337,100
,,,,,
18.6696049,99703,100082,99782,100315,100
,,,,,
18.6740788,99710,100113,99818,100289,100
,,,,,
18.67855271,99718,100154,99863,100259,100
,,,,,
18.68302661,99727,100198,99914,100226,100
,,,,,
18.68750052,99745,100242,99974,100192,100
,,,,,
18.69197442,99776,100284,100048,100156,100
,,,,,
18.69644833,99823,100326,100137,100120,100
,,,,,
18.70092223,99883,100370,100243,100083,100
,,,,,
18.70539614,99950,100415,100358,100048,100
,,,,,
18.70987004,100015,100452,100461,100014,100
,,,,,
18.71434395,100067,100474,100537,99984,100
,,,,,
18.71881785,100101,100471,100570,99957,100
,,,,,
18.72329176,100111,100434,100546,99934,100
,,,,,
18.72776566,100098,100367,100466,99913,100
,,,,,
18.73223957,100063,100272,100337,99893,100
,,,,,
18.73671347,100008,100157,100168,99874,100
,,,,,
18.74118738,99944,100033,99978,99854,100
,,,,,
18.74566128,99878,99910,99786,99834,100
,,,,,
18.75013519,99819,99793,99608,99815,100
,,,,,
18.75460909,99777,99691,99461,99797,100
,,,,,
18.759083,99750,99607,99349,99780,100
,,,,,
18.7635569,99739,99542,99273,99766,100
,,,,,
18.76803081,99737,99498,99228,99753,100
,,,,,
18.77250471,99739,99470,99205,99742,100
,,,,,
18.77697862,99741,99455,99195,99733,100
,,,,,
18.78145252,99739,99450,99194,99725,100
,,,,,
18.78592643,99737,99452,99198,99718,100
,,,,,
18.79040033,99736,99460,99205,99713,100
,,,,,
18.79487423,99734,99468,99211,99707,100
,,,,,
18.79934814,99732,99469,99207,99702,100
,,,,,
18.80382204,99723,99458,99187,99696,100
,,,,,
18.80829595,99711,99437,99150,99689,100
,,,,,
18.81276985,99711,99416,99127,99683,100
,,,,,
18.81724376,99759,99430,99189,99677,100
,,,,,
18.82171766,99914,99544,99459,99673,100
,,,,,
18.82619157,100220,99845,100068,99669,100
,,,,,
18.83066547,100671,100459,101134,99668,100
,,,,,
18.83513938,101198,101482,102683,99666,100
,,,,,
18.83961328,101657,102884,104544,99665,100
,,,,,
18.84408719,101900,104540,106442,99664,100
,,,,,
18.84856109,101830,106079,107909,99665,100
,,,,,
18.853035,101438,107089,108527,99667,100
,,,,,
18.8575089,100827,107277,108104,99669,100
,,,,,
18.86198281,100151,106486,106636,99672,100
,,,,,
18.86645671,99561,104957,104517,99674,100
,,,,,
18.87093062,99156,103081,102235,99674,100
,,,,,
18.87540452,98962,101255,100213,99672,100
,,,,,
18.87987843,98948,99829,98772,99668,100
,,,,,
18.88435233,99041,98867,97903,99664,100
,,,,,
18.88882624,99181,98318,97495,99660,100
,,,,,
18.89330014,99318,98060,97375,99656,100
,,,,,
18.89777405,99426,97948,97375,99653,100
,,,,,
18.90224795,99510,97923,97434,99652,100
,,,,,
18.90672186,99571,97939,97513,99651,100
,,,,,
18.91119576,99623,97985,97612,99649,100
,,,,,
18.91566967,99670,98052,97727,99647,100
,,,,,
18.92014357,99716,98131,97852,99645,100
,,,,,
18.92461748,99763,98217,97985,99641,100
,,,,,
18.92909138,99812,98305,98121,99636,100
,,,,,
18.93356528,99861,98393,98259,99632,100
,,,,,
18.93803919,99913,98480,98396,99627,100
,,,,,
18.94251309,99965,98564,98531,99621,100
,,,,,
18.946987,100020,98641,98662,99616,100
,,,,,
18.9514609,100077,98711,98789,99612,100
,,,,,
18.95593481,100140,98773,98913,99608,100
,,,,,
18.96040871,100211,98828,99038,99604,100
,,,,,
18.96488262,100289,98877,99164,99599,100
,,,,,
18.96935652,100376,98920,99293,99596,100
,,,,,
18.97383043,100472,98955,99424,99593,100
,,,,,
18.97830433,100572,98981,99550,99593,100
,,,,,
18.98277824,100673,98999,99668,99597,100
,,,,,
18.98725214,100769,99008,99772,99609,100
,,,,,
18.99172605,100854,99011,99860,99628,100
,,,,,
18.99619995,100921,99008,99925,99655,100
,,,,,
19.00067386,100968,99000,99963,99692,100
,,,,,
19.00514776,100991,98985,99973,99738,100
,,,,,
19.00962167,100991,98965,99955,99792,100
,,,,,
19.01409557,100968,98941,99909,99857,100
,,,,,
19.01856948,100923,98919,99846,99929,100
,,,,,
19.02304338,100859,98907,99771,100007,100
,,,,,
19.02751729,100777,98912,99697,100087,100
,,,,,
19.03199119,100683,98941,99632,100165,100
,,,,,
19.0364651,100579,98998,99586,100237,100
,,,,,
19.040939,100472,99084,99564,100300,100
,,,,,
19.04541291,100364,99194,99563,100354,100
,,,,,
19.04988681,100259,99322,99584,100399,100
,,,,,
19.05436072,100156,99460,99617,100438,100
,,,,,
19.05883462,100053,99597,99652,100471,100
,,,,,
19.06330853,99952,99726,99680,100502,100
,,,,,
19.06778243,99851,99837,99691,100531,100
,,,,,
19.07225633,99753,99923,99679,100558,100
,,,,,
19.07673024,99661,99984,99647,100582,100
,,,,,
19.08120414,99576,100022,99600,100603,100
,,,,,
19.08567805,99501,100043,99545,100619,100
,,,,,
19.09015195,99440,100054,99494,100630,100
,,,,,
19.09462586,99393,100060,99453,100639,100
,,,,,
19.09909976,99363,100065,99427,100645,100
,,,,,
19.10357367,99347,100068,99415,100650,100
,,,,,
19.10804757,99345,100070,99415,100654,100
,,,,,
19.11252148,99349,100070,99424,100658,100
,,,,,
19.11699538,99359,100069,99435,100660,100
,,,,,
19.12146929,99372,100066,99447,100660,100
,,,,,
19.12594319,99390,100063,99461,100656,100
,,,,,
19.1304171,99412,100059,99477,100650,100
,,,,,
19.134891,99437,100051,99492,100639,100
,,,,,
19.13936491,99459,100039,99497,100625,100
,,,,,
19.14383881,99462,100022,99482,100610,100
,,,,,
19.14831272,99436,100002,99434,100593,100
,,,,,
19.15278662,99374,99980,99352,100575,100
,,,,,
19.15726053,99284,99963,99247,100556,100
,,,,,
19.16173443,99180,99959,99139,100536,100
,,,,,
19.16620834,99088,99971,99060,100514,100
,,,,,
19.17068224,99024,100003,99029,100488,100
,,,,,
19.17515615,98999,100050,99050,100458,100
,,,,,
19.17963005,99011,100105,99117,100423,100
,,,,,
19.18410396,99053,100161,99213,100386,100
,,,,,
19.18857786,99118,100212,99327,100348,100
,,,,,
19.19305177,99199,100258,99454,100309,100
,,,,,
19.19752567,99295,100300,99591,100273,100
,,,,,
19.20199958,99400,100337,99735,100239,100
,,,,,
19.20647348,99509,100368,99875,100209,100
,,,,,
19.21094738,99613,100385,99997,100181,100
,,,,,
19.21542129,99701,100382,100083,100155,100
,,,,,
19.21989519,99766,100355,100120,100129,100
,,,,,
19.2243691,99800,100302,100103,100103,100
,,,,,
19.228843,99804,100227,100032,100075,100
,,,,,
19.23331691,99781,100134,99916,100046,100
,,,,,
19.23779081,99740,100028,99770,100018,100
,,,,,
19.24226472,99695,99917,99613,99989,100
,,,,,
19.24673862,99656,99809,99464,99963,100
,,,,,
19.25121253,99633,99709,99339,99938,100
,,,,,
19.25568643,99631,99624,99250,99918,100
,,,,,
19.26016034,99646,99558,99200,99898,100
,,,,,
19.26463424,99677,99514,99187,99882,100
,,,,,
19.26910815,99717,99488,99203,99868,100
,,,,,
19.27358205,99761,99478,99240,99856,100
,,,,,
19.27805596,99806,99476,99285,99846,100
,,,,,
19.28252986,99849,99478,99331,99838,100
,,,,,
19.28700377,99887,99478,99370,99831,100
,,,,,
19.29147767,99918,99476,99399,99824,100
,,,,,
19.29595158,99937,99469,99409,99818,100
,,,,,
19.30042548,99941,99452,99395,99812,100
,,,,,
19.30489939,99926,99424,99351,99807,100
,,,,,
19.30937329,99900,99389,99288,99804,100
,,,,,
19.3138472,99900,99374,99272,99801,100
,,,,,
19.3183211,99972,99421,99390,99800,100
,,,,,
19.32279501,100186,99615,99799,99799,100
,,,,,
19.32726891,100571,100057,100625,99799,100
,,,,,
19.33174282,101082,100858,101935,99799,100
,,,,,
19.33621672,101617,102069,103682,99798,100
,,,,,
19.34069063,102006,103602,105604,99797,100
,,,,,
19.34516453,102105,105226,107327,99794,100
,,,,,
19.34963843,101864,106534,108396,99789,100
,,,,,
19.35411234,101317,107144,108460,99784,100
,,,,,
19.35858624,100612,106836,107449,99777,100
,,,,,
19.36306015,99929,105640,105571,99770,100
,,,,,
19.36753405,99397,103899,103296,99761,100
,,,,,
19.37200796,99095,102035,101130,99752,100
,,,,,
19.37648186,99011,100425,99433,99744,100
,,,,,
19.38095577,99073,99276,98345,99736,100
,,,,,
19.38542967,99209,98576,97783,99729,100
,,,,,
19.38990358,99355,98219,97573,99723,100
,,,,,
19.39437748,99475,98066,97541,99717,100
,,,,,
19.39885139,99567,98016,97585,99712,100
,,,,,
19.40332529,99638,98019,97659,99707,100
,,,,,
19.4077992,99697,98055,97754,99702,100
,,,,,
19.4122731,99752,98111,97865,99697,100
,,,,,
19.41674701,99803,98181,97984,99692,100
,,,,,
19.42122091,99851,98257,98108,99688,100
,,,,,
19.42569482,99897,98332,98230,99686,100
,,,,,
19.43016872,99942,98406,98349,99685,100
,,,,,
19.43464263,99989,98478,98468,99684,100
,,,,,
19.43911653,100039,98549,98589,99684,100
,,,,,
19.44359044,100093,98622,98716,99684,100
,,,,,
19.44806434,100152,98697,98849,99684,100
,,,,,
19.45253825,100217,98770,98986,99682,100
,,,,,
19.45701215,100287,98838,99125,99678,100
,,,,,
19.46148606,100361,98897,99260,99674,100
,,,,,
19.46595996,100440,98947,99388,99667,100
,,,,,
19.47043387,100522,98985,99509,99661,100
,,,,,
19.47490777,100606,99014,99622,99657,100
,,,,,
19.47938168,100692,99036,99729,99655,100
,,,,,
19.48385558,100774,99052,99826,99661,100
,,,,,
19.48832948,100848,99061,99908,99674,100
,,,,,
19.49280339,100907,99065,99971,99697,100
,,,,,
19.49727729,100957,99039,99994,99827,100
,,,,,
19.5017512,100927,99021,99944,99891,100
,,,,,
19.5062251,100875,99004,99875,99962,100
,,,,,
19.51069901,100807,98995,99795,100038,100
,,,,,
19.51517291,100726,99002,99720,100113,100
,,,,,
19.51964682,100638,99031,99661,100186,100
,,,,,
19.52412072,100545,99091,99629,100251,100
,,,,,
19.52859463,100451,99182,99629,100309,100
,,,,,
19.53306853,100357,99301,99659,100357,100
,,,,,
19.53754244,100264,99445,99713,100397,100
,,,,,
19.54201634,100170,99602,99779,100428,100
,,,,,
19.54649025,100075,99759,99841,100456,100
,,,,,
19.55096415,99976,99903,99885,100481,100
,,,,,
19.55543806,99874,100023,99902,100506,100
,,,,,
19.55991196,99770,100118,99890,100529,100
,,,,,
19.56438587,99668,100188,99858,100552,100
,,,,,
19.56885977,99575,100235,99814,100573,100
,,,,,
19.57333368,99499,100264,99768,100589,100
,,,,,
19.57780758,99441,100279,99727,100602,100
,,,,,
19.58228149,99405,100282,99695,100611,100
,,,,,
19.58675539,99384,100277,99670,100617,100
,,,,,
19.5912293,99376,100267,99654,100620,100
,,,,,
19.5957032,99378,100257,99645,100620,100
,,,,,
19.60017711,99385,100250,99644,100617,100
,,,,,
19.60465101,99396,100249,99652,100613,100
,,,,,
19.60912492,99408,100251,99667,100607,100
,,,,,
19.61359882,99424,100256,99687,100599,100
,,,,,
19.61807273,99440,100257,99706,100590,100
,,,,,
19.62254663,99460,100254,99723,100580,100
,,,,,
19.62702054,99479,100245,99733,100569,100
,,,,,
19.63149444,99498,100234,99738,100555,100
,,,,,
19.63596834,99516,100220,99741,100538,100
,,,,,
19.64044225,99532,100207,99741,100517,100
,,,,,
19.64491615,99549,100194,99743,100493,100
,,,,,
19.64939006,99564,100185,99748,100465,100
,,,,,
19.65386396,99583,100181,99762,100434,100
,,,,,
19.65833787,99602,100185,99786,100401,100
,,,,,
19.66281177,99623,100200,99824,100366,100
,,,,,
19.66728568,99646,100226,99873,100332,100
,,,,,
19.67175958,99670,100260,99931,100300,100
,,,,,
19.67623349,99699,100298,99999,100270,100
,,,,,
19.68070739,99737,100339,100076,100244,100
,,,,,
19.6851813,99785,100380,100163,100218,100
,,,,,
19.6896552,99843,100422,100261,100193,100
,,,,,
19.69412911,99909,100462,100366,100166,100
,,,,,
19.69860301,99975,100494,100462,100140,100
,,,,,
19.70307692,100032,100510,100534,100112,100
,,,,,
19.70755082,100074,100501,100565,100085,100
,,,,,
19.71202473,100092,100461,100542,100058,100
,,,,,
19.71649863,100083,100391,100463,100034,100
,,,,,
19.72097254,100049,100296,100335,100012,100
,,,,,
19.72544644,99992,100184,100169,99992,100
,,,,,
19.72992035,99925,100067,99985,99975,100
,,,,,
19.73439425,99857,99951,99803,99960,100
,,,,,
19.73886816,99799,99844,99640,99948,100
,,,,,
19.74334206,99758,99750,99506,99937,100
,,,,,
19.74781597,99735,99673,99408,99927,100
,,,,,
19.75228987,99728,99617,99346,99917,100
,,,,,
19.75676378,99731,99580,99314,99906,100
,,,,,
19.76123768,99737,99562,99305,99895,100
,,,,,
19.76571159,99745,99558,99308,99882,100
,,,,,
19.77018549,99751,99563,99319,99870,100
,,,,,
19.77465939,99755,99572,99333,99858,100
,,,,,
19.7791333,99759,99583,99347,99848,100
,,,,,
19.7836072,99760,99590,99356,99838,100
,,,,,
19.78808111,99756,99591,99351,99829,100
,,,,,
19.79255501,99744,99581,99328,99821,100
,,,,,
19.79702892,99734,99564,99301,99813,100
,,,,,
19.80150282,99752,99558,99321,99804,100
,,,,,
19.80597673,99845,99608,99480,99795,100
,,,,,
19.81045063,100064,99778,99900,99786,100
,,,,,
19.81492454,100431,100149,100683,99776,100
,,,,,
19.81939844,100923,100838,101899,99768,100
,,,,,
19.82387235,101451,101886,103498,99761,100
,,,,,
19.82834625,101872,103276,105301,99756,100
,,,,,
19.83282016,102051,104850,107015,99752,100
,,,,,
19.83729406,101910,106245,108221,99749,100
,,,,,
19.84176797,101455,107103,108571,99747,100
,,,,,
19.84624187,100790,107117,107885,99744,100
,,,,,
19.85071578,100073,106200,106235,99741,100
,,,,,
19.85518968,99446,104609,104012,99737,100
,,,,,
19.85966359,99019,102723,101702,99733,100
,,,,,
19.86413749,98817,100969,99750,99730,100
,,,,,
19.8686114,98803,99637,98408,99725,100
,,,,,
19.8730853,98912,98778,97662,99720,100
,,,,,
19.87755921,99067,98324,97363,99713,100
,,,,,
19.88203311,99217,98122,97313,99705,100
,,,,,
19.88650702,99339,98049,97363,99696,100
,,,,,
19.89098092,99431,98038,97445,99689,100
,,,,,
19.89545483,99501,98056,97537,99683,100
,,,,,
19.89992873,99563,98097,97641,99679,100
,,,,,
19.90440264,99618,98155,97757,99676,100
,,,,,
19.90887654,99672,98225,97883,99672,100
,,,,,
19.91335044,99725,98303,98016,99667,100
,,,,,
19.91782435,99780,98384,98153,99661,100
,,,,,
19.92229825,99838,98462,98291,99655,100
,,,,,
19.92677216,99899,98535,98427,99649,100
,,,,,
19.93124606,99964,98599,98558,99644,100
,,,,,
19.93571997,100032,98657,98685,99639,100
,,,,,
19.94019387,100104,98707,98807,99634,100
,,,,,
19.94466778,100179,98750,98926,99630,100
,,,,,
19.94914168,100260,98785,99042,99627,100
,,,,,
19.95361559,100348,98813,99158,99626,100
,,,,,
19.95808949,100444,98832,99272,99630,100
,,,,,
19.9625634,100544,98844,99382,99636,100
,,,,,
19.9670373,100646,98849,99487,99647,100
,,,,,
19.97151121,100743,98848,99582,99659,100
,,,,,
19.97598511,100830,98842,99661,99675,100
,,,,,
19.98045902,100901,98832,99721,99694,100
,,,,,
19.98493292,100949,98820,99758,99721,100
,,,,,
19.98940683,100973,98806,99769,99758,100
,,,,,
19.99388073,100971,98794,99758,99807,100
,,,,,
19.99835464,100945,98786,99726,99869,100
,,,,,
20.00282854,100899,98784,99680,99939,100
,,,,,
20.00730245,100839,98791,99629,100014,100
,,,,,
20.01177635,100773,98812,99584,100087,100
,,,,,
20.01625026,100707,98852,99557,100153,100
,,,,,
20.02072416,100643,98919,99559,100211,100
,,,,,
20.02519807,100583,99018,99596,100260,100
,,,,,
20.02967197,100525,99151,99670,100307,100
,,,,,
20.03414588,100463,99315,99771,100350,100
,,,,,
20.03861978,100393,99501,99887,100394,100
,,,,,
20.04309369,100309,99696,99998,100436,100
,,,,,
20.04756759,100210,99883,100088,100477,100
,,,,,
20.05204149,100099,100052,100146,100514,100
,,,,,
20.0565154,99979,100193,100167,100547,100
,,,,,
20.0609893,99857,100304,100154,100575,100
,,,,,
20.06546321,99742,100385,100117,100597,100
,,,,,
20.06993711,99636,100440,100066,100615,100
,,,,,
20.07441102,99547,100476,100011,100629,100
,,,,,
20.07888492,99475,100496,99958,100640,100
,,,,,
20.08335883,99422,100500,99910,100646,100
,,,,,
20.08783273,99389,100494,99871,100653,100
,,,,,
20.09230664,99371,100477,99840,100657,100
,,,,,
20.09678054,99368,100455,99817,100660,100
,,,,,
20.10125445,99378,100429,99804,100662,100
,,,,,
20.10572835,99394,100403,99798,100661,100
,,,,,
20.11020226,99417,100379,99798,100657,100
,,,,,
20.11467616,99443,100356,99803,100651,100
,,,,,
20.11915007,99471,100334,99808,100642,100
,,,,,
20.12362397,99499,100312,99813,100630,100
,,,,,
20.12809788,99525,100289,99815,100617,100
,,,,,
20.13257178,99550,100267,99815,100603,100
,,,,,
20.13704569,99569,100247,99813,100586,100
,,,,,
20.14151959,99585,100229,99810,100568,100
,,,,,
20.1459935,99597,100216,99810,100548,100
,,,,,
20.1504674,99606,100209,99813,100528,100
,,,,,
20.15494131,99612,100213,99825,100507,100
,,,,,
20.15941521,99616,100226,99845,100485,100
,,,,,
20.16388912,99623,100250,99877,100461,100
,,,,,
20.16836302,99639,100282,99925,100435,100
,,,,,
20.17283693,99671,100319,99994,100405,100
,,,,,
20.17731083,99724,100359,100088,100372,100
,,,,,
20.18178474,99798,100400,100204,100335,100
,,,,,
20.18625864,99888,100439,100332,100298,100
,,,,,
20.19073254,99978,100473,100456,100261,100
,,,,,
20.19520645,100055,100497,100556,100227,100
,,,,,
20.19968035,100106,100506,100615,100196,100
,,,,,
20.20415426,100125,100496,100624,100170,100
,,,,,
20.20862816,100112,100461,100577,100147,100
,,,,,
20.21310207,100070,100404,100479,100127,100
,,,,,
20.21757597,100006,100327,100338,100109,100
,,,,,
20.22204988,99930,100236,100169,100092,100
,,,,,
20.22652378,99850,100138,99990,100075,100
,,,,,
20.23099769,99777,100039,99817,100059,100
,,,,,
20.23547159,99719,99943,99662,100041,100
,,,,,
20.2399455,99682,99856,99537,100024,100
,,,,,
20.2444194,99664,99783,99446,100008,100
,,,,,
20.24889331,99663,99725,99388,99993,100
,,,,,
20.25336721,99674,99683,99356,99982,100
,,,,,
20.25784112,99687,99657,99344,99974,100
,,,,,
20.26231502,99702,99642,99343,99969,100
,,,,,
20.26678893,99713,99638,99350,99967,100
,,,,,
20.27126283,99720,99639,99359,99966,100
,,,,,
20.27573674,99722,99646,99366,99965,100
,,,,,
20.28021064,99718,99650,99365,99963,100
,,,,,
20.28468455,99705,99648,99347,99960,100
,,,,,
20.28915845,99686,99635,99312,99956,100
,,,,,
20.29363236,99684,99619,99292,99950,100
,,,,,
20.29810626,99736,99628,99351,99944,100
,,,,,
20.30258017,99899,99713,99600,99938,100
,,,,,
20.30705407,100226,99949,100164,99931,100
,,,,,
20.31152798,100705,100443,101140,99926,100
,,,,,
20.31600188,101276,101284,102557,99921,100
,,,,,
20.32047579,101798,102513,104311,99919,100
,,,,,
20.32494969,102101,104058,106161,99917,100
,,,,,
20.3294236,102081,105648,107729,99915,100
,,,,,
20.3338975,101699,106907,108602,99912,100
,,,,,
20.3383714,101036,107447,108477,99908,100
,,,,,
20.34284531,100260,107035,107286,99903,100
,,,,,
20.34731921,99534,105758,105284,99895,100
,,,,,
20.35179312,98995,103938,102927,99888,100
,,,,,
20.35626702,98705,102027,100728,99879,100
,,,,,
20.36074093,98641,100412,99053,99870,100
,,,,,
20.36521483,98736,99264,98003,99862,100
,,,,,
20.36968874,98908,98583,97496,99855,100
,,,,,
20.37416264,99087,98239,97329,99849,100
,,,,,
20.37863655,99233,98089,97328,99843,100
,,,,,
20.38311045,99346,98041,97394,99838,100
,,,,,
20.38758436,99429,98040,97477,99833,100
,,,,,
20.39205826,99501,98070,97580,99828,100
,,,,,
20.39653217,99569,98120,97697,99822,100
,,,,,
20.40100607,99639,98181,97826,99815,100
,,,,,
20.40547998,99709,98247,97964,99808,100
,,,,,
20.40995388,99781,98317,98102,99800,100
,,,,,
20.41442779,99851,98386,98240,99793,100
,,,,,
20.41890169,99921,98452,98373,99785,100
,,,,,
20.4233756,99990,98514,98502,99777,100
,,,,,
20.4278495,100059,98568,98625,99768,100
,,,,,
20.43232341,100132,98617,98746,99759,100
,,,,,
20.43679731,100210,98657,98865,99751,100
,,,,,
20.44127122,100295,98691,98985,99745,100
,,,,,
20.44574512,100387,98719,99104,99740,100
,,,,,
20.45021903,100483,98741,99222,99736,100
,,,,,
20.45469293,100582,98755,99336,99734,100
,,,,,
20.45916684,100683,98764,99444,99735,100
,,,,,
20.46364074,100781,98762,99539,99737,100
,,,,,
20.46811465,100872,98749,99617,99744,100
,,,,,
20.47258855,101047,98664,99713,99808,100
,,,,,
20.47706245,101055,98636,99696,99847,100
,,,,,
20.48153636,101036,98616,99660,99896,100
,,,,,
20.48601026,100993,98609,99611,99950,100
,,,,,
20.49048417,100933,98616,99556,100005,100
,,,,,
20.49495807,100863,98640,99507,100062,100
,,,,,
20.49943198,100791,98685,99474,100116,100
,,,,,
20.50390588,100719,98757,99471,100169,100
,,,,,
20.50837979,100651,98862,99504,100220,100
,,,,,
20.51285369,100583,99002,99577,100268,100
,,,,,
20.5173276,100514,99171,99679,100314,100
,,,,,
20.5218015,100438,99363,99797,100356,100
,,,,,
20.52627541,100351,99563,99913,100395,100
,,,,,
20.53074931,100251,99759,100011,100430,100
,,,,,
20.53522322,100140,99939,100082,100461,100
,,,,,
20.53969712,100022,100093,100118,100489,100
,,,,,
20.54417103,99904,100218,100124,100514,100
,,,,,
20.54864493,99791,100312,100104,100534,100
,,,,,
20.55311884,99690,100376,100066,100553,100
,,,,,
20.55759274,99603,100416,100018,100569,100
,,,,,
20.56206665,99532,100436,99968,100583,100
,,,,,
20.56654055,99478,100444,99922,100594,100
,,,,,
20.57101446,99439,100443,99883,100603,100
,,,,,
20.57548836,99415,100439,99855,100609,100
,,,,,
20.57996227,99406,100431,99837,100612,100
,,,,,
20.58443617,99408,100420,99828,100614,100
,,,,,
20.58891008,99422,100404,99825,100614,100
,,,,,
20.59338398,99443,100380,99822,100612,100
,,,,,
20.59785789,99466,100352,99818,100607,100
,,,,,
20.60233179,99490,100323,99813,100600,100
,,,,,
20.6068057,99514,100296,99808,100589,100
,,,,,
20.6112796,99537,100274,99808,100575,100
,,,,,
20.6157535,99561,100256,99812,100558,100
,,,,,
20.62022741,99585,100242,99819,100540,100
,,,,,
20.62470131,99608,100229,99829,100521,100
,,,,,
20.62917522,99629,100222,99842,100501,100
,,,,,
20.63364912,99645,100222,99858,100480,100
,,,,,
20.63812303,99658,100233,99883,100457,100
,,,,,
20.64259693,99667,100257,99918,100429,100
,,,,,
20.64707084,99680,100290,99964,100399,100
,,,,,
20.65154474,99700,100328,100023,100366,100
,,,,,
20.65601865,99733,100366,100095,100330,100
,,,,,
20.66049255,99785,100403,100187,100294,100
,,,,,
20.66496646,99859,100438,100298,100257,100
,,,,,
20.66944036,99948,100471,100423,100223,100
,,,,,
20.67391427,100043,100503,100552,100191,100
,,,,,
20.67838817,100128,100528,100663,100162,100
,,,,,
20.68286208,100189,100540,100736,100134,100
,,,,,
20.68733598,100217,100534,100756,100108,100
,,,,,
20.69180989,100209,100503,100715,100082,100
,,,,,
20.69628379,100170,100446,100618,100055,100
,,,,,
20.7007577,100109,100367,100476,100027,100
,,,,,
20.7052316,100033,100274,100307,100001,100
,,,,,
20.70970551,99954,100175,100130,99977,100
,,,,,
20.71417941,99879,100077,99959,99957,100
,,,,,
20.71865332,99817,99986,99809,99942,100
,,,,,
20.72312722,99772,99905,99685,99931,100
,,,,,
20.72760113,99745,99837,99589,99923,100
,,,,,
20.73207503,99733,99779,99519,99916,100
,,,,,
20.73654894,99732,99734,99469,99908,100
,,,,,
20.74102284,99735,99699,99437,99898,100
,,,,,
20.74549675,99741,99675,99417,99886,100
,,,,,
20.74997065,99747,99665,99411,99874,100
,,,,,
20.75444455,99753,99662,99414,99859,100
,,,,,
20.75891846,99759,99664,99422,99845,100
,,,,,
20.76339236,99765,99662,99425,99828,100
,,,,,
20.76786627,99766,99648,99411,99811,100
,,,,,
20.77234017,99761,99619,99377,99793,100
,,,,,
20.77681408,99763,99585,99345,99777,100
,,,,,
20.78128798,99802,99573,99370,99762,100
,,,,,
20.78576189,99929,99628,99551,99752,100
,,,,,
20.79023579,100199,99812,100002,99743,100
,,,,,
20.7947097,100627,100209,100826,99737,100
,,,,,
20.7991836,101169,100913,102073,99732,100
,,,,,
20.80365751,101717,101977,103686,99727,100
,,,,,
20.80813141,102105,103380,105479,99719,100
,,,,,
20.81260532,102200,104946,107145,99710,100
,,,,,
20.81707922,101942,106332,108277,99699,100
,,,,,
20.82155313,101365,107163,108533,99688,100
,,,,,
20.82602703,100610,107139,107754,99678,100
,,,,,
20.83050094,99844,106201,106048,99669,100
,,,,,
20.83497484,99213,104594,103809,99661,100
,,,,,
20.83944875,98815,102715,101528,99653,100
,,,,,
20.84392265,98656,100980,99632,99645,100
,,,,,
20.84839656,98688,99662,98344,99635,100
,,,,,
20.85287046,98835,98813,97643,99624,100
,,,,,
20.85734437,99020,98356,97371,99612,100
,,,,,
20.86181827,99190,98149,97337,99600,100
,,,,,
20.86629218,99326,98073,97398,99589,100
,,,,,
20.87076608,99427,98064,97491,99580,100
,,,,,
20.87523999,99505,98088,97593,99572,100
,,,,,
20.87971389,99573,98134,97706,99565,100
,,,,,
20.8841878,99637,98195,97831,99561,100
,,,,,
20.8886617,99698,98267,97964,99558,100
,,,,,
20.8931356,99760,98344,98104,99557,100
,,,,,
20.89760951,99822,98423,98247,99556,100
,,,,,
20.90208341,99887,98499,98390,99554,100
,,,,,
20.90655732,99958,98568,98530,99550,100
,,,,,
20.91103122,100034,98627,98667,99544,100
,,,,,
20.91550513,100115,98677,98797,99534,100
,,,,,
20.91997903,100199,98720,98922,99523,100
,,,,,
20.92445294,100282,98755,99040,99510,100
,,,,,
20.92892684,100363,98785,99149,99499,100
,,,,,
20.93340075,100442,98807,99250,99489,100
,,,,,
20.93787465,100522,98823,99347,99481,100
,,,,,
20.94234856,100606,98831,99438,99476,100
,,,,,
20.94682246,100692,98832,99527,99473,100
,,,,,
20.95129637,100780,98828,99611,99476,100
,,,,,
20.95577027,100862,98822,99687,99484,100
,,,,,
20.96024418,100932,98817,99752,99499,100
,,,,,
20.96471808,100983,98816,99799,99523,100
,,,,,
20.96919199,101009,98818,99828,99554,100
,,,,,
20.97366589,101009,98826,99836,99595,100
,,,,,
20.9781398,100982,98837,99821,99642,100
,,,,,
20.9826137,100932,98855,99791,99699,100
,,,,,
20.98708761,100865,98881,99751,99765,100
,,,,,
20.99156151,100787,98920,99713,99838,100
,,,,,
20.99603542,100706,98976,99691,99917,100
,,,,,
21.00050932,100626,99055,99692,99996,100
,,,,,
21.00498323,100550,99161,99724,100073,100
,,,,,
21.00945713,100474,99294,99781,100142,100
,,,,,
21.01393104,100396,99448,99857,100199,100
,,,,,
21.01840494,100312,99616,99939,100248,100
,,,,,
21.02287885,100222,99784,100014,100285,100
,,,,,
21.02735275,100124,99947,100075,100316,100
,,,,,
21.03182665,100021,100092,100113,100340,100
,,,,,
21.03630056,99912,100215,100126,100362,100
,,,,,
21.04077446,99803,100314,100114,100381,100
,,,,,
21.04524837,99696,100387,100082,100399,100
,,,,,
21.04972227,99601,100437,100037,100416,100
,,,,,
21.05419618,99521,100463,99985,100431,100
,,,,,
21.05867008,99459,100472,99933,100445,100
,,,,,
21.06314399,99415,100465,99883,100458,100
,,,,,
21.06761789,99386,100445,99834,100468,100
,,,,,
21.0720918,99371,100418,99791,100473,100
,,,,,
21.0765657,99366,100388,99755,100474,100
,,,,,
21.08103961,99372,100361,99732,100470,100
,,,,,
21.08551351,99388,100339,99726,100460,100
,,,,,
21.08998742,99412,100323,99733,100445,100
,,,,,
21.09446132,99442,100310,99749,100428,100
,,,,,
21.09893523,99475,100296,99767,100409,100
,,,,,
21.10340913,99505,100281,99781,100388,100
,,,,,
21.10788304,99534,100262,99792,100368,100
,,,,,
21.11235694,99559,100243,99800,100347,100
,,,,,
21.11683085,99581,100228,99812,100327,100
,,,,,
21.12130475,99603,100223,99830,100305,100
,,,,,
21.12577866,99621,100230,99857,100281,100
,,,,,
21.13025256,99638,100247,99889,100255,100
,,,,,
21.13472647,99652,100272,99924,100226,100
,,,,,
21.13920037,99670,100299,99965,100194,100
,,,,,
21.14367428,99694,100329,100017,100159,100
,,,,,
21.14814818,99732,100361,100084,100124,100
,,,,,
21.15262209,99784,100397,100173,100089,100
,,,,,
21.15709599,99849,100439,100281,100056,100
,,,,,
21.1615699,99920,100482,100397,100025,100
,,,,,
21.1660438,99988,100523,100507,99994,100
,,,,,
21.17051771,100042,100550,100590,99963,100
,,,,,
21.17499161,100078,100557,100633,99929,100
,,,,,
21.17946551,100093,100535,100625,99893,100
,,,,,
21.18393942,100083,100479,100560,99857,100
,,,,,
21.18841332,100053,100394,100443,99822,100
,,,,,
21.19288723,100003,100285,100283,99789,100
,,,,,
21.19736113,99939,100162,100097,99761,100
,,,,,
21.20183504,99872,100038,99906,99738,100
,,,,,
21.20630894,99809,99920,99726,99720,100
,,,,,
21.21078285,99758,99817,99573,99707,100
,,,,,
21.21525675,99725,99734,99458,99695,100
,,,,,
21.21973066,99708,99672,99381,99686,100
,,,,,
21.22420456,99705,99632,99339,99675,100
,,,,,
21.22867847,99711,99609,99324,99664,100
,,,,,
21.23315237,99720,99597,99324,99651,100
,,,,,
21.23762628,99730,99591,99329,99637,100
,,,,,
21.24210018,99735,99586,99331,99624,100
,,,,,
21.24657409,99736,99582,99328,99611,100
,,,,,
21.25104799,99732,99579,99321,99601,100
,,,,,
21.2555219,99724,99574,99306,99592,100
,,,,,
21.2599958,99710,99566,99281,99587,100
,,,,,
21.26446971,99691,99552,99246,99583,100
,,,,,
21.26894361,99690,99542,99233,99580,100
,,,,,
21.27341752,99741,99569,99309,99577,100
,,,,,
21.27789142,99896,99688,99582,99573,100
,,,,,
21.28236533,100207,99977,100180,99568,100
,,,,,
21.28683923,100663,100540,101198,99562,100
,,,,,
21.29131314,101207,101455,102657,99556,100
,,,,,
21.29578704,101708,102739,104441,99551,100
,,,,,
21.30026095,102007,104289,106292,99547,100
,,,,,
21.30473485,102009,105823,107830,99545,100
,,,,,
21.30920876,101678,106960,108639,99545,100
,,,,,
21.31368266,101086,107351,108438,99547,100
,,,,,
21.31815656,100373,106800,107177,99552,100
,,,,,
21.32263047,99687,105421,105112,99558,100
,,,,,
21.32710437,99149,103563,102716,99564,100
,,,,,
21.33157828,98824,101661,100491,99570,100
,,,,,
21.33605218,98710,100084,98801,99574,100
,,,,,
21.34052609,98759,98996,97764,99575,100
,,,,,
21.34499999,98905,98367,97283,99574,100
,,,,,
21.3494739,99080,98072,97164,99572,100
,,,,,
21.3539478,99241,97965,97217,99569,100
,,,,,
21.35842171,99371,97943,97323,99567,100
,,,,,
21.36289561,99470,97962,97438,99565,100
,,,,,
21.36736952,99549,98003,97555,99565,100
,,,,,
21.37184342,99618,98061,97679,99566,100
,,,,,
21.37631733,99681,98132,97812,99567,100
,,,,,
21.38079123,99741,98211,97950,99568,100
,,,,,
21.38526514,99799,98292,98089,99568,100
,,,,,
21.38973904,99854,98373,98225,99565,100
,,,,,
21.39421295,99903,98449,98350,99561,100
,,,,,
21.39868685,99944,98521,98461,99556,100
,,,,,
21.40316076,99974,98586,98555,99549,100
,,,,,
21.40763466,99997,98645,98635,99543,100
,,,,,
21.41210857,100018,98694,98704,99536,100
,,,,,
21.41658247,100046,98733,98771,99530,100
,,,,,
21.42105638,100087,98761,98844,99524,100
,,,,,
21.42553028,100144,98782,98927,99519,100
,,,,,
21.43000419,100219,98797,99023,99516,100
,,,,,
21.43447809,100309,98809,99129,99515,100
,,,,,
21.438952,100409,98820,99243,99519,100
,,,,,
21.4434259,100513,98827,99355,99526,100
,,,,,
21.44789981,100772,98824,99596,99577,100
,,,,,
21.45237371,100815,98813,99624,99606,100
,,,,,
21.45684761,100831,98800,99624,99644,100
,,,,,
21.46132152,100822,98791,99604,99694,100
,,,,,
21.46579542,100792,98791,99574,99756,100
,,,,,
21.47026933,100749,98806,99547,99831,100
,,,,,
21.47474323,100697,98843,99532,99915,100
,,,,,
21.47921714,100643,98903,99538,100005,100
,,,,,
21.48369104,100590,98989,99570,100094,100
,,,,,
21.48816495,100537,99103,99629,100175,100
,,,,,
21.49263885,100483,99239,99710,100247,100
,,,,,
21.49711276,100423,99394,99805,100305,100
,,,,,
21.50158666,100355,99558,99901,100353,100
,,,,,
21.50606057,100278,99720,99986,100389,100
,,,,,
21.51053447,100188,99871,100049,100422,100
,,,,,
21.51500838,100088,100001,100083,100449,100
,,,,,
21.51948228,99981,100107,100083,100475,100
,,,,,
21.52395619,99873,100182,100054,100499,100
,,,,,
21.52843009,99772,100229,100001,100521,100
,,,,,
21.532904,99681,100251,99934,100541,100
,,,,,
21.5373779,99609,100253,99865,100556,100
,,,,,
21.54185181,99554,100244,99803,100568,100
,,,,,
21.54632571,99517,100232,99756,100575,100
,,,,,
21.55079962,99495,100225,99730,100578,100
,,,,,
21.55527352,99485,100225,99720,100576,100
,,,,,
21.55974743,99483,100233,99726,100569,100
,,,,,
21.56422133,99490,100245,99743,100558,100
,,,,,
21.56869524,99504,100255,99765,100545,100
,,,,,
21.57316914,99524,100261,99789,100529,100
,,,,,
21.57764305,99548,100257,99810,100512,100
,,,,,
21.58211695,99573,100245,99825,100493,100
,,,,,
21.58659086,99597,100227,99835,100474,100
,,,,,
21.59106476,99622,100203,99838,100453,100
,,,,,
21.59553866,99646,100182,99841,100430,100
,,,,,
21.60001257,99670,100167,99849,100405,100
,,,,,
21.60448647,99694,100165,99868,100378,100
,,,,,
21.60896038,99717,100177,99897,100347,100
,,,,,
21.61343428,99736,100202,99937,100312,100
,,,,,
21.61790819,99755,100234,99984,100274,100
,,,,,
21.62238209,99777,100269,100039,100234,100
,,,,,
21.626856,99806,100305,100103,100193,100
,,,,,
21.6313299,99849,100340,100181,100152,100
,,,,,
21.63580381,99902,100376,100274,100112,100
,,,,,
21.64027771,99960,100414,100377,100074,100
,,,,,
21.64475162,100021,100453,100479,100039,100
,,,,,
21.64922552,100073,100484,100564,100007,100
,,,,,
21.65369943,100111,100499,100618,99979,100
,,,,,
21.65817333,100130,100489,100626,99953,100
,,,,,
21.66264724,100127,100445,100580,99929,100
,,,,,
21.66712114,100101,100370,100477,99904,100
,,,,,
21.67159505,100050,100268,100326,99879,100
,,,,,
21.67606895,99982,100151,100142,99852,100
,,,,,
21.68054286,99905,100031,99946,99828,100
,,,,,
21.68501676,99831,99921,99760,99806,100
,,,,,
21.68949067,99769,99827,99602,99789,100
,,,,,
21.69396457,99727,99752,99483,99776,100
,,,,,
21.69843848,99707,99696,99402,99764,100
,,,,,
21.70291238,99704,99655,99355,99754,100
,,,,,
21.70738629,99711,99626,99330,99742,100
,,,,,
21.71186019,99722,99604,99319,99731,100
,,,,,
21.7163341,99732,99589,99315,99720,100
,,,,,
21.720808,99741,99578,99315,99711,100
,,,,,
21.72528191,99749,99572,99317,99705,100
,,,,,
21.72975581,99757,99568,99322,99701,100
,,,,,
21.73422971,99762,99562,99321,99700,100
,,,,,
21.73870362,99763,99552,99313,99699,100
,,,,,
21.74317752,99760,99534,99294,99700,100
,,,,,
21.74765143,99767,99515,99283,99700,100
,,,,,
21.75212533,99815,99526,99346,99701,100
,,,,,
21.75659924,99949,99620,99575,99701,100
,,,,,
21.76107314,100214,99882,100100,99702,100
,,,,,
21.76554705,100619,100407,101029,99702,100
,,,,,
21.77002095,101110,101285,102397,99703,100
,,,,,
21.77449486,101590,102528,104120,99704,100
,,,,,
21.77896876,101916,104037,105956,99704,100
,,,,,
21.78344267,101967,105575,107546,99705,100
,,,,,
21.78791657,101707,106770,108484,99707,100
,,,,,
21.79239048,101173,107284,108464,99708,100
,,,,,
21.79686438,100489,106915,107414,99710,100
,,,,,
21.80133829,99820,105697,105528,99710,100
,,,,,
21.80581219,99286,103947,103244,99710,100
,,,,,
21.8102861,98967,102064,101042,99708,100
,,,,,
21.81476,98866,100420,99293,99706,100
,,,,,
21.81923391,98921,99228,98153,99704,100
,,,,,
21.82370781,99060,98490,97552,99704,100
,,,,,
21.82818172,99218,98108,97325,99704,100
,,,,,
21.83265562,99352,97945,97295,99705,100
,,,,,
21.83712953,99455,97894,97348,99703,100
,,,,,
21.84160343,99533,97901,97434,99698,100
,,,,,
21.84607734,99596,97943,97540,99692,100
,,,,,
21.85055124,99652,98007,97662,99683,100
,,,,,
21.85502515,99704,98087,97793,99675,100
,,,,,
21.85949905,99753,98173,97927,99668,100
,,,,,
21.86397296,99800,98260,98061,99662,100
,,,,,
21.86844686,99850,98346,98193,99657,100
,,,,,
21.87292076,99901,98428,98325,99652,100
,,,,,
21.87739467,99958,98505,98457,99648,100
,,,,,
21.88186857,100017,98575,98586,99645,100
,,,,,
21.88634248,100081,98636,98710,99643,100
,,,,,
21.89081638,100148,98689,98829,99642,100
,,,,,
21.89529029,100216,98734,98942,99642,100
,,,,,
21.89976419,100288,98772,99054,99643,100
,,,,,
21.9042381,100366,98805,99163,99645,100
,,,,,
21.908712,100451,98831,99274,99649,100
,,,,,
21.91318591,100543,98852,99387,99653,100
,,,,,
21.91765981,100638,98866,99498,99660,100
,,,,,
21.92213372,100732,98873,99601,99670,100
,,,,,
21.92660762,100815,98873,99687,99682,100
,,,,,
21.93108153,100881,98864,99748,99701,100
,,,,,
21.93555543,100926,98848,99779,99726,100
,,,,,
21.94002934,100945,98827,99778,99761,100
,,,,,
21.94450324,100940,98802,99748,99808,100
,,,,,
21.94897715,100911,98780,99694,99867,100
,,,,,
21.95345105,100861,98764,99628,99939,100
,,,,,
21.95792496,100795,98762,99558,100022,100
,,,,,
21.96239886,100717,98781,99499,100110,100
,,,,,
21.96687277,100633,98823,99456,100197,100
,,,,,
21.97134667,100547,98893,99439,100277,100
,,,,,
21.97582058,100463,98990,99452,100347,100
,,,,,
21.98029448,100382,99112,99493,100403,100
,,,,,
21.98476839,100303,99255,99557,100451,100
,,,,,
21.98924229,100218,99413,99630,100489,100
,,,,,
21.9937162,100121,99576,99696,100525,100
,,,,,
21.9981901,100002,99737,99738,100558,100
,,,,,
22.00266401,99854,99885,99737,100588,100
,,,,,
22.00713791,99682,100012,99692,100615,100
,,,,,
22.01161182,99498,100112,99608,100638,100
,,,,,
22.01608572,99323,100182,99505,100657,100
,,,,,
22.02055962,99182,100227,99409,100670,100
,,,,,
22.02503353,99087,100251,99337,100680,100
,,,,,
22.02950743,99045,100259,99304,100686,100
,,,,,
22.03398134,99050,100259,99307,100689,100
,,,,,
22.03845524,99090,100253,99339,100689,100
,,,,,
22.04292915,99154,100246,99395,100687,100
,,,,,
22.04740305,99233,100237,99466,100682,100
,,,,,
22.05187696,99318,100229,99543,100677,100
,,,,,
22.05635086,99402,100221,99619,100671,100
,,,,,
22.06082477,99480,100211,99689,100664,100
,,,,,
22.06529867,99548,100199,99746,100656,100
,,,,,
22.06977258,99605,100185,99790,100648,100
,,,,,
22.07424648,99650,100170,99822,100638,100
,,,,,
22.07872039,99685,100158,99847,100627,100
,,,,,
22.08319429,99716,100152,99871,100612,100
,,,,,
22.0876682,99742,100155,99900,100593,100
,,,,,
22.0921421,99766,100169,99936,100571,100
,,,,,
22.09661601,99790,100194,99983,100546,100
,,,,,
22.10108991,99814,100228,100039,100519,100
,,,,,
22.10556382,99840,100268,100103,100491,100
,,,,,
22.11003772,99871,100312,100177,100462,100
,,,,,
22.11451163,99910,100357,100263,100433,100
,,,,,
22.11898553,99958,100404,100359,100403,100
,,,,,
22.12345944,100011,100449,100460,100373,100
,,,,,
22.12793334,100065,100489,100556,100343,100
,,,,,
22.13240725,100112,100521,100635,100313,100
,,,,,
22.13688115,100145,100535,100684,100284,100
,,,,,
22.14135506,100163,100527,100692,100253,100
,,,,,
22.14582896,100162,100491,100651,100223,100
,,,,,
22.15030287,100141,100426,100560,100192,100
,,,,,
22.15477677,100101,100332,100423,100162,100
,,,,,
22.15925067,100045,100216,100249,100134,100
,,,,,
22.16372458,99980,100089,100058,100109,100
,,,,,
22.16819848,99915,99958,99865,100087,100
,,,,,
22.17267239,99857,99838,99692,100067,100
,,,,,
22.17714629,99814,99736,99552,100048,100
,,,,,
22.1816202,99785,99658,99450,100029,100
,,,,,
22.1860941,99769,99605,99385,100011,100
,,,,,
22.19056801,99764,99575,99349,99995,100
,,,,,
22.19504191,99760,99562,99332,99981,100
,,,,,
22.19951582,99759,99558,99326,99969,100
,,,,,
22.20398972,99760,99559,99326,99961,100
,,,,,
22.20846363,99764,99562,99331,99955,100
,,,,,
22.21293753,99771,99564,99339,99950,100
,,,,,
22.21741144,99778,99562,99343,99947,100
,,,,,
22.22188534,99780,99550,99332,99945,100
,,,,,
22.22635925,99770,99523,99296,99942,100
,,,,,
22.23083315,99755,99481,99239,99938,100
,,,,,
22.23530706,99758,99440,99201,99933,100
,,,,,
22.23978096,99825,99441,99268,99926,100
,,,,,
22.24425487,100017,99562,99582,99919,100
,,,,,
22.24872877,100375,99893,100270,99913,100
,,,,,
22.25320268,100873,100572,101448,99909,100
,,,,,
22.25767658,101427,101674,103106,99908,100
,,,,,
22.26215049,101876,103172,105055,99909,100
,,,,,
22.26662439,102062,104906,106978,99911,100
,,,,,
22.2710983,101912,106482,108406,99914,100
,,,,,
22.2755722,101429,107476,108916,99917,100
,,,,,
22.28004611,100741,107564,108314,99918,100
,,,,,
22.28452001,100030,106636,106673,99917,100
,,,,,
22.28899392,99437,104954,104396,99914,100
,,,,,
22.29346782,99067,102951,102023,99907,100
,,,,,
22.29794172,98929,101079,100013,99898,100
,,,,,
22.30241563,98959,99649,98614,99887,100
,,,,,
22.30688953,99087,98733,97825,99876,100
,,,,,
22.31136344,99239,98239,97480,99865,100
,,,,,
22.31583734,99371,98011,97382,99856,100
,,,,,
22.32031125,99474,97926,97397,99847,100
,,,,,
22.32478515,99553,97905,97451,99840,100
,,,,,
22.32925906,99615,97920,97530,99834,100
,,,,,
22.33373296,99673,97966,97631,99827,100
,,,,,
22.33820687,99726,98033,97752,99821,100
,,,,,
22.34268077,99778,98117,97887,99814,100
,,,,,
22.34715468,99826,98211,98031,99807,100
,,,,,
22.35162858,99876,98308,98178,99799,100
,,,,,
22.35610249,99925,98403,98323,99790,100
,,,,,
22.36057639,99975,98492,98462,99781,100
,,,,,
22.3650503,100027,98572,98594,99773,100
,,,,,
22.3695242,100083,98642,98721,99766,100
,,,,,
22.37399811,100147,98702,98843,99762,100
,,,,,
22.37847201,100220,98752,98964,99759,100
,,,,,
22.38294592,100303,98790,99084,99757,100
,,,,,
22.38741982,100395,98816,99203,99755,100
,,,,,
22.39189373,100496,98835,99322,99753,100
,,,,,
22.39636763,100599,98847,99437,99751,100
,,,,,
22.40084154,100701,98855,99548,99749,100
,,,,,
22.40531544,100798,98859,99653,99751,100
,,,,,
22.40978935,100887,98861,99744,99757,100
,,,,,
22.41426325,100961,98858,99818,99771,100
,,,,,
22.41873716,101017,98849,99866,99792,100
,,,,,
22.42321106,101033,98801,99835,99932,100
,,,,,
22.42768497,100984,98790,99774,100003,100
,,,,,
22.43215887,100915,98787,99703,100083,100
,,,,,
22.43663277,100830,98801,99632,100165,100
,,,,,
22.44110668,100736,98836,99574,100244,100
,,,,,
22.44558058,100638,98898,99540,100316,100
,,,,,
22.45005449,100540,98989,99535,100378,100
,,,,,
22.45452839,100443,99108,99558,100428,100
,,,,,
22.4590023,100346,99251,99604,100470,100
,,,,,
22.4634762,100247,99408,99662,100505,100
,,,,,
22.46795011,100143,99569,99718,100538,100
,,,,,
22.47242401,100039,99719,99764,100569,100
,,,,,
22.47689792,99933,99852,99790,100601,100
,,,,,
22.48137182,99830,99961,99794,100632,100
,,,,,
22.48584573,99733,100043,99779,100661,100
,,,,,
22.49031963,99646,100102,99749,100685,100
,,,,,
22.49479354,99570,100141,99713,100704,100
,,,,,
22.49926744,99508,100166,99674,100716,100
,,,,,
22.50374135,99458,100179,99637,100723,100
,,,,,
22.50821525,99420,100185,99606,100726,100
,,,,,
22.51268916,99396,100187,99584,100725,100
,,,,,
22.51716306,99385,100185,99570,100724,100
,,,,,
22.52163697,99388,100181,99567,100721,100
,,,,,
22.52611087,99404,100173,99571,100718,100
,,,,,
22.53058478,99428,100160,99583,100714,100
,,,,,
22.53505868,99458,100145,99598,100710,100
,,,,,
22.53953259,99488,100128,99616,100705,100
,,,,,
22.54400649,99516,100112,99633,100699,100
,,,,,
22.5484804,99541,100101,99653,100691,100
,,,,,
22.5529543,99565,100100,99677,100680,100
,,,,,
22.55742821,99586,100111,99710,100667,100
,,,,,
22.56190211,99606,100135,99752,100650,100
,,,,,
22.56637602,99622,100172,99803,100631,100
,,,,,
22.57084992,99634,100219,99859,100610,100
,,,,,
22.57532382,99644,100271,99917,100587,100
,,,,,
22.57979773,99655,100323,99977,100564,100
,,,,,
22.58427163,99675,100372,100043,100540,100
,,,,,
22.58874554,99710,100416,100119,100517,100
,,,,,
22.59321944,99764,100456,100212,100493,100
,,,,,
22.59769335,99834,100493,100318,100469,100
,,,,,
22.60216725,99911,100526,100429,100445,100
,,,,,
22.60664116,99987,100551,100532,100418,100
,,,,,
22.61111506,100049,100560,100603,100390,100
,,,,,
22.61558897,100091,100547,100632,100358,100
,,,,,
22.62006287,100107,100504,100604,100323,100
,,,,,
22.62453678,100095,100430,100517,100287,100
,,,,,
22.62901068,100056,100330,100381,100252,100
,,,,,
22.63348459,99995,100211,100204,100219,100
,,,,,
22.63795849,99922,100085,100009,100190,100
,,,,,
22.6424324,99849,99962,99816,100166,100
,,,,,
22.6469063,99785,99849,99641,100146,100
,,,,,
22.65138021,99740,99752,99500,100129,100
,,,,,
22.65585411,99714,99673,99394,100112,100
,,,,,
22.66032802,99705,99614,99322,100097,100
,,,,,
22.66480192,99706,99572,99280,100081,100
,,,,,
22.66927583,99715,99544,99257,100065,100
,,,,,
22.67374973,99725,99526,99247,100048,100
,,,,,
22.67822364,99733,99515,99245,100033,100
,,,,,
22.68269754,99740,99511,99248,100020,100
,,,,,
22.68717145,99746,99514,99257,100010,100
,,,,,
22.69164535,99748,99518,99263,100003,100
,,,,,
22.69611926,99743,99515,99257,99998,100
,,,,,
22.70059316,99725,99499,99223,99994,100
,,,,,
22.70506707,99696,99462,99158,99991,100
,,,,,
22.70954097,99679,99425,99106,99987,100
,,,,,
22.71401487,99718,99420,99142,99984,100
,,,,,
22.71848878,99883,99527,99414,99980,100
,,,,,
22.72296268,100221,99843,100066,99977,100
,,,,,
22.72743659,100704,100504,101210,99976,100
,,,,,
22.73191049,101261,101614,102874,99975,100
,,,,,
22.7363844,101716,103145,104860,99974,100
,,,,,
22.7408583,101914,104942,106853,99975,100
,,,,,
22.74533221,101783,106595,108374,99975,100
,,,,,
22.74980611,101318,107644,108957,99975,100
,,,,,
22.75428002,100658,107763,108416,99975,100
,,,,,
22.75875392,99980,106821,106797,99977,100
,,,,,
22.76322783,99417,105103,104518,99978,100
,,,,,
22.76770173,99073,103066,102140,99977,100
,,,,,
22.77217564,98944,101151,100099,99976,100
,,,,,
22.77664954,98974,99699,98679,99972,100
,,,,,
22.78112345,99093,98761,97860,99965,100
,,,,,
22.78559735,99232,98247,97486,99956,100
,,,,,
22.79007126,99354,98013,97374,99947,100
,,,,,
22.79454516,99451,97919,97377,99938,100
,,,,,
22.79901907,99531,97895,97433,99929,100
,,,,,
22.80349297,99599,97910,97517,99919,100
,,,,,
22.80796688,99664,97952,97624,99909,100
,,,,,
22.81244078,99724,98016,97748,99897,100
,,,,,
22.81691469,99780,98095,97883,99885,100
,,,,,
22.82138859,99830,98185,98023,99873,100
,,,,,
22.8258625,99879,98276,98162,99863,100
,,,,,
22.8303364,99929,98363,98296,99855,100
,,,,,
22.83481031,99984,98440,98426,99849,100
,,,,,
22.83928421,100045,98507,98550,99845,100
,,,,,
22.84375812,100114,98565,98677,99841,100
,,,,,
22.84823202,100191,98614,98804,99838,100
,,,,,
22.85270593,100274,98659,98933,99833,100
,,,,,
22.85717983,100361,98699,99064,99827,100
,,,,,
22.86165373,100449,98736,99192,99820,100
,,,,,
22.86612764,100536,98769,99314,99813,100
,,,,,
22.87060154,100621,98797,99427,99807,100
,,,,,
22.87507545,100704,98816,99527,99803,100
,,,,,
22.87954935,100783,98826,99615,99805,100
,,,,,
22.88402326,100857,98826,99686,99812,100
,,,,,
22.88849716,100918,98817,99736,99829,100
,,,,,
22.89297107,100963,98801,99763,99856,100
,,,,,
22.89744497,100985,98779,99762,99894,100
,,,,,
22.90191888,100984,98755,99735,99944,100
,,,,,
22.90639278,100959,98734,99687,100003,100
,,,,,
22.91086669,100915,98721,99629,100068,100
,,,,,
22.91534059,100858,98721,99570,100136,100
,,,,,
22.9198145,100794,98740,99523,100204,100
,,,,,
22.9242884,100725,98783,99496,100270,100
,,,,,
22.92876231,100653,98854,99495,100330,100
,,,,,
22.93323621,100579,98955,99523,100386,100
,,,,,
22.93771012,100499,99088,99579,100432,100
,,,,,
22.94218402,100414,99248,99656,100474,100
,,,,,
22.94665793,100321,99424,99741,100507,100
,,,,,
22.95113183,100220,99605,99822,100537,100
,,,,,
22.95560574,100112,99774,99884,100564,100
,,,,,
22.96007964,100000,99920,99917,100588,100
,,,,,
22.96455355,99887,100034,99921,100610,100
,,,,,
22.96902745,99778,100116,99895,100630,100
,,,,,
22.97350136,99677,100170,99849,100647,100
,,,,,
22.97797526,99589,100200,99793,100660,100
,,,,,
22.98244917,99513,100215,99732,100670,100
,,,,,
22.98692307,99446,100220,99672,100677,100
,,,,,
22.99139698,99382,100221,99609,100683,100
,,,,,
22.99587088,99313,100220,99540,100688,100
,,,,,
23.00034478,99238,100219,99464,100694,100
,,,,,
23.00481869,99162,100218,99387,100699,100
,,,,,
23.00929259,99098,100218,99324,100702,100
,,,,,
23.0137665,99062,100216,99285,100702,100
,,,,,
23.0182404,99063,100211,99282,100697,100
,,,,,
23.02271431,99105,100205,99316,100688,100
,,,,,
23.02718821,99182,100194,99380,100674,100
,,,,,
23.03166212,99282,100181,99465,100659,100
,,,,,
23.03613602,99393,100169,99562,100643,100
,,,,,
23.04060993,99501,100162,99662,100627,100
,,,,,
23.04508383,99597,100161,99759,100611,100
,,,,,
23.04955774,99675,100171,99846,100592,100
,,,,,
23.05403164,99731,100189,99923,100570,100
,,,,,
23.05850555,99773,100213,99989,100544,100
,,,,,
23.06297945,99808,100243,100054,100513,100
,,,,,
23.06745336,99845,100278,100125,100479,100
,,,,,
23.07192726,99891,100320,100211,100444,100
,,,,,
23.07640117,99949,100368,100316,100409,100
,,,,,
23.08087507,100018,100421,100436,100375,100
,,,,,
23.08534898,100090,100473,100560,100344,100
,,,,,
23.08982288,100157,100513,100668,100313,100
,,,,,
23.09429679,100209,100533,100741,100282,100
,,,,,
23.09877069,100238,100526,100762,100251,100
,,,,,
23.1032446,100239,100485,100722,100220,100
,,,,,
23.1077185,100211,100413,100619,100191,100
,,,,,
23.11219241,100155,100315,100464,100164,100
,,,,,
23.11666631,100080,100197,100270,100139,100
,,,,,
23.12114022,99997,100069,100061,100115,100
,,,,,
23.12561412,99918,99942,99856,100094,100
,,,,,
23.13008803,99851,99826,99675,100074,100
,,,,,
23.13456193,99803,99727,99532,100054,100
,,,,,
23.13903583,99773,99652,99429,100035,100
,,,,,
23.14350974,99756,99602,99365,100016,100
,,,,,
23.14798364,99751,99573,99331,99998,100
,,,,,
23.15245755,99749,99559,99316,99982,100
,,,,,
23.15693145,99750,99556,99314,99967,100
,,,,,
23.16140536,99751,99558,99317,99956,100
,,,,,
23.16587926,99751,99563,99323,99947,100
,,,,,
23.17035317,99753,99568,99328,99942,100
,,,,,
23.17482707,99753,99567,99326,99940,100
,,,,,
23.17930098,99747,99553,99303,99939,100
,,,,,
23.18377488,99730,99522,99251,99938,100
,,,,,
23.18824879,99703,99474,99171,99936,100
,,,,,
23.19272269,99694,99428,99112,99932,100
,,,,,
23.1971966,99748,99432,99167,99927,100
,,,,,
23.2016705,99934,99558,99475,99920,100
,,,,,
23.20614441,100299,99907,100189,99915,100
,,,,,
23.21061831,100809,100612,101406,99910,100
,,,,,
23.21509222,101375,101738,103101,99907,100
,,,,,
23.21956612,101823,103261,105076,99903,100
,,,,,
23.22404003,101979,104981,106957,99898,100
,,,,,
23.22851393,101786,106492,108278,99893,100
,,,,,
23.23298784,101254,107382,108637,99887,100
,,,,,
23.23746174,100533,107333,107868,99881,100
,,,,,
23.24193565,99828,106301,106130,99875,100
,,,,,
23.24640955,99271,104584,103854,99868,100
,,,,,
23.25088346,98962,102623,101583,99861,100
,,,,,
23.25535736,98887,100857,99743,99854,100
,,,,,
23.25983127,98967,99550,98515,99846,100
,,,,,
23.26430517,99127,98735,97860,99837,100
,,,,,
23.26877908,99290,98305,97594,99830,100
,,,,,
23.27325298,99420,98109,97527,99824,100
,,,,,
23.27772688,99516,98033,97546,99820,100
,,,,,
23.28220079,99585,98010,97590,99817,100
,,,,,
23.28667469,99640,98021,97656,99815,100
,,,,,
23.2911486,99694,98055,97743,99813,100
,,,,,
23.2956225,99748,98106,97848,99810,100
,,,,,
23.30009641,99802,98167,97964,99806,100
,,,,,
23.30457031,99856,98235,98087,99803,100
,,,,,
23.30904422,99909,98305,98210,99800,100
,,,,,
23.31351812,99962,98374,98333,99798,100
,,,,,
23.31799203,100016,98440,98454,99796,100
,,,,,
23.32246593,100074,98501,98574,99794,100
,,,,,
23.32693984,100139,98556,98695,99792,100
,,,,,
23.33141374,100211,98602,98814,99788,100
,,,,,
23.33588765,100292,98638,98932,99783,100
,,,,,
23.34036155,100377,98664,99046,99777,100
,,,,,
23.34483546,100469,98680,99156,99769,100
,,,,,
23.34930936,100564,98688,99260,99763,100
,,,,,
23.35378327,100659,98689,99357,99759,100
,,,,,
23.35825717,100751,98686,99444,99759,100
,,,,,
23.36273108,100834,98679,99519,99765,100
,,,,,
23.36720498,100904,98671,99577,99776,100
,,,,,
23.37167889,100959,98659,99618,99796,100
,,,,,
23.37615279,100995,98645,99638,99822,100
,,,,,
23.3806267,101010,98631,99636,99857,100
,,,,,
23.3851006,101002,98618,99613,99899,100
,,,,,
23.38957451,100969,98611,99572,99950,100
,,,,,
23.39404841,100913,98614,99522,100007,100
,,,,,
23.39852232,100671,98746,99416,100197,100
,,,,,
23.40299622,100590,98844,99433,100256,100
,,,,,
23.40747013,100516,98972,99486,100311,100
,,,,,
23.41194403,100445,99126,99570,100359,100
,,,,,
23.41641793,100372,99300,99670,100402,100
,,,,,
23.42089184,100291,99485,99776,100438,100
,,,,,
23.42536574,100199,99670,99871,100471,100
,,,,,
23.42983965,100095,99843,99941,100501,100
,,,,,
23.43431355,99980,99994,99979,100528,100
,,,,,
23.43878746,99860,100116,99981,100552,100
,,,,,
23.44326136,99741,100205,99952,100574,100
,,,,,
23.44773527,99631,100265,99901,100594,100
,,,,,
23.45220917,99537,100298,99840,100611,100
,,,,,
23.45668308,99465,100313,99783,100627,100
,,,,,
23.46115698,99414,100318,99737,100639,100
,,,,,
23.46563089,99385,100316,99706,100650,100
,,,,,
23.47010479,99371,100312,99690,100656,100
,,,,,
23.4745787,99370,100306,99684,100659,100
,,,,,
23.4790526,99381,100295,99684,100660,100
,,,,,
23.48352651,99398,100278,99687,100658,100
,,,,,
23.48800041,99422,100258,99689,100652,100
,,,,,
23.49247432,99448,100235,99691,100645,100
,,,,,
23.49694822,99473,100212,99691,100635,100
,,,,,
23.50142213,99496,100191,99690,100621,100
,,,,,
23.50589603,99515,100175,99690,100606,100
,,,,,
23.51036994,99533,100165,99695,100590,100
,,,,,
23.51484384,99550,100163,99708,100573,100
,,,,,
23.51931775,99567,100168,99730,100555,100
,,,,,
23.52379165,99587,100177,99760,100537,100
,,,,,
23.52826556,99609,100191,99798,100516,100
,,,,,
23.53273946,99634,100209,99843,100493,100
,,,,,
23.53721337,99665,100231,99898,100467,100
,,,,,
23.54168727,99706,100260,99971,100437,100
,,,,,
23.54616118,99762,100297,100064,100404,100
,,,,,
23.55063508,99835,100341,100180,100371,100
,,,,,
23.55510898,99920,100388,100309,100337,100
,,,,,
23.55958289,100007,100431,100436,100306,100
,,,,,
23.56405679,100082,100462,100538,100276,100
,,,,,
23.5685307,100132,100473,100596,100249,100
,,,,,
23.5730046,100149,100458,100598,100221,100
,,,,,
23.57747851,100133,100417,100541,100194,100
,,,,,
23.58195241,100087,100350,100431,100166,100
,,,,,
23.58642632,100020,100263,100280,100139,100
,,,,,
23.59090022,99939,100164,100103,100110,100
,,,,,
23.59537413,99856,100059,99919,100083,100
,,,,,
23.59984803,99782,99957,99743,100056,100
,,,,,
23.60432194,99723,99863,99589,100032,100
,,,,,
23.60879584,99688,99782,99472,100009,100
,,,,,
23.61326975,99672,99717,99390,99988,100
,,,,,
23.61774365,99672,99667,99340,99971,100
,,,,,
23.62221756,99680,99630,99314,99955,100
,,,,,
23.62669146,99691,99602,99300,99941,100
,,,,,
23.63116537,99703,99581,99293,99930,100
,,,,,
23.63563927,99713,99566,99290,99920,100
,,,,,
23.64011318,99719,99558,99289,99909,100
,,,,,
23.64458708,99722,99555,99287,99898,100
,,,,,
23.64906099,99718,99550,99276,99887,100
,,,,,
23.65353489,99706,99539,99248,99876,100
,,,,,
23.6580088,99686,99517,99205,99866,100
,,,,,
23.6624827,99680,99493,99172,99857,100
,,,,,
23.66695661,99726,99501,99225,99849,100
,,,,,
23.67143051,99873,99585,99455,99842,100
,,,,,
23.67590442,100173,99824,99996,99837,100
,,,,,
23.68037832,100623,100312,100937,99834,100
,,,,,
23.68485223,101163,101135,102301,99832,100
,,,,,
23.68932613,101674,102344,104024,99830,100
,,,,,
23.69380004,101986,103847,105840,99828,100
,,,,,
23.69827394,101988,105419,107412,99825,100
,,,,,
23.70274784,101645,106679,108327,99821,100
,,,,,
23.70722175,101014,107229,108246,99815,100
,,,,,
23.71169565,100263,106874,107139,99809,100
,,,,,
23.71616956,99563,105637,105200,99802,100
,,,,,
23.72064346,99043,103855,102899,99794,100
,,,,,
23.72511737,98777,101980,100758,99787,100
,,,,,
23.72959127,98734,100364,99100,99779,100
,,,,,
23.73406518,98841,99226,98068,99773,100
,,,,,
23.73853908,99017,98542,97560,99768,100
,,,,,
23.74301299,99190,98189,97380,99764,100
,,,,,
23.74748689,99330,98040,97371,99762,100
,,,,,
23.7519608,99438,97984,97423,99759,100
,,,,,
23.7564347,99523,97982,97505,99756,100
,,,,,
23.76090861,99599,98012,97611,99752,100
,,,,,
23.76538251,99670,98065,97735,99747,100
,,,,,
23.76985642,99740,98132,97872,99741,100
,,,,,
23.77433032,99808,98206,98013,99734,100
,,,,,
23.77880423,99871,98282,98152,99728,100
,,,,,
23.78327813,99934,98354,98288,99722,100
,,,,,
23.78775204,99996,98423,98418,99716,100
,,,,,
23.79222594,100058,98485,98545,99712,100
,,,,,
23.79669985,100125,98539,98667,99709,100
,,,,,
23.80117375,100197,98582,98783,99706,100
,,,,,
23.80564766,100275,98614,98894,99703,100
,,,,,
23.81012156,100359,98635,98997,99702,100
,,,,,
23.81459547,100447,98648,99096,99701,100
,,,,,
23.81906937,100539,98654,99189,99701,100
,,,,,
23.82354328,100630,98657,99280,99702,100
,,,,,
23.82801718,100721,98657,99369,99705,100
,,,,,
23.83249109,100809,98653,99451,99713,100
,,,,,
23.83696499,100887,98643,99524,99728,100
,,,,,
23.84143889,100955,98629,99580,99749,100
,,,,,
23.8459128,101005,98610,99614,99780,100
,,,,,
23.8503867,101033,98588,99622,99817,100
,,,,,
23.85486061,101035,98566,99604,99861,100
,,,,,
23.85933451,101014,98548,99566,99909,100
,,,,,
23.86380842,100971,98540,99515,99963,100
,,,,,
23.86828232,100913,98548,99462,100021,100
,,,,,
23.87275623,100846,98575,99421,100082,100
,,,,,
23.87723013,100778,98630,99405,100146,100
,,,,,
23.88170404,100713,98713,99423,100209,100
,,,,,
23.88617794,100654,98831,99480,100270,100
,,,,,
23.89065185,100597,98979,99573,100326,100
,,,,,
23.89512575,100540,99156,99693,100376,100
,,,,,
23.89959966,100475,99353,99827,100420,100
,,,,,
23.90407356,100397,99558,99954,100458,100
,,,,,
23.90854747,100302,99760,100060,100490,100
,,,,,
23.91302137,100189,99943,100130,100516,100
,,,,,
23.91749528,100064,100098,100160,100540,100
,,,,,
23.92196918,99935,100218,100151,100562,100
,,,,,
23.92644309,99812,100302,100114,100582,100
,,,,,
23.93091699,99703,100355,100060,100600,100
,,,,,
23.9353909,99612,100384,100000,100617,100
,,,,,
23.9398648,99541,100398,99944,100632,100
,,,,,
23.94433871,99486,100402,99896,100644,100
,,,,,
23.94881261,99446,100399,99857,100653,100
,,,,,
23.95328652,99419,100392,99825,100657,100
,,,,,
23.95776042,99406,100380,99801,100656,100
,,,,,
23.96223433,99407,100363,99784,100650,100
,,,,,
23.96670823,99421,100341,99773,100639,100
,,,,,
23.97118214,99443,100317,99768,100624,100
,,,,,
23.97565604,99472,100294,99770,100608,100
,,,,,
23.98012994,99500,100273,99775,100590,100
,,,,,
23.98460385,99525,100256,99783,100570,100
,,,,,
23.98907775,99545,100244,99791,100550,100
,,,,,
23.99355166,99560,100235,99799,100530,100
,,,,,
23.99802556,99571,100235,99811,100509,100
,,,,,
24.00249947,99579,100242,99826,100486,100
,,,,,
24.00697337,99585,100259,99847,100459,100
,,,,,
24.01144728,99590,100284,99875,100430,100
,,,,,
24.01592118,99599,100313,99912,100398,100
,,,,,
24.02039509,99618,100343,99960,100364,100
,,,,,
24.02486899,99655,100376,100030,100329,100
,,,,,
24.0293429,99714,100410,100124,100294,100
,,,,,
24.0338168,99790,100450,100239,100260,100
,,,,,
24.03829071,99872,100492,100363,100228,100
,,,,,
24.04276461,99941,100527,100468,100199,100
,,,,,
24.04723852,99976,100551,100526,100171,100
,,,,,
24.05171242,99965,100552,100517,100145,100
,,,,,
24.05618633,99907,100524,100432,100119,100
,,,,,
24.06066023,99810,100468,100281,100094,100
,,,,,
24.06513414,99693,100385,100084,100069,100
,,,,,
24.06960804,99574,100284,99865,100046,100
,,,,,
24.07408195,99468,100173,99648,100024,100
,,,,,
24.07855585,99386,100059,99451,100005,100
,,,,,
24.08302976,99335,99949,99289,99989,100
,,,,,
24.08750366,99314,99851,99167,99976,100
,,,,,
24.09197757,99318,99769,99088,99966,100
,,,,,
24.09645147,99340,99705,99044,99959,100
,,,,,
24.10092538,99372,99659,99030,99955,100
,,,,,
24.10539928,99407,99631,99037,99951,100
,,,,,
24.10987319,99444,99616,99058,99948,100
,,,,,
24.11434709,99478,99615,99092,99942,100
,,,,,
24.11882099,99511,99623,99134,99934,100
,,,,,
24.1232949,99543,99638,99182,99924,100
,,,,,
24.1277688,99569,99655,99225,99912,100
,,,,,
24.13224271,99588,99663,99249,99899,100
,,,,,
24.13671661,99592,99656,99238,99888,100
,,,,,
24.14119052,99587,99629,99192,99880,100
,,,,,
24.14566442,99584,99584,99133,99876,100
,,,,,
24.15013833,99633,99552,99141,99874,100
,,,,,
24.15461223,99793,99584,99331,99874,100
,,,,,
24.15908614,100118,99765,99845,99874,100
,,,,,
24.16356004,100621,100219,100814,99872,100
,,,,,
24.16803395,101218,101055,102260,99867,100
,,,,,
24.17250785,101765,102298,104059,99860,100
,,,,,
24.17698176,102079,103861,105939,99852,100
,,,,,
24.18145566,102024,105439,107466,99842,100
,,,,,
24.18592957,101593,106630,108226,99833,100
,,,,,
24.19040347,100882,107085,107970,99825,100
,,,,,
24.19487738,100087,106600,106689,99816,100
,,,,,
24.19935128,99403,105304,104707,99808,100
,,,,,
24.20382519,98946,103555,102503,99799,100
,,,,,
24.20829909,98759,101767,100526,99790,100
,,,,,
24.212773,98783,100292,99076,99781,100
,,,,,
24.2172469,98928,99265,98195,99769,100
,,,,,
24.22172081,99113,98652,97768,99756,100
,,,,,
24.22619471,99279,98337,97621,99740,100
,,,,,
24.23066862,99409,98190,97605,99724,100
,,,,,
24.23514252,99507,98133,97647,99708,100
,,,,,
24.23961643,99586,98123,97717,99694,100
,,,,,
24.24409033,99656,98147,97812,99683,100
,,,,,
24.24856424,99723,98196,97927,99676,100
,,,,,
24.25303814,99787,98261,98057,99672,100
,,,,,
24.25751204,99848,98337,98195,99670,100
,,,,,
24.26198595,99907,98419,98336,99670,100
,,,,,
24.26645985,99965,98498,98474,99669,100
,,,,,
24.27093376,100022,98572,98605,99667,100
,,,,,
24.27540766,100081,98637,98729,99664,100
,,,,,
24.27988157,100145,98691,98846,99660,100
,,,,,
24.28435547,100214,98734,98958,99656,100
,,,,,
24.28882938,100290,98765,99065,99653,100
,,,,,
24.29330328,100373,98785,99168,99652,100
,,,,,
24.29777719,100460,98799,99268,99654,100
,,,,,
24.30225109,100553,98804,99365,99657,100
,,,,,
24.306725,100647,98803,99457,99661,100
,,,,,
24.3111989,100739,98796,99540,99667,100
,,,,,
24.31567281,100825,98784,99613,99677,100
,,,,,
24.32014671,100901,98769,99671,99691,100
,,,,,
24.32462062,100961,98751,99711,99713,100
,,,,,
24.32909452,101003,98733,99733,99742,100
,,,,,
24.33356843,101023,98715,99734,99778,100
,,,,,
24.33804233,101018,98700,99715,99820,100
,,,,,
24.34251624,100993,98689,99679,99868,100
,,,,,
24.34699014,100946,98684,99630,99919,100
,,,,,
24.35146405,100886,98691,99579,99977,100
,,,,,
24.35593795,100818,98715,99537,100037,100
,,,,,
24.36041186,100746,98762,99513,100100,100
,,,,,
24.36488576,100673,98841,99521,100163,100
,,,,,
24.36935967,100600,98955,99562,100223,100
,,,,,
24.37383357,100351,99480,99840,100370,100
,,,,,
24.37830748,100251,99682,99941,100405,100
,,,,,
24.38278138,100143,99875,100025,100435,100
,,,,,
24.38725529,100030,100043,100077,100458,100
,,,,,
24.39172919,99913,100180,100094,100479,100
,,,,,
24.39620309,99799,100282,100080,100497,100
,,,,,
24.400677,99694,100350,100039,100515,100
,,,,,
24.4051509,99601,100390,99983,100532,100
,,,,,
24.40962481,99525,100406,99922,100550,100
,,,,,
24.41409871,99466,100407,99864,100567,100
,,,,,
24.41857262,99424,100399,99817,100582,100
,,,,,
24.42304652,99399,100389,99780,100596,100
,,,,,
24.42752043,99388,100378,99756,100604,100
,,,,,
24.43199433,99390,100365,99743,100610,100
,,,,,
24.43646824,99403,100349,99739,100610,100
,,,,,
24.44094214,99423,100329,99740,100608,100
,,,,,
24.44541605,99448,100307,99746,100603,100
,,,,,
24.44988995,99475,100282,99754,100596,100
,,,,,
24.45436386,99501,100260,99763,100588,100
,,,,,
24.45883776,99524,100243,99774,100579,100
,,,,,
24.46331167,99544,100237,99789,100568,100
,,,,,
24.46778557,99562,100243,99813,100555,100
,,,,,
24.47225948,99577,100261,99847,100541,100
,,,,,
24.47673338,99595,100291,99892,100525,100
,,,,,
24.48120729,99615,100326,99947,100507,100
,,,,,
24.48568119,99643,100360,100010,100488,100
,,,,,
24.4901551,99684,100391,100081,100468,100
,,,,,
24.494629,99742,100418,100165,100446,100
,,,,,
24.49910291,99816,100444,100265,100422,100
,,,,,
24.50357681,99900,100472,100375,100397,100
,,,,,
24.50805072,99984,100501,100488,100371,100
,,,,,
24.51252462,100055,100527,100587,100345,100
,,,,,
24.51699853,100106,100541,100652,100321,100
,,,,,
24.52147243,100130,100536,100670,100298,100
,,,,,
24.52594634,100122,100501,100627,100276,100
,,,,,
24.53042024,100088,100436,100525,100254,100
,,,,,
24.53489415,100030,100343,100372,100232,100
,,,,,
24.53936805,99955,100231,100184,100209,100
,,,,,
24.54384195,99877,100111,99986,100185,100
,,,,,
24.54831586,99807,99994,99799,100161,100
,,,,,
24.55278976,99753,99889,99641,100137,100
,,,,,
24.55726367,99722,99799,99522,100116,100
,,,,,
24.56173757,99707,99727,99436,100096,100
,,,,,
24.56621148,99704,99672,99378,100079,100
,,,,,
24.57068538,99704,99632,99339,100063,100
,,,,,
24.57515929,99702,99604,99312,100048,100
,,,,,
24.57963319,99700,99587,99293,100034,100
,,,,,
24.5841071,99698,99578,99283,100020,100
,,,,,
24.588581,99697,99576,99282,100007,100
,,,,,
24.59305491,99698,99577,99285,99995,100
,,,,,
24.59752881,99697,99577,99284,99985,100
,,,,,
24.60200272,99688,99567,99263,99978,100
,,,,,
24.60647662,99665,99540,99213,99974,100
,,,,,
24.61095053,99632,99496,99134,99974,100
,,,,,
24.61542443,99617,99452,99072,99977,100
,,,,,
24.61989834,99668,99450,99119,99981,100
,,,,,
24.62437224,99850,99571,99419,99985,100
,,,,,
24.62884615,100211,99912,100117,99988,100
,,,,,
24.63332005,100712,100616,101320,99989,100
,,,,,
24.63779396,101260,101749,102999,99987,100
,,,,,
24.64226786,101682,103275,104947,99983,100
,,,,,
24.64674177,101807,105019,106816,99978,100
,,,,,
24.65121567,101586,106553,108131,99971,100
,,,,,
24.65568958,101041,107482,108518,99965,100
,,,,,
24.66016348,100336,107492,107827,99958,100
,,,,,
24.66463739,99676,106494,106170,99953,100
,,,,,
24.66911129,99181,104798,103982,99949,100
,,,,,
24.6735852,98934,102809,101746,99946,100
,,,,,
24.6780591,98904,100965,99872,99941,100
,,,,,
24.682533,99001,99574,98577,99935,100
,,,,,
24.68700691,99159,98666,97825,99928,100
,,,,,
24.69148081,99310,98172,97482,99919,100
,,,,,
24.69595472,99432,97945,97375,99907,100
,,,,,
24.70042862,99523,97853,97375,99894,100
,,,,,
24.70490253,99593,97834,97426,99880,100
,,,,,
24.70937643,99650,97851,97500,99866,100
,,,,,
24.71385034,99702,97888,97592,99854,100
,,,,,
24.71832424,99754,97941,97697,99841,100
,,,,,
24.72279815,99807,98001,97811,99830,100
,,,,,
24.72727205,99861,98066,97931,99819,100
,,,,,
24.73174596,99917,98134,98055,99808,100
,,,,,
24.73621986,99971,98206,98180,99797,100
,,,,,
24.74069377,100024,98280,98305,99784,100
,,,,,
24.74516767,100079,98355,98432,99770,100
,,,,,
24.74964158,100137,98427,98558,99753,100
,,,,,
24.75411548,100201,98490,98685,99736,100
,,,,,
24.75858939,100274,98543,98811,99720,100
,,,,,
24.76306329,100355,98580,98932,99706,100
,,,,,
24.7675372,100445,98602,99046,99696,100
,,,,,
24.7720111,100539,98610,99150,99691,100
,,,,,
24.77648501,100637,98607,99243,99692,100
,,,,,
24.78095891,100732,98596,99324,99699,100
,,,,,
24.78543282,100818,98580,99392,99713,100
,,,,,
24.78990672,100892,98561,99446,99735,100
,,,,,
24.79438063,100948,98542,99483,99764,100
,,,,,
24.79885453,100983,98523,99502,99800,100
,,,,,
24.80332844,100995,98508,99503,99842,100
,,,,,
24.80780234,100985,98499,99486,99889,100
,,,,,
24.81227625,100956,98495,99455,99939,100
,,,,,
24.81675015,100910,98500,99415,99992,100
,,,,,
24.82122405,100854,98518,99375,100045,100
,,,,,
24.82569796,100793,98553,99348,100101,100
,,,,,
24.83017186,100728,98615,99343,100157,100
,,,,,
24.83464577,100660,98713,99373,100215,100
,,,,,
24.83911967,100587,98849,99436,100271,100
,,,,,
24.84359358,100506,99018,99527,100325,100
,,,,,
24.84806748,100416,99210,99630,100376,100
,,,,,
24.85254139,100314,99409,99727,100421,100
,,,,,
24.85701529,100201,99601,99806,100461,100
,,,,,
24.8614892,100078,99775,99855,100494,100
,,,,,
24.8659631,99950,99924,99874,100523,100
,,,,,
24.87043701,99821,100047,99868,100547,100
,,,,,
24.87491091,99700,100143,99841,100569,100
,,,,,
24.87938482,99592,100213,99802,100590,100
,,,,,
24.88385872,99503,100259,99759,100611,100
,,,,,
24.88833263,99433,100283,99714,100631,100
,,,,,
24.89280653,99382,100291,99672,100649,100
,,,,,
24.89728044,99349,100286,99634,100665,100
,,,,,
24.90175434,99331,100273,99603,100677,100
,,,,,
24.90622825,99324,100255,99579,100685,100
,,,,,
24.91070215,99326,100238,99564,100689,100
,,,,,
24.91517606,99334,100222,99558,100689,100
,,,,,
24.91964996,99349,100208,99560,100684,100
,,,,,
24.92412387,99366,100196,99566,100675,100
,,,,,
24.92859777,99386,100181,99571,100661,100
,,,,,
24.93307168,99407,100164,99575,100643,100
,,,,,
24.93754558,99430,100145,99577,100622,100
,,,,,
24.94201949,99451,100131,99581,100598,100
,,,,,
24.94649339,99472,100126,99594,100572,100
,,,,,
24.9509673,99491,100135,99619,100544,100
,,,,,
24.9554412,99508,100157,99657,100516,100
,,,,,
24.9599151,99527,100190,99709,100487,100
,,,,,
24.96438901,99554,100230,99775,100458,100
,,,,,
24.96886291,99597,100274,99862,100429,100
,,,,,
24.97333682,99659,100320,99972,100399,100
,,,,,
24.97781072,99738,100366,100100,100367,100
,,,,,
24.98228463,99829,100412,100237,100334,100
,,,,,
24.98675853,99918,100449,100363,100301,100
,,,,,
24.99123244,99990,100472,100457,100269,100
,,,,,
24.99570634,100036,100475,100507,100239,100
,,,,,
25.00018025,100051,100452,100498,100213,100
,,,,,
25.00465415,100033,100403,100432,100189,100
,,,,,
25.00912806,99984,100332,100315,100169,100
,,,,,
25.01360196,99912,100244,100154,100151,100
,,,,,
25.01807587,99825,100148,99970,100134,100
,,,,,
25.02254977,99735,100050,99782,100117,100
,,,,,
25.02702368,99654,99959,99609,100101,100
,,,,,
25.03149758,99593,99878,99470,100084,100
,,,,,
25.03597149,99556,99811,99368,100067,100
,,,,,
25.04044539,99543,99759,99304,100051,100
,,,,,
25.0449193,99544,99720,99268,100038,100
,,,,,
25.0493932,99551,99690,99249,100028,100
,,,,,
25.05386711,99561,99668,99237,100020,100
,,,,,
25.05834101,99568,99651,99227,100013,100
,,,,,
25.06281492,99573,99638,99218,100007,100
,,,,,
25.06728882,99579,99628,99212,100001,100
,,,,,
25.07176273,99583,99620,99206,99995,100
,,,,,
25.07623663,99580,99609,99192,99988,100
,,,,,
25.08071054,99561,99593,99156,99982,100
,,,,,
25.08518444,99516,99564,99082,99978,100
,,,,,
25.08965835,99458,99524,98987,99975,100
,,,,,
25.09413225,99425,99490,98922,99973,100
,,,,,
25.09860615,99490,99510,99007,99971,100
,,,,,
25.10308006,99733,99647,99388,99968,100
,,,,,
25.10755396,100177,100035,100218,99964,100
,,,,,
25.11202787,100778,100791,101574,99958,100
,,,,,
25.11650177,101383,101973,103359,99953,100
,,,,,
25.12097568,101790,103550,105341,99947,100
,,,,,
25.12544958,101853,105238,107091,99942,100
,,,,,
25.12992349,101516,106640,108155,99938,100
,,,,,
25.13439739,100871,107358,108225,99936,100
,,,,,
25.1388713,100105,107100,107202,99934,100
,,,,,
25.1433452,99410,105940,105346,99932,100
,,,,,
25.14781911,98926,104190,103113,99931,100
,,,,,
25.15229301,98703,102294,100994,99930,100
,,,,,
25.15676692,98699,100663,99360,99926,100
,,,,,
25.16124082,98829,99484,98309,99920,100
,,,,,
25.16571473,99011,98768,97775,99912,100
,,,,,
25.17018863,99181,98393,97573,99904,100
,,,,,
25.17466254,99316,98223,97538,99897,100
,,,,,
25.17913644,99420,98158,97578,99891,100
,,,,,
25.18361035,99503,98142,97647,99887,100
,,,,,
25.18808425,99577,98162,97743,99884,100
,,,,,
25.19255816,99650,98205,97858,99881,100
,,,,,
25.19703206,99719,98266,97986,99878,100
,,,,,
25.20150597,99784,98339,98123,99876,100
,,,,,
25.20597987,99847,98419,98264,99873,100
,,,,,
25.21045378,99907,98502,98408,99870,100
,,,,,
25.21492768,99968,98582,98549,99866,100
,,,,,
25.21940159,100032,98656,98688,99860,100
,,,,,
25.22387549,100099,98724,98822,99852,100
,,,,,
25.2283494,100171,98782,98952,99841,100
,,,,,
25.2328233,100247,98830,99079,99828,100
,,,,,
25.2372972,100330,98869,99201,99815,100
,,,,,
25.24177111,100418,98897,99318,99802,100
,,,,,
25.24624501,100514,98915,99430,99792,100
,,,,,
25.25071892,100613,98922,99535,99786,100
,,,,,
25.25519282,100714,98919,99630,99785,100
,,,,,
25.25966673,100812,98905,99715,99787,100
,,,,,
25.26414063,100903,98885,99785,99791,100
,,,,,
25.26861454,100982,98859,99838,99798,100
,,,,,
25.27308844,101042,98831,99871,99810,100
,,,,,
25.27756235,101080,98805,99883,99828,100
,,,,,
25.28203625,101093,98783,99874,99855,100
,,,,,
25.28651016,101080,98770,99848,99891,100
,,,,,
25.29098406,101044,98770,99812,99934,100
,,,,,
25.29545797,100992,98787,99777,99980,100
,,,,,
25.29993187,100930,98827,99754,100028,100
,,,,,
25.30440578,100866,98891,99755,100074,100
,,,,,
25.30887968,100803,98985,99785,100121,100
,,,,,
25.31335359,100742,99109,99847,100168,100
,,,,,
25.31782749,100679,99263,99936,100215,100
,,,,,
25.3223014,100608,99443,100043,100260,100
,,,,,
25.3267753,100527,99639,100155,100301,100
,,,,,
25.33124921,100429,99842,100258,100338,100
,,,,,
25.33572311,100313,100038,100339,100368,100
,,,,,
25.34019702,100182,100216,100388,100393,100
,,,,,
25.34467092,100041,100369,100403,100412,100
,,,,,
25.34914483,99651,100653,100303,100459,100
,,,,,
25.35361873,99558,100698,100258,100473,100
,,,,,
25.35809264,99487,100725,100216,100485,100
,,,,,
25.36256654,99438,100738,100182,100495,100
,,,,,
25.36704045,99405,100739,100154,100501,100
,,,,,
25.37151435,99387,100731,100129,100502,100
,,,,,
25.37598826,99382,100719,100112,100499,100
,,,,,
25.38046216,99387,100705,100101,100493,100
,,,,,
25.38493606,99400,100691,100097,100485,100
,,,,,
25.38940997,99420,100677,100100,100477,100
,,,,,
25.39388387,99441,100662,100105,100467,100
,,,,,
25.39835778,99461,100648,100112,100457,100
,,,,,
25.40283168,99477,100636,100118,100445,100
,,,,,
25.40730559,99492,100626,100125,100431,100
,,,,,
25.41177949,99505,100623,100135,100414,100
,,,,,
25.4162534,99519,100627,100152,100396,100
,,,,,
25.4207273,99535,100642,100180,100375,100
,,,,,
25.42520121,99556,100665,100221,100352,100
,,,,,
25.42967511,99585,100695,100279,100327,100
,,,,,
25.43414902,99628,100731,100357,100301,100
,,,,,
25.43862292,99686,100769,100455,100275,100
,,,,,
25.44309683,99761,100807,100571,100249,100
,,,,,
25.44757073,99847,100847,100698,100223,100
,,,,,
25.45204464,99934,100885,100824,100198,100
,,,,,
25.45651854,100010,100918,100932,100173,100
,,,,,
25.46099245,100067,100937,101008,100148,100
,,,,,
25.46546635,100097,100936,101037,100122,100
,,,,,
25.46994026,100100,100909,101011,100097,100
,,,,,
25.47441416,100076,100852,100931,100072,100
,,,,,
25.47888807,100029,100775,100808,100048,100
,,,,,
25.48336197,99965,100683,100654,100025,100
,,,,,
25.48783588,99892,100585,100485,100000,100
,,,,,
25.49230978,99816,100491,100316,99976,100
,,,,,
25.49678369,99744,100403,100157,99949,100
,,,,,
25.50125759,99686,100323,100018,99921,100
,,,,,
25.5057315,99642,100255,99906,99893,100
,,,,,
25.5102054,99615,100198,99820,99866,100
,,,,,
25.51467931,99603,100154,99759,99843,100
,,,,,
25.51915321,99599,100123,99721,99822,100
,,,,,
25.52362711,99600,100104,99702,99807,100
,,,,,
25.52810102,99603,100097,99695,99794,100
,,,,,
25.53257492,99605,100098,99698,99784,100
,,,,,
25.53704883,99607,100103,99704,99774,100
,,,,,
25.54152273,99604,100104,99705,99765,100
,,,,,
25.54599664,99594,100095,99688,99755,100
,,,,,
25.55047054,99576,100074,99651,99746,100
,,,,,
25.55494445,99560,100047,99608,99736,100
,,,,,
25.55941835,99576,100035,99615,99728,100
,,,,,
25.56389226,99676,100081,99762,99721,100
,,,,,
25.56836616,99918,100238,100162,99716,100
,,,,,
25.57284007,100327,100593,100927,99712,100
,,,,,
25.57731397,100866,101244,102116,99709,100
,,,,,
25.58178788,101432,102255,103690,99706,100
,,,,,
25.58626178,101857,103622,105479,99702,100
,,,,,
25.59073569,101996,105166,107159,99699,100
,,,,,
25.59520959,101777,106554,108325,99696,100
,,,,,
25.5996835,101217,107398,108606,99694,100
,,,,,
25.6041574,100457,107386,107832,99692,100
,,,,,
25.60863131,99675,106472,106137,99691,100
,,,,,
25.61310521,99025,104889,103906,99691,100
,,,,,
25.61757912,98622,103052,101666,99692,100
,,,,,
25.62205302,98474,101374,99844,99694,100
,,,,,
25.62652693,98525,100109,98634,99695,100
,,,,,
25.63100083,98697,99313,98012,99696,100
,,,,,
25.63547474,98900,98889,97792,99695,100
,,,,,
25.63994864,99078,98696,97777,99693,100
,,,,,
25.64442255,99214,98625,97842,99690,100
,,,,,
25.64889645,99310,98608,97921,99686,100
,,,,,
25.65337036,99380,98624,98007,99682,100
,,,,,
25.65784426,99439,98659,98101,99678,100
,,,,,
25.66231816,99493,98707,98204,99677,100
,,,,,
25.66679207,99547,98764,98314,99676,100
,,,,,
25.67126597,99600,98827,98430,99677,100
,,,,,
25.67573988,99654,98895,98548,99679,100
,,,,,
25.68021378,99710,98965,98670,99680,100
,,,,,
25.68468769,99766,99033,98792,99679,100
,,,,,
25.68916159,99825,99096,98913,99676,100
,,,,,
25.6936355,99890,99150,99032,99671,100
,,,,,
25.6981094,99960,99191,99146,99664,100
,,,,,
25.70258331,100039,99220,99257,99657,100
,,,,,
25.70705721,100126,99239,99364,99650,100
,,,,,
25.71153112,100217,99248,99465,99646,100
,,,,,
25.71600502,100310,99249,99560,99644,100
,,,,,
25.72047893,100400,99243,99646,99646,100
,,,,,
25.72495283,100481,99234,99722,99651,100
,,,,,
25.72942674,100554,99225,99788,99659,100
,,,,,
25.73390064,100612,99218,99843,99669,100
,,,,,
25.73837455,100656,99215,99886,99683,100
,,,,,
25.74284845,100681,99214,99909,99702,100
,,,,,
25.74732236,100686,99213,99911,99728,100
,,,,,
25.75179626,100671,99211,99891,99764,100
,,,,,
25.75627017,100638,99210,99852,99808,100
,,,,,
25.76074407,100590,99215,99806,99860,100
,,,,,
25.76521798,100535,99231,99765,99916,100
,,,,,
25.76969188,100481,99267,99746,99973,100
,,,,,
25.77416579,100430,99327,99756,100028,100
,,,,,
25.77863969,100386,99416,99801,100078,100
,,,,,
25.7831136,100342,99537,99879,100127,100
,,,,,
25.7875875,100290,99686,99977,100172,100
,,,,,
25.79206141,100225,99861,100086,100214,100
,,,,,
25.79653531,100141,100050,100191,100252,100
,,,,,
25.80100921,100040,100239,100276,100286,100
,,,,,
25.80548312,99923,100416,100334,100316,100
,,,,,
25.80995702,99797,100568,100358,100339,100
,,,,,
25.81443093,99668,100688,100349,100359,100
,,,,,
25.81890483,99545,100774,100312,100373,100
,,,,,
25.82337874,99432,100829,100255,100386,100
,,,,,
25.82785264,99336,100857,100189,100396,100
,,,,,
25.83232655,99260,100864,100120,100406,100
,,,,,
25.83680045,99206,100854,100058,100414,100
,,,,,
25.84127436,99172,100835,100007,100421,100
,,,,,
25.84574826,99156,100814,99970,100425,100
,,,,,
25.85022217,99151,100794,99947,100425,100
,,,,,
25.85469607,99154,100777,99933,100420,100
,,,,,
25.85916998,99159,100764,99924,100412,100
,,,,,
25.86364388,99167,100750,99917,100400,100
,,,,,
25.86811779,99178,100735,99909,100387,100
,,,,,
25.87259169,99192,100717,99906,100372,100
,,,,,
25.8770656,99211,100700,99908,100358,100
,,,,,
25.8815395,99235,100684,99918,100343,100
,,,,,
25.88601341,99263,100672,99935,100328,100
,,,,,
25.89048731,99290,100665,99956,100311,100
,,,,,
25.89496122,99314,100666,99983,100291,100
,,,,,
25.89943512,99336,100675,100014,100267,100
,,,,,
25.90390903,99359,100691,100053,100241,100
,,,,,
25.90838293,99387,100716,100105,100212,100
,,,,,
25.91285684,99423,100747,100174,100182,100
,,,,,
25.91733074,99471,100785,100260,100152,100
,,,,,
25.92180465,99530,100829,100363,100124,100
,,,,,
25.92627855,99593,100875,100471,100098,100
,,,,,
25.93075246,99654,100918,100575,100072,100
,,,,,
25.93522636,99707,100948,100656,100049,100
,,,,,
25.93970026,99743,100958,100699,100025,100
,,,,,
25.94417417,99759,100940,100697,100001,100
,,,,,
25.94864807,99753,100893,100643,99976,100
,,,,,
25.95312198,99724,100819,100541,99951,100
,,,,,
25.95759588,99677,100721,100396,99925,100
,,,,,
25.96206979,99617,100605,100221,99900,100
,,,,,
25.96654369,99552,100481,100032,99876,100
,,,,,
25.9710176,99489,100356,99845,99854,100
,,,,,
25.9754915,99440,100243,99681,99836,100
,,,,,
25.97996541,99409,100146,99551,99819,100
,,,,,
25.98443931,99397,100070,99463,99804,100
,,,,,
25.98891322,99403,100017,99416,99792,100
,,,,,
25.99338712,99418,99984,99398,99781,100
,,,,,
25.99786103,99436,99966,99398,99772,100
,,,,,
26.00233493,99450,99959,99406,99764,100
,,,,,
26.00680884,99456,99958,99411,99757,100
,,,,,
26.01128274,99453,99963,99413,99749,100
,,,,,
26.01575665,99443,99968,99406,99742,100
,,,,,
26.02023055,99425,99969,99385,99734,100
,,,,,
26.02470446,99399,99960,99343,99726,100
,,,,,
26.02917836,99373,99942,99287,99718,100
,,,,,
26.03365227,99373,99928,99263,99710,100
,,,,,
26.03812617,99438,99952,99345,99702,100
,,,,,
26.04260008,99627,100082,99665,99695,100
,,,,,
26.04707398,99978,100399,100345,99688,100
,,,,,
26.05154789,100470,101007,101459,99684,100
,,,,,
26.05602179,101034,101980,103012,99683,100
,,,,,
26.0604957,101525,103299,104834,99684,100
,,,,,
26.0649696,101790,104821,106628,99687,100
,,,,,
26.06944351,101746,106246,108010,99689,100
,,,,,
26.07391741,101364,107186,108568,99689,100
,,,,,
26.07839131,100730,107327,108075,99686,100
,,,,,
26.08286522,99998,106563,106577,99680,100
,,,,,
26.08733912,99312,105053,104377,99675,100
,,,,,
26.09181303,98796,103185,101990,99671,100
,,,,,
26.09628693,98513,101391,99908,99668,100
,,,,,
26.10076084,98444,99971,98417,99668,100
,,,,,
26.10523474,98535,99050,97584,99669,100
,,,,,
26.10970865,98710,98559,97267,99669,100
,,,,,
26.11418255,98899,98346,97242,99669,100
,,,,,
26.11865646,99066,98285,97348,99668,100
,,,,,
26.12313036,99196,98281,97478,99666,100
,,,,,
26.12760427,99293,98302,97600,99662,100
,,,,,
26.13207817,99371,98339,97717,99657,100
,,,,,
26.13655208,99436,98388,97834,99652,100
,,,,,
26.14102598,99495,98446,97952,99647,100
,,,,,
26.14549989,99549,98512,98069,99645,100
,,,,,
26.14997379,99599,98581,98185,99644,100
,,,,,
26.1544477,99646,98651,98300,99645,100
,,,,,
26.1589216,99694,98718,98414,99648,100
,,,,,
26.16339551,99745,98783,98530,99651,100
,,,,,
26.16786941,99803,98843,98647,99654,100
,,,,,
26.17234332,99870,98895,98766,99655,100
,,,,,
26.17681722,99947,98940,98887,99655,100
,,,,,
26.18129113,100032,98976,99007,99654,100
,,,,,
26.18576503,100121,99007,99126,99652,100
,,,,,
26.19023894,100215,99033,99246,99649,100
,,,,,
26.19471284,100311,99056,99365,99646,100
,,,,,
26.19918675,100406,99077,99481,99643,100
,,,,,
26.20366065,100498,99093,99591,99643,100
,,,,,
26.20813456,100580,99104,99686,99644,100
,,,,,
26.21260846,100647,99109,99759,99650,100
,,,,,
26.21708237,100693,99106,99803,99662,100
,,,,,
26.22155627,100713,99095,99816,99683,100
,,,,,
26.22603017,100708,99078,99797,99714,100
,,,,,
26.23050408,100681,99057,99750,99758,100
,,,,,
26.23497798,100636,99036,99684,99814,100
,,,,,
26.23945189,100577,99021,99607,99879,100
,,,,,
26.24392579,100512,99018,99536,99951,100
,,,,,
26.2483997,100447,99034,99484,100023,100
,,,,,
26.2528736,100387,99077,99466,100091,100
,,,,,
26.25734751,100333,99151,99485,100153,100
,,,,,
26.26182141,100280,99261,99543,100207,100
,,,,,
26.26629532,100226,99403,99630,100257,100
,,,,,
26.27076922,100165,99567,99733,100301,100
,,,,,
26.27524313,100094,99742,99837,100341,100
,,,,,
26.27971703,100012,99913,99924,100378,100
,,,,,
26.28419094,99919,100067,99985,100412,100
,,,,,
26.28866484,99816,100197,100012,100442,100
,,,,,
26.29313875,99708,100297,100005,100467,100
,,,,,
26.29761265,99601,100368,99970,100489,100
,,,,,
26.30208656,99499,100413,99916,100505,100
,,,,,
26.30656046,99412,100438,99854,100518,100
,,,,,
26.31103437,99343,100447,99793,100525,100
,,,,,
26.31550827,99294,100446,99743,100530,100
,,,,,
26.31998218,99264,100439,99705,100530,100
,,,,,
26.32445608,99267,100406,99677,100510,100
,,,,,
26.32892999,99289,100394,99688,100499,100
,,,,,
26.33340389,99317,100383,99706,100486,100
,,,,,
26.3378778,99350,100371,99730,100473,100
,,,,,
26.3423517,99384,100361,99756,100459,100
,,,,,
26.34682561,99419,100352,99783,100444,100
,,,,,
26.35129951,99454,100348,99814,100428,100
,,,,,
26.35577342,99487,100352,99848,100411,100
,,,,,
26.36024732,99518,100365,99889,100392,100
,,,,,
26.36472122,99547,100386,99938,100370,100
,,,,,
26.36919513,99576,100415,99994,100348,100
,,,,,
26.37366903,99610,100446,100059,100324,100
,,,,,
26.37814294,99651,100479,100133,100301,100
,,,,,
26.38261684,99700,100512,100217,100278,100
,,,,,
26.38709075,99755,100547,100307,100257,100
,,,,,
26.39156465,99812,100583,100398,100237,100
,,,,,
26.39603856,99862,100613,100478,100216,100
,,,,,
26.40051246,99901,100632,100534,100195,100
,,,,,
26.40498637,99925,100632,100558,100169,100
,,,,,
26.40946027,99933,100606,100538,100141,100
,,,,,
26.41393418,99923,100550,100471,100110,100
,,,,,
26.41840808,99894,100466,100359,100078,100
,,,,,
26.42288199,99849,100358,100204,100046,100
,,,,,
26.42735589,99793,100234,100022,100016,100
,,,,,
26.4318298,99732,100104,99831,99989,100
,,,,,
26.4363037,99678,99978,99648,99965,100
,,,,,
26.44077761,99638,99865,99494,99946,100
,,,,,
26.44525151,99616,99768,99376,99930,100
,,,,,
26.44972542,99609,99693,99297,99919,100
,,,,,
26.45419932,99614,99641,99253,99911,100
,,,,,
26.45867323,99625,99610,99235,99905,100
,,,,,
26.46314713,99636,99597,99236,99900,100
,,,,,
26.46762104,99643,99597,99244,99895,100
,,,,,
26.47209494,99645,99605,99254,99889,100
,,,,,
26.47656885,99642,99616,99261,99882,100
,,,,,
26.48104275,99637,99626,99265,99876,100
,,,,,
26.48551666,99628,99632,99259,99869,100
,,,,,
26.48999056,99619,99629,99246,99863,100
,,,,,
26.49446447,99614,99620,99233,99858,100
,,,,,
26.49893837,99635,99618,99253,99854,100
,,,,,
26.50341227,99719,99659,99377,99850,100
,,,,,
26.50788618,99914,99806,99719,99846,100
,,,,,
26.51236008,100255,100144,100396,99842,100
,,,,,
26.51683399,100730,100779,101505,99839,100
,,,,,
26.52130789,101271,101793,103058,99836,100
,,,,,
26.5257818,101756,103168,104919,99834,100
,,,,,
26.5302557,102040,104763,106799,99833,100
,,,,,
26.53472961,102028,106263,108288,99832,100
,,,,,
26.53920351,101690,107261,108949,99830,100
,,,,,
26.54367742,101090,107433,108523,99829,100
,,,,,
26.54815132,100368,106658,107027,99827,100
,,,,,
26.55262523,99674,105098,104775,99824,100
,,,,,
26.55709913,99139,103162,102305,99821,100
,,,,,
26.56157304,98831,101290,100127,99818,100
,,,,,
26.56604694,98740,99802,98547,99815,100
,,,,,
26.57052085,98808,98827,97640,99811,100
,,,,,
26.57499475,98958,98293,97256,99807,100
,,,,,
26.57946866,99120,98054,97178,99803,100
,,,,,
26.58394256,99258,97979,97240,99799,100
,,,,,
26.58841647,99362,97976,97338,99795,100
,,,,,
26.59289037,99438,98009,97445,99790,100
,,,,,
26.59736428,99498,98066,97560,99785,100
,,,,,
26.60183818,99549,98139,97683,99780,100
,,,,,
26.60631209,99597,98220,97812,99776,100
,,,,,
26.61078599,99645,98304,97944,99772,100
,,,,,
26.6152599,99696,98387,98079,99771,100
,,,,,
26.6197338,99753,98465,98214,99771,100
,,,,,
26.62420771,99812,98539,98348,99773,100
,,,,,
26.62868161,99873,98607,98479,99777,100
,,,,,
26.63315552,99936,98670,98605,99780,100
,,,,,
26.63762942,99999,98729,98727,99783,100
,,,,,
26.64210332,100066,98786,98848,99785,100
,,,,,
26.64657723,100135,98839,98970,99785,100
,,,,,
26.65105113,100209,98887,99091,99783,100
,,,,,
26.65552504,100287,98927,99210,99781,100
,,,,,
26.65999894,100371,98956,99324,99779,100
,,,,,
26.66447285,100456,98973,99427,99782,100
,,,,,
26.66894675,100540,98977,99516,99789,100
,,,,,
26.67342066,100618,98971,99591,99804,100
,,,,,
26.67789456,100687,98961,99649,99827,100
,,,,,
26.68236847,100740,98951,99691,99858,100
,,,,,
26.68684237,100776,98938,99714,99896,100
,,,,,
26.69131628,100791,98926,99716,99941,100
,,,,,
26.69579018,100784,98910,99694,99991,100
,,,,,
26.70026409,100755,98891,99647,100048,100
,,,,,
26.70473799,100708,98873,99584,100107,100
,,,,,
26.7092119,100647,98862,99514,100169,100
,,,,,
26.7136858,100574,98870,99449,100232,100
,,,,,
26.71815971,100494,98907,99406,100293,100
,,,,,
26.72263361,100411,98978,99392,100351,100
,,,,,
26.72710752,100326,99086,99413,100404,100
,,,,,
26.73158142,100242,99226,99467,100453,100
,,,,,
26.73605533,100159,99387,99544,100494,100
,,,,,
26.74052923,100076,99559,99632,100532,100
,,,,,
26.74500314,99994,99728,99718,100565,100
,,,,,
26.74947704,99910,99881,99789,100596,100
,,,,,
26.75395095,99824,100011,99833,100625,100
,,,,,
26.75842485,99737,100111,99846,100653,100
,,,,,
26.76289876,99651,100181,99830,100679,100
,,,,,
26.76737266,99570,100224,99792,100702,100
,,,,,
26.77184657,99497,100248,99745,100724,100
,,,,,
26.77632047,99439,100260,99699,100743,100
,,,,,
26.78079437,99397,100265,99662,100759,100
,,,,,
26.78526828,99373,100266,99639,100771,100
,,,,,
26.78974218,99365,100264,99628,100779,100
,,,,,
26.79421609,99368,100258,99628,100783,100
,,,,,
26.79868999,99380,100251,99635,100785,100
,,,,,
26.8031639,99399,100242,99646,100784,100
,,,,,
26.8076378,99419,100231,99659,100782,100
,,,,,
26.81211171,99441,100222,99670,100780,100
,,,,,
26.81658561,99461,100214,99682,100777,100
,,,,,
26.82105952,99476,100215,99696,100775,100
,,,,,
26.82553342,99488,100227,99718,100771,100
,,,,,
26.83000733,99498,100256,99753,100765,100
,,,,,
26.83448123,99509,100299,99806,100756,100
,,,,,
26.83895514,99528,100349,99876,100744,100
,,,,,
26.84342904,99560,100400,99961,100727,100
,,,,,
26.84790295,99611,100445,100060,100707,100
,,,,,
26.85237685,99683,100481,100171,100683,100
,,,,,
26.85685076,99775,100514,100295,100657,100
,,,,,
26.86132466,99874,100544,100424,100629,100
,,,,,
26.86579857,99972,100573,100549,100599,100
,,,,,
26.87027247,100052,100598,100652,100570,100
,,,,,
26.87474638,100103,100613,100715,100540,100
,,,,,
26.87922028,100121,100608,100727,100510,100
,,,,,
26.88369419,100109,100575,100679,100478,100
,,,,,
26.88816809,100071,100508,100574,100445,100
,,,,,
26.892642,100017,100410,100421,100410,100
,,,,,
26.8971159,99950,100285,100232,100372,100
,,,,,
26.90158981,99881,100148,100027,100333,100
,,,,,
26.90606371,99816,100009,99824,100293,100
,,,,,
26.91053762,99761,99881,99643,100253,100
,,,,,
26.91501152,99723,99773,99499,100215,100
,,,,,
26.91948542,99700,99689,99393,100179,100
,,,,,
26.92395933,99693,99628,99324,100146,100
,,,,,
26.92843323,99694,99585,99282,100116,100
,,,,,
26.93290714,99701,99554,99258,100090,100
,,,,,
26.93738104,99709,99533,99245,100064,100
,,,,,
26.94185495,99717,99520,99239,100039,100
,,,,,
26.94632885,99721,99514,99237,100013,100
,,,,,
26.95080276,99723,99514,99237,99988,100
,,,,,
26.95527666,99720,99513,99231,99962,100
,,,,,
26.95975057,99706,99504,99206,99936,100
,,,,,
26.96422447,99683,99481,99159,99912,100
,,,,,
26.96869838,99661,99445,99103,99890,100
,,,,,
26.97317228,99673,99417,99089,99870,100
,,,,,
26.97764619,99773,99445,99220,99852,100
,,,,,
26.98212009,100025,99610,99639,99836,100
,,,,,
26.986594,100450,100028,100482,99821,100
,,,,,
26.9910679,101006,100827,101838,99807,100
,,,,,
26.99554181,101578,102072,103653,99793,100
,,,,,
27.00001571,101990,103676,105669,99780,100
,,,,,
27.00448962,102102,105390,107494,99764,100
,,,,,
27.00896352,101855,106768,108625,99748,100
,,,,,
27.01343743,101292,107385,108678,99732,100
,,,,,
27.01791133,100568,107022,107591,99715,100
,,,,,
27.02238524,99860,105716,105574,99699,100
,,,,,
27.02685914,99308,103851,103155,99685,100
,,,,,
27.03133305,98990,101910,100896,99672,100
,,,,,
27.03580695,98892,100266,99155,99661,100
,,,,,
27.04028086,98945,99137,98079,99651,100
,,,,,
27.04475476,99073,98483,97556,99642,100
,,,,,
27.04922867,99210,98161,97375,99633,100
,,,,,
27.05370257,99324,98036,97366,99623,100
,,,,,
27.05817648,99414,97994,97415,99613,100
,,,,,
27.06265038,99486,97993,97487,99603,100
,,,,,
27.06712428,99550,98020,97577,99594,100
,,,,,
27.07159819,99612,98066,97686,99588,100
,,,,,
27.07607209,99673,98129,97809,99583,100
,,,,,
27.080546,99733,98205,97942,99582,100
,,,,,
27.0850199,99794,98285,98082,99583,100
,,,,,
27.08949381,99854,98369,98224,99586,100
,,,,,
27.09396771,99915,98451,98367,99590,100
,,,,,
27.09844162,99978,98529,98509,99594,100
,,,,,
27.10291552,100043,98604,98652,99595,100
,,,,,
27.10738943,100113,98674,98795,99595,100
,,,,,
27.11186333,100190,98737,98938,99591,100
,,,,,
27.11633724,100274,98791,99077,99586,100
,,,,,
27.12081114,100363,98836,99209,99579,100
,,,,,
27.12528505,100456,98870,99334,99574,100
,,,,,
27.12975895,100549,98895,99448,99571,100
,,,,,
27.13423286,100642,98910,99554,99573,100
,,,,,
27.13870676,100734,98915,99649,99583,100
,,,,,
27.14318067,100822,98912,99731,99603,100
,,,,,
27.14765457,100902,98898,99797,99636,100
,,,,,
27.15212848,100968,98876,99842,99682,100
,,,,,
27.15660238,101014,98849,99860,99741,100
,,,,,
27.16107629,101034,98821,99851,99812,100
,,,,,
27.16555019,101026,98798,99820,99890,100
,,,,,
27.1700241,100993,98784,99771,99971,100
,,,,,
27.174498,100937,98781,99713,100054,100
,,,,,
27.17897191,100866,98793,99654,100134,100
,,,,,
27.18344581,100782,98824,99601,100215,100
,,,,,
27.18791972,100691,98876,99563,100290,100
,,,,,
27.19239362,100595,98956,99546,100363,100
,,,,,
27.19686753,100494,99064,99552,100429,100
,,,,,
27.20134143,100391,99199,99584,100490,100
,,,,,
27.20581533,100286,99353,99631,100545,100
,,,,,
27.21028924,100180,99514,99687,100591,100
,,,,,
27.21476314,100074,99670,99737,100632,100
,,,,,
27.21923705,99970,99808,99772,100666,100
,,,,,
27.22371095,99872,99920,99788,100695,100
,,,,,
27.22818486,99781,100004,99783,100716,100
,,,,,
27.23265876,99700,100063,99762,100735,100
,,,,,
27.23713267,99629,100097,99728,100750,100
,,,,,
27.24160657,99567,100113,99687,100765,100
,,,,,
27.24608048,99516,100117,99642,100778,100
,,,,,
27.25055438,99476,100113,99597,100790,100
,,,,,
27.25502829,99446,100106,99561,100801,100
,,,,,
27.25950219,99426,100100,99536,100812,100
,,,,,
27.2639761,99417,100097,99523,100820,100
,,,,,
27.26845,99415,100096,99521,100826,100
,,,,,
27.27292391,99417,100099,99524,100829,100
,,,,,
27.27739781,99423,100103,99530,100828,100
,,,,,
27.28187172,99432,100107,99540,100825,100
,,,,,
27.28634562,99448,100114,99559,100819,100
,,,,,
27.29081953,99474,100126,99593,100811,100
,,,,,
27.29529343,99508,100146,99645,100802,100
,,,,,
27.29976734,99630,100263,99891,100771,100
,,,,,
27.30424124,99670,100311,99981,100759,100
,,,,,
27.30871515,99712,100358,100070,100745,100
,,,,,
27.31318905,99759,100401,100157,100727,100
,,,,,
27.31766296,99814,100437,100246,100705,100
,,,,,
27.32213686,99873,100471,100337,100677,100
,,,,,
27.32661077,99935,100499,100427,100647,100
,,,,,
27.33108467,99995,100520,100510,100615,100
,,,,,
27.33555858,100044,100529,100572,100584,100
,,,,,
27.34003248,100081,100519,100601,100554,100
,,,,,
27.34450638,100100,100485,100589,100526,100
,,,,,
27.34898029,100097,100425,100526,100501,100
,,,,,
27.35345419,100072,100339,100416,100477,100
,,,,,
27.3579281,100028,100234,100265,100455,100
,,,,,
27.362402,99967,100115,100085,100433,100
,,,,,
27.36687591,99900,99992,99896,100412,100
,,,,,
27.37134981,99837,99875,99715,100389,100
,,,,,
27.37582372,99785,99769,99560,100367,100
,,,,,
27.38029762,99756,99682,99442,100344,100
,,,,,
27.38477153,99745,99615,99362,100322,100
,,,,,
27.38924543,99749,99565,99316,100301,100
,,,,,
27.39371934,99764,99530,99294,100283,100
,,,,,
27.39819324,99780,99504,99284,100267,100
,,,,,
27.40266715,99794,99483,99280,100253,100
,,,,,
27.40714105,99804,99469,99277,100241,100
,,,,,
27.41161496,99810,99463,99278,100229,100
,,,,,
27.41608886,99809,99465,99281,100216,100
,,,,,
27.42056277,99798,99471,99276,100203,100
,,,,,
27.42503667,99774,99472,99252,100191,100
,,,,,
27.42951058,99736,99460,99201,100181,100
,,,,,
27.43398448,99700,99436,99141,100174,100
,,,,,
27.43845839,99711,99437,99153,100170,100
,,,,,
27.44293229,99833,99510,99347,100168,100
,,,,,
27.4474062,100131,99756,99890,100166,100
,,,,,
27.4518801,100615,100297,100914,100164,100
,,,,,
27.45635401,101218,101231,102451,100159,100
,,,,,
27.46082791,101802,102605,104409,100152,100
,,,,,
27.46530182,102177,104275,106454,100141,100
,,,,,
27.46977572,102214,105940,108156,100129,100
,,,,,
27.47424963,101878,107165,109045,100114,100
,,,,,
27.47872353,101244,107541,108787,100098,100
,,,,,
27.48319743,100486,106924,107410,100083,100
,,,,,
27.48767134,99778,105435,105213,100068,100
,,,,,
27.49214524,99250,103491,102741,100055,100
,,,,,
27.49661915,98962,101578,100541,100044,100
,,,,,
27.50109305,98885,100031,98918,100033,100
,,,,,
27.50556696,98949,99007,97960,100023,100
,,,,,
27.51004086,99084,98434,97522,100011,100
,,,,,
27.51451477,99225,98161,97389,99996,100
,,,,,
27.51898867,99346,98054,97402,99979,100
,,,,,
27.52346258,99445,98020,97464,99960,100
,,,,,
27.52793648,99525,98027,97548,99941,100
,,,,,
27.53241039,99597,98060,97652,99923,100
,,,,,
27.53688429,99662,98114,97772,99906,100
,,,,,
27.5413582,99723,98181,97901,99891,100
,,,,,
27.5458321,99780,98255,98035,99879,100
,,,,,
27.55030601,99833,98333,98168,99868,100
,,,,,
27.55477991,99886,98411,98302,99860,100
,,,,,
27.55925382,99940,98490,98436,99852,100
,,,,,
27.56372772,99998,98567,98571,99845,100
,,,,,
27.56820163,100062,98641,98708,99837,100
,,,,,
27.57267553,100131,98709,98844,99828,100
,,,,,
27.57714944,100207,98770,98977,99818,100
,,,,,
27.58162334,100287,98821,99106,99808,100
,,,,,
27.58609725,100370,98863,99229,99798,100
,,,,,
27.59057115,100454,98896,99345,99792,100
,,,,,
27.59504506,100540,98921,99454,99790,100
,,,,,
27.59951896,100626,98937,99556,99793,100
,,,,,
27.60399287,100709,98945,99648,99802,100
,,,,,
27.60846677,100789,98942,99726,99819,100
,,,,,
27.61294068,100859,98929,99786,99843,100
,,,,,
27.61741458,100915,98907,99821,99875,100
,,,,,
27.62188848,100951,98880,99832,99917,100
,,,,,
27.62636239,100966,98853,99819,99966,100
,,,,,
27.63083629,100955,98830,99786,100021,100
,,,,,
27.6353102,100920,98815,99736,100078,100
,,,,,
27.6397841,100865,98811,99676,100134,100
,,,,,
27.64425801,100792,98821,99615,100186,100
,,,,,
27.64873191,100710,98851,99563,100234,100
,,,,,
27.65320582,100622,98904,99530,100278,100
,,,,,
27.65767972,100534,98988,99526,100322,100
,,,,,
27.66215363,100449,99102,99553,100365,100
,,,,,
27.66662753,100365,99243,99609,100410,100
,,,,,
27.67110144,100283,99399,99682,100454,100
,,,,,
27.67557534,100198,99560,99758,100496,100
,,,,,
27.68004925,100112,99711,99822,100533,100
,,,,,
27.68452315,100021,99844,99863,100564,100
,,,,,
27.68899706,99927,99952,99879,100590,100
,,,,,
27.69347096,99834,100035,99870,100610,100
,,,,,
27.69794487,99745,100094,99841,100628,100
,,,,,
27.70241877,99664,100131,99798,100643,100
,,,,,
27.70689268,99594,100150,99750,100659,100
,,,,,
27.71136658,99537,100158,99702,100675,100
,,,,,
27.71584049,99494,100159,99660,100692,100
,,,,,
27.72031439,99463,100160,99630,100709,100
,,,,,
27.7247883,99446,100160,99611,100725,100
,,,,,
27.7292622,99440,100164,99606,100738,100
,,,,,
27.73373611,99445,100168,99613,100746,100
,,,,,
27.73821001,99456,100172,99629,100749,100
,,,,,
27.74268392,99474,100178,99652,100747,100
,,,,,
27.74715782,99497,100183,99680,100741,100
,,,,,
27.75163173,99521,100184,99706,100732,100
,,,,,
27.75610563,99549,100181,99729,100723,100
,,,,,
27.76057953,99580,100172,99750,100713,100
,,,,,
27.76505344,99612,100161,99769,100704,100
,,,,,
27.76952734,99643,100156,99793,100695,100
,,,,,
27.77400125,99673,100162,99828,100683,100
,,,,,
27.77847515,99698,100182,99874,100668,100
,,,,,
27.78294906,99721,100217,99930,100650,100
,,,,,
27.78742296,99744,100259,99995,100629,100
,,,,,
27.79189687,99772,100303,100068,100605,100
,,,,,
27.79637077,99811,100347,100154,100579,100
,,,,,
27.80084468,99865,100390,100254,100550,100
,,,,,
27.80531858,99929,100433,100365,100519,100
,,,,,
27.80979249,99997,100475,100478,100485,100
,,,,,
27.81426639,100062,100508,100578,100447,100
,,,,,
27.8187403,100111,100526,100645,100408,100
,,,,,
27.8232142,100140,100521,100668,100369,100
,,,,,
27.82768811,100144,100488,100638,100332,100
,,,,,
27.83216201,100122,100425,100553,100299,100
,,,,,
27.83663592,100080,100337,100422,100268,100
,,,,,
27.84110982,100021,100228,100252,100239,100
,,,,,
27.84558373,99955,100105,100061,100212,100
,,,,,
27.85005763,99891,99977,99870,100187,100
,,,,,
27.85453154,99835,99851,99691,100161,100
,,,,,
27.85900544,99797,99736,99539,100136,100
,,,,,
27.86347935,99775,99637,99420,100112,100
,,,,,
27.86795325,99766,99559,99334,100092,100
,,,,,
27.87242716,99767,99501,99277,100076,100
,,,,,
27.87690106,99774,99462,99242,100064,100
,,,,,
27.88137497,99781,99439,99224,100057,100
,,,,,
27.88584887,99788,99430,99219,100052,100
,,,,,
27.89032278,99789,99435,99223,100049,100
,,,,,
27.89479668,99780,99452,99229,100045,100
,,,,,
27.89927059,99753,99474,99223,100041,100
,,,,,
27.90374449,99706,99490,99190,100035,100
,,,,,
27.90821839,99632,99489,99113,100028,100
,,,,,
27.9126923,99538,99463,98994,100021,100
,,,,,
27.9171662,99455,99424,98875,100013,100
,,,,,
27.92164011,99438,99413,98851,100005,100
,,,,,
27.92611401,99560,99503,99066,99996,100
,,,,,
27.93058792,99884,99796,99685,99989,100
,,,,,
27.93506182,100406,100424,100834,99981,100
,,,,,
27.93953573,101046,101465,102511,99973,100
,,,,,
27.94400963,101639,102897,104532,99964,100
,,,,,
27.94848354,101995,104557,106543,99954,100
,,,,,
27.95295744,101990,106078,108057,99942,100
,,,,,
27.95743135,101609,107057,108653,99930,100
,,,,,
27.96190525,100952,107187,108128,99918,100
,,,,,
27.96637916,100211,106363,106565,99908,100
,,,,,
27.97085306,99562,104815,104371,99901,100
,,,,,
27.97532697,99119,102946,102060,99895,100
,,,,,
27.97980087,98917,101165,100078,99890,100
,,,,,
27.98427478,98906,99782,98683,99887,100
,,,,,
27.98874868,99007,98874,97876,99882,100
,,,,,
27.99322259,99156,98366,97516,99876,100
,,,,,
27.99769649,99301,98132,97428,99868,100
,,,,,
28.0021704,99429,98041,97465,99858,100
,,,,,
28.0066443,99544,98019,97558,99847,100
,,,,,
28.01111821,99646,98034,97677,99837,100
,,,,,
28.01559211,99742,98072,97810,99829,100
,,,,,
28.02006602,99827,98128,97953,99824,100
,,,,,
28.02453992,99901,98199,98098,99821,100
,,,,,
28.02901383,99965,98278,98241,99820,100
,,,,,
28.03348773,100022,98362,98382,99819,100
,,,,,
28.03796164,100076,98444,98518,99819,100
,,,,,
28.04243554,100133,98519,98649,99818,100
,,,,,
28.04690944,100192,98585,98776,99815,100
,,,,,
28.05138335,100255,98642,98898,99810,100
,,,,,
28.05585725,100321,98694,99018,99804,100
,,,,,
28.06033116,100390,98740,99135,99798,100
,,,,,
28.06480506,100462,98783,99251,99791,100
,,,,,
28.06927897,100538,98821,99368,99787,100
,,,,,
28.07375287,100618,98854,99482,99784,100
,,,,,
28.07822678,100704,98881,99594,99785,100
,,,,,
28.08270068,100794,98898,99699,99791,100
,,,,,
28.08717459,100881,98906,99792,99803,100
,,,,,
28.09164849,100964,98904,99870,99821,100
,,,,,
28.0961224,101033,98893,99927,99847,100
,,,,,
28.1005963,101082,98876,99957,99880,100
,,,,,
28.10507021,101108,98852,99959,99921,100
,,,,,
28.10954411,101108,98826,99933,99968,100
,,,,,
28.11401802,101082,98801,99882,100019,100
,,,,,
28.11849192,101034,98781,99813,100073,100
,,,,,
28.12296583,100968,98772,99738,100125,100
,,,,,
28.12743973,100893,98778,99667,100174,100
,,,,,
28.13191364,100812,98807,99615,100221,100
,,,,,
28.13638754,100729,98863,99589,100265,100
,,,,,
28.14086145,100647,98951,99596,100309,100
,,,,,
28.14533535,100566,99071,99635,100352,100
,,,,,
28.14980926,100483,99216,99700,100395,100
,,,,,
28.15428316,100399,99376,99779,100437,100
,,,,,
28.15875707,100311,99539,99856,100476,100
,,,,,
28.16323097,100219,99692,99918,100510,100
,,,,,
28.16770488,100122,99829,99957,100538,100
,,,,,
28.17217878,100022,99945,99971,100562,100
,,,,,
28.17665269,99924,100039,99965,100580,100
,,,,,
28.18112659,99830,100113,99943,100597,100
,,,,,
28.18560049,99749,100166,99914,100610,100
,,,,,
28.1900744,99679,100201,99880,100623,100
,,,,,
28.1945483,99626,100220,99847,100636,100
,,,,,
28.19902221,99591,100229,99819,100647,100
,,,,,
28.20349611,99570,100230,99797,100656,100
,,,,,
28.20797002,99562,100228,99785,100661,100
,,,,,
28.21244392,99564,100224,99782,100661,100
,,,,,
28.21691783,99573,100216,99783,100656,100
,,,,,
28.22139173,99587,100205,99787,100648,100
,,,,,
28.22586564,99603,100193,99792,100637,100
,,,,,
28.23033954,99621,100178,99797,100625,100
,,,,,
28.23481345,99639,100163,99802,100611,100
,,,,,
28.23928735,99659,100149,99809,100597,100
,,,,,
28.24376126,99679,100136,99817,100582,100
,,,,,
28.24823516,99698,100125,99827,100565,100
,,,,,
28.25270907,99717,100118,99842,100547,100
,,,,,
28.25718297,99735,100120,99862,100524,100
,,,,,
28.26165688,99753,100132,99893,100499,100
,,,,,
28.26613078,99771,100155,99933,100472,100
,,,,,
28.27060469,99791,100189,99983,100442,100
,,,,,
28.27507859,99878,100309,100184,100350,100
,,,,,
28.2795525,99923,100349,100270,100320,100
,,,,,
28.2840264,99979,100387,100368,100289,100
,,,,,
28.28850031,100042,100424,100470,100259,100
,,,,,
28.29297421,100107,100456,100567,100228,100
,,,,,
28.29744812,100166,100474,100646,100196,100
,,,,,
28.30192202,100211,100473,100690,100165,100
,,,,,
28.30639593,100236,100447,100689,100135,100
,,,,,
28.31086983,100235,100392,100635,100106,100
,,,,,
28.31534374,100210,100310,100528,100077,100
,,,,,
28.31981764,100161,100206,100375,100049,100
,,,,,
28.32429154,100096,100089,100192,100021,100
,,,,,
28.32876545,100023,99969,99999,99992,100
,,,,,
28.33323935,99955,99855,99816,99963,100
,,,,,
28.33771326,99900,99755,99663,99934,100
,,,,,
28.34218716,99864,99674,99547,99906,100
,,,,,
28.34666107,99844,99612,99467,99880,100
,,,,,
28.35113497,99837,99567,99415,99856,100
,,,,,
28.35560888,99836,99536,99380,99835,100
,,,,,
28.36008278,99835,99516,99357,99816,100
,,,,,
28.36455669,99832,99503,99341,99800,100
,,,,,
28.36903059,99828,99501,99333,99785,100
,,,,,
28.3735045,99825,99507,99333,99773,100
,,,,,
28.3779784,99823,99516,99339,99761,100
,,,,,
28.38245231,99822,99519,99340,99750,100
,,,,,
28.38692621,99813,99510,99320,99740,100
,,,,,
28.39140012,99792,99479,99269,99732,100
,,,,,
28.39587402,99773,99433,99204,99725,100
,,,,,
28.40034793,99788,99401,99188,99720,100
,,,,,
28.40482183,99897,99446,99342,99719,100
,,,,,
28.40929574,100164,99656,99819,99719,100
,,,,,
28.41376964,100606,100159,100764,99721,100
,,,,,
28.41824355,101177,101077,102252,99721,100
,,,,,
28.42271745,101742,102414,104152,99719,100
,,,,,
28.42719136,102125,104072,106192,99715,100
,,,,,
28.43166526,102182,105730,107908,99709,100
,,,,,
28.43613917,101869,106944,108809,99703,100
,,,,,
28.44061307,101254,107374,108626,99700,100
,,,,,
28.44508698,100506,106817,107322,99698,100
,,,,,
28.44956088,99811,105415,105225,99699,100
,,,,,
28.45403479,99306,103565,102871,99703,100
,,,,,
28.45850869,99048,101686,100733,99708,100
,,,,,
28.46298259,99004,100149,99153,99712,100
,,,,,
28.4674565,99095,99095,98190,99715,100
,,,,,
28.4719304,99243,98475,97718,99715,100
,,,,,
28.47640431,99387,98170,97557,99712,100
,,,,,
28.48087821,99500,98038,97539,99705,100
,,,,,
28.48535212,99585,97992,97580,99695,100
,,,,,
28.48982602,99652,97989,97643,99682,100
,,,,,
28.49429993,99707,98013,97724,99666,100
,,,,,
28.49877383,99758,98058,97819,99649,100
,,,,,
28.50324774,99806,98117,97926,99631,100
,,,,,
28.50772164,99850,98188,98041,99613,100
,,,,,
28.51219555,99893,98267,98164,99594,100
,,,,,
28.51666945,99936,98352,98292,99575,100
,,,,,
28.52114336,99980,98439,98423,99556,100
,,,,,
28.52561726,100028,98523,98556,99534,100
,,,,,
28.53009117,100083,98599,98687,99513,100
,,,,,
28.53456507,100146,98663,98814,99491,100
,,,,,
28.53903898,100220,98714,98937,99471,100
,,,,,
28.54351288,100301,98752,99055,99455,100
,,,,,
28.54798679,100388,98778,99167,99441,100
,,,,,
28.55246069,100480,98795,99274,99432,100
,,,,,
28.5569346,100573,98802,99375,99426,100
,,,,,
28.5614085,100668,98799,99466,99423,100
,,,,,
28.56588241,100760,98788,99547,99424,100
,,,,,
28.57035631,100845,98768,99615,99431,100
,,,,,
28.57483022,100917,98743,99664,99447,100
,,,,,
28.57930412,100972,98716,99693,99475,100
,,,,,
28.58377803,101004,98688,99698,99515,100
,,,,,
28.58825193,101011,98664,99680,99568,100
,,,,,
28.59272584,100992,98647,99642,99632,100
,,,,,
28.59719974,100949,98640,99591,99701,100
,,,,,
28.60167364,100887,98647,99533,99773,100
,,,,,
28.60614755,100811,98667,99476,99843,100
,,,,,
28.61062145,100727,98707,99431,99908,100
,,,,,
28.61509536,100642,98769,99408,99971,100
,,,,,
28.61956926,100562,98858,99417,100027,100
,,,,,
28.62404317,100489,98975,99461,100081,100
,,,,,
28.62851707,100422,99120,99537,100130,100
,,,,,
28.63299098,100355,99287,99639,100177,100
,,,,,
28.63746488,100285,99465,99746,100220,100
,,,,,
28.64193879,100206,99640,99843,100260,100
,,,,,
28.64641269,100117,99801,99916,100296,100
,,,,,
28.6508866,100019,99934,99953,100329,100
,,,,,
28.6553605,99916,100036,99955,100357,100
,,,,,
28.65983441,99813,100109,99925,100380,100
,,,,,
28.66430831,99718,100152,99872,100401,100
,,,,,
28.66878222,99635,100178,99813,100417,100
,,,,,
28.67325612,99570,100191,99759,100433,100
,,,,,
28.67773003,99525,100197,99719,100445,100
,,,,,
28.68220393,99497,100201,99695,100454,100
,,,,,
28.68667784,99484,100204,99685,100458,100
,,,,,
28.69115174,99480,100206,99683,100456,100
,,,,,
28.69562565,99482,100206,99686,100450,100
,,,,,
28.70009955,99489,100203,99691,100439,100
,,,,,
28.70457346,99500,100198,99701,100425,100
,,,,,
28.70904736,99517,100193,99714,100407,100
,,,,,
28.71352127,99540,100183,99728,100385,100
,,,,,
28.71799517,99568,100168,99742,100359,100
,,,,,
28.72246908,99598,100146,99751,100325,100
,,,,,
28.72694298,99629,100119,99753,100287,100
,,,,,
28.73141689,99657,100091,99751,100244,100
,,,,,
28.73589079,99680,100069,99751,100201,100
,,,,,
28.7403647,99698,100060,99760,100158,100
,,,,,
28.7448386,99712,100067,99780,100117,100
,,,,,
28.7493125,99724,100089,99816,100078,100
,,,,,
28.75378641,99736,100122,99863,100040,100
,,,,,
28.75826031,99754,100162,99925,100004,100
,,,,,
28.76273422,99783,100205,100001,99965,100
,,,,,
28.76720812,99826,100252,100092,99925,100
,,,,,
28.77168203,99885,100302,100201,99882,100
,,,,,
28.77615593,99955,100352,100319,99839,100
,,,,,
28.78062984,100031,100399,100438,99794,100
,,,,,
28.78510374,100101,100434,100540,99750,100
,,,,,
28.78957765,100156,100451,100608,99709,100
,,,,,
28.79405155,100187,100446,100630,99670,100
,,,,,
28.79852546,100189,100410,100596,99635,100
,,,,,
28.80299936,100164,100346,100506,99603,100
,,,,,
28.80747327,100115,100254,100367,99577,100
,,,,,
28.81194717,100049,100139,100187,99553,100
,,,,,
28.81642108,99979,100013,99991,99533,100
,,,,,
28.82089498,99912,99885,99797,99516,100
,,,,,
28.82536889,99859,99768,99626,99501,100
,,,,,
28.82984279,99822,99671,99493,99486,100
,,,,,
28.8343167,99802,99598,99397,99472,100
,,,,,
28.8387906,99794,99545,99336,99459,100
,,,,,
28.84326451,99794,99510,99300,99447,100
,,,,,
28.84773841,99794,99485,99275,99437,100
,,,,,
28.85221232,99789,99468,99252,99430,100
,,,,,
28.85668622,99775,99457,99225,99426,100
,,,,,
28.86116013,99749,99450,99194,99422,100
,,,,,
28.86563403,99712,99449,99157,99421,100
,,,,,
28.87010794,99666,99449,99112,99420,100
,,,,,
28.87458184,99611,99440,99052,99419,100
,,,,,
28.87905575,99548,99420,98971,99418,100
,,,,,
28.88352965,99491,99384,98879,99416,100
,,,,,
28.88800355,99470,99358,98837,99414,100
,,,,,
28.89247746,99543,99380,98938,99411,100
,,,,,
28.89695136,99774,99533,99338,99407,100
,,,,,
28.90142527,100193,99925,100171,99403,100
,,,,,
28.90589917,100758,100679,101508,99400,100
,,,,,
28.91037308,101353,101881,103317,99398,100
,,,,,
28.91484698,101792,103453,105324,99396,100
,,,,,
28.91932089,101924,105176,107158,99394,100
,,,,,
28.92379479,101685,106622,108340,99392,100
,,,,,
28.9282687,101118,107350,108473,99390,100
,,,,,
28.9327426,100388,107121,107496,99387,100
,,,,,
28.93721651,99681,105931,105591,99385,100
,,,,,
28.94169041,99140,104137,103252,99382,100
,,,,,
28.94616432,98849,102211,101038,99378,100
,,,,,
28.95063822,98783,100535,99298,99374,100
,,,,,
28.95511213,98873,99347,98203,99369,100
,,,,,
28.95958603,99041,98625,97651,99364,100
,,,,,
28.96405994,99214,98246,97447,99359,100
,,,,,
28.96853384,99365,98076,97430,99354,100
,,,,,
28.97300775,99488,98007,97484,99350,100
,,,,,
28.97748165,99589,97993,97571,99349,100
,,,,,
28.98195556,99677,98014,97680,99349,100
,,,,,
28.98642946,99758,98058,97805,99353,100
,,,,,
28.99090337,99832,98119,97939,99358,100
,,,,,
28.99537727,99901,98189,98078,99364,100
,,,,,
28.99985118,99967,98263,98219,99369,100
,,,,,
29.00432508,100035,98338,98362,99373,100
,,,,,
29.00879899,100106,98409,98506,99376,100
,,,,,
29.01327289,100183,98476,98649,99378,100
,,,,,
29.0177468,100263,98537,98790,99381,100
,,,,,
29.0222207,100344,98591,98925,99384,100
,,,,,
29.0266946,100427,98638,99053,99387,100
,,,,,
29.03116851,100508,98676,99172,99390,100
,,,,,
29.03564241,100587,98708,99283,99392,100
,,,,,
29.04011632,100666,98733,99386,99392,100
,,,,,
29.04459022,100745,98750,99483,99392,100
,,,,,
29.04906413,100824,98759,99572,99394,100
,,,,,
29.05353803,100904,98757,99650,99399,100
,,,,,
29.05801194,100982,98743,99716,99408,100
,,,,,
29.06248584,101054,98719,99767,99425,100
,,,,,
29.06695975,101116,98690,99800,99453,100
,,,,,
29.07143365,101158,98660,99813,99493,100
,,,,,
29.07590756,101176,98632,99805,99548,100
,,,,,
29.08038146,101167,98609,99772,99618,100
,,,,,
29.08485537,101129,98591,99716,99701,100
,,,,,
29.08932927,101069,98581,99645,99790,100
,,,,,
29.09380318,100995,98582,99572,99878,100
,,,,,
29.09827708,100915,98604,99513,99964,100
,,,,,
29.10275099,100839,98653,99486,100042,100
,,,,,
29.10722489,100769,98736,99501,100114,100
,,,,,
29.1116988,100706,98855,99557,100178,100
,,,,,
29.1161727,100643,99007,99647,100237,100
,,,,,
29.12064661,100575,99184,99757,100290,100
,,,,,
29.12512051,100495,99376,99868,100338,100
,,,,,
29.12959442,100402,99570,99966,100381,100
,,,,,
29.13406832,100294,99750,100038,100416,100
,,,,,
29.13854223,100177,99907,100076,100446,100
,,,,,
29.14301613,100057,100031,100077,100468,100
,,,,,
29.14749004,99940,100122,100049,100485,100
,,,,,
29.15196394,99831,100179,99997,100495,100
,,,,,
29.15643785,99735,100210,99934,100501,100
,,,,,
29.16091175,99656,100222,99872,100503,100
,,,,,
29.16538565,99596,100221,99817,100504,100
,,,,,
29.16985956,99555,100216,99774,100503,100
,,,,,
29.17433346,99532,100208,99745,100501,100
,,,,,
29.17880737,99525,100199,99729,100500,100
,,,,,
29.18328127,99531,100188,99724,100497,100
,,,,,
29.18775518,99548,100174,99726,100493,100
,,,,,
29.19222908,99572,100156,99733,100485,100
,,,,,
29.19670299,99599,100134,99742,100472,100
,,,,,
29.20117689,99626,100110,99750,100453,100
,,,,,
29.2056508,99651,100086,99753,100429,100
,,,,,
29.2101247,99671,100060,99749,100401,100
,,,,,
29.21459861,99684,100037,99739,100369,100
,,,,,
29.21907251,99694,100016,99726,100336,100
,,,,,
29.22354642,99701,100001,99714,100303,100
,,,,,
29.22802032,99710,99995,99713,100271,100
,,,,,
29.23249423,99719,100001,99723,100239,100
,,,,,
29.23696813,99728,100019,99748,100207,100
,,,,,
29.24144204,99737,100048,99785,100172,100
,,,,,
29.24591594,99745,100087,99830,100133,100
,,,,,
29.25038985,99803,100229,100030,99994,100
,,,,,
29.25486375,99851,100278,100127,99945,100
,,,,,
29.25933766,99918,100322,100236,99897,100
,,,,,
29.26381156,99997,100362,100355,99855,100
,,,,,
29.26828547,100079,100392,100467,99816,100
,,,,,
29.27275937,100151,100406,100551,99784,100
,,,,,
29.27723328,100201,100399,100593,99757,100
,,,,,
29.28170718,100219,100363,100575,99737,100
,,,,,
29.28618109,100203,100300,100494,99721,100
,,,,,
29.29065499,100155,100210,100358,99708,100
,,,,,
29.2951289,100083,100101,100180,99697,100
,,,,,
29.2996028,100001,99984,99985,99686,100
,,,,,
29.3040767,99921,99871,99794,99676,100
,,,,,
29.30855061,99855,99769,99626,99666,100
,,,,,
29.31302451,99809,99685,99494,99658,100
,,,,,
29.31749842,99783,99621,99399,99652,100
,,,,,
29.32197232,99773,99574,99340,99648,100
,,,,,
29.32644623,99773,99544,99307,99646,100
,,,,,
29.33092013,99779,99523,99292,99647,100
,,,,,
29.33539404,99786,99510,99287,99649,100
,,,,,
29.33986794,99792,99499,99285,99652,100
,,,,,
29.34434185,99797,99491,99285,99655,100
,,,,,
29.34881575,99799,99484,99282,99657,100
,,,,,
29.35328966,99798,99477,99275,99658,100
,,,,,
29.35776356,99786,99463,99251,99658,100
,,,,,
29.36223747,99759,99440,99201,99658,100
,,,,,
29.36671137,99720,99402,99125,99658,100
,,,,,
29.37118528,99700,99362,99066,99659,100
,,,,,
29.37565918,99750,99346,99100,99663,100
,,,,,
29.38013309,99953,99416,99373,99668,100
,,,,,
29.38460699,100358,99661,100023,99676,100
,,,,,
29.3890809,100938,100210,101151,99684,100
,,,,,
29.3935548,101598,101170,102770,99693,100
,,,,,
29.39802871,102135,102528,104664,99701,100
,,,,,
29.40250261,102364,104150,106515,99706,100
,,,,,
29.40697652,102196,105663,107859,99710,100
,,,,,
29.41145042,101632,106634,108267,99711,100
,,,,,
29.41592433,100839,106770,107609,99710,100
,,,,,
29.42039823,100024,105945,105969,99707,100
,,,,,
29.42487214,99357,104421,103777,99703,100
,,,,,
29.42934604,98954,102623,101574,99698,100
,,,,,
29.43381995,98813,100939,99747,99693,100
,,,,,
29.43829385,98863,99673,98530,99687,100
,,,,,
29.44276775,99017,98864,97873,99681,100
,,,,,
29.44724166,99194,98420,97604,99673,100
,,,,,
29.45171556,99346,98217,97554,99663,100
,,,,,
29.45618947,99463,98132,97588,99653,100
,,,,,
29.46066337,99551,98108,97655,99642,100
,,,,,
29.46513728,99620,98121,97740,99631,100
,,,,,
29.46961118,99681,98157,97840,99622,100
,,,,,
29.47408509,99739,98211,97952,99614,100
,,,,,
29.47855899,99795,98275,98073,99609,100
,,,,,
29.4830329,99851,98346,98202,99605,100
,,,,,
29.4875068,99908,98416,98332,99602,100
,,,,,
29.49198071,99967,98486,98462,99597,100
,,,,,
29.49645461,100030,98549,98588,99591,100
,,,,,
29.50092852,100096,98606,98708,99583,100
,,,,,
29.50540242,100165,98654,98823,99574,100
,,,,,
29.50987633,100239,98695,98934,99564,100
,,,,,
29.51435023,100318,98730,99045,99554,100
,,,,,
29.51882414,100399,98761,99154,99546,100
,,,,,
29.52329804,100482,98788,99264,99538,100
,,,,,
29.52777195,100564,98809,99368,99534,100
,,,,,
29.53224585,100644,98822,99463,99532,100
,,,,,
29.53671976,100720,98824,99544,99534,100
,,,,,
29.54119366,100791,98815,99608,99542,100
,,,,,
29.54566757,100855,98797,99655,99559,100
,,,,,
29.55014147,100909,98775,99689,99586,100
,,,,,
29.55461538,100949,98754,99707,99623,100
,,,,,
29.55908928,100974,98735,99710,99672,100
,,,,,
29.56356319,100979,98718,99695,99727,100
,,,,,
29.56803709,100963,98703,99662,99786,100
,,,,,
29.572511,100926,98693,99614,99849,100
,,,,,
29.5769849,100872,98691,99561,99910,100
,,,,,
29.58145881,100807,98706,99514,99972,100
,,,,,
29.58593271,100741,98744,99489,100033,100
,,,,,
29.59040661,100679,98811,99496,100093,100
,,,,,
29.59488052,100625,98909,99541,100151,100
,,,,,
29.59935442,100575,99038,99619,100207,100
,,,,,
29.60382833,100523,99194,99721,100260,100
,,,,,
29.60830223,100461,99368,99833,100308,100
,,,,,
29.61277614,100383,99551,99937,100353,100
,,,,,
29.61725004,100284,99731,100019,100391,100
,,,,,
29.62172395,100168,99895,100068,100425,100
,,,,,
29.62619785,100041,100034,100080,100454,100
,,,,,
29.63067176,99908,100143,100056,100480,100
,,,,,
29.63514566,99776,100223,100004,100502,100
,,,,,
29.63961957,99650,100274,99929,100523,100
,,,,,
29.64409347,99532,100304,99839,100541,100
,,,,,
29.64856738,99425,100315,99741,100558,100
,,,,,
29.65304128,99331,100315,99643,100572,100
,,,,,
29.65751519,99255,100307,99555,100585,100
,,,,,
29.66198909,99201,100295,99485,100595,100
,,,,,
29.666463,99169,100281,99436,100602,100
,,,,,
29.6709369,99158,100268,99410,100606,100
,,,,,
29.67541081,99162,100256,99404,100606,100
,,,,,
29.67988471,99179,100243,99411,100602,100
,,,,,
29.68435862,99204,100230,99427,100595,100
,,,,,
29.68883252,99235,100215,99446,100587,100
,,,,,
29.69330643,99269,100199,99467,100577,100
,,,,,
29.69778033,99305,100181,99487,100565,100
,,,,,
29.70225424,99341,100163,99506,100553,100
,,,,,
29.70672814,99376,100146,99526,100539,100
,,,,,
29.71120205,99410,100130,99549,100524,100
,,,,,
29.71567595,99443,100121,99575,100507,100
,,,,,
29.72014986,99473,100119,99605,100488,100
,,,,,
29.72462376,99502,100128,99642,100469,100
,,,,,
29.72909766,99526,100146,99683,100446,100
,,,,,
29.73357157,99552,100173,99733,100422,100
,,,,,
29.73804547,99583,100207,99798,100396,100
,,,,,
29.74251938,99629,100246,99881,100370,100
,,,,,
29.74699328,99695,100291,99989,100342,100
,,,,,
29.75146719,99778,100338,100117,100315,100
,,,,,
29.75594109,99871,100385,100255,100289,100
,,,,,
29.760415,99962,100424,100383,100264,100
,,,,,
29.7648889,100035,100447,100478,100240,100
,,,,,
29.76936281,100083,100447,100526,100217,100
,,,,,
29.77383671,100097,100421,100515,100194,100
,,,,,
29.77831062,100080,100364,100443,100170,100
,,,,,
29.78278452,100037,100284,100320,100148,100
,,,,,
29.78725843,99974,100185,100159,100128,100
,,,,,
29.79173233,99904,100075,99980,100112,100
,,,,,
29.79620624,99837,99963,99801,100101,100
,,,,,
29.80068014,99782,99857,99639,100094,100
,,,,,
29.80515405,99746,99762,99508,100091,100
,,,,,
29.80962795,99728,99683,99412,100088,100
,,,,,
29.81410186,99729,99620,99349,100087,100
,,,,,
29.81857576,99740,99574,99315,100085,100
,,,,,
29.82304967,99756,99543,99299,100082,100
,,,,,
29.82752357,99771,99523,99295,100078,100
,,,,,
29.83199748,99783,99512,99297,100074,100
,,,,,
29.83647138,99792,99507,99302,100070,100
,,,,,
29.84094529,99798,99507,99309,100066,100
,,,,,
29.84541919,99800,99508,99312,100061,100
,,,,,
29.8498931,99796,99504,99303,100057,100
,,,,,
29.854367,99785,99492,99280,100052,100
,,,,,
29.85884091,99775,99476,99251,100045,100
,,,,,
29.86331481,99796,99478,99272,100038,100
,,,,,
29.86778871,99893,99531,99420,100028,100
,,,,,
29.87226262,100126,99695,99819,100015,100
,,,,,
29.87673652,100531,100041,100569,99999,100
,,,,,
29.88121043,101072,100656,101726,99981,100
,,,,,
29.88568433,101667,101611,103279,99962,100
,,,,,
29.89015824,102149,102880,105027,99943,100
,,,,,
29.89463214,102357,104347,106703,99925,100
,,,,,
29.89910605,102206,105708,107914,99909,100
,,,,,
29.90357995,101687,106584,108273,99897,100
,,,,,
29.90805386,100932,106711,107648,99885,100
,,,,,
29.91252776,100129,105952,106087,99875,100
,,,,,
29.91700167,99448,104504,103960,99863,100
,,,,,
29.92147557,99015,102747,101771,99849,100
,,,,,
29.92594948,98849,101047,99904,99832,100
,,,,,
29.93042338,98891,99716,98614,99811,100
,,,,,
29.93489729,99051,98830,97887,99788,100
,,,,,
29.93937119,99242,98322,97567,99763,100
,,,,,
29.9438451,99410,98082,97492,99738,100
,,,,,
29.948319,99539,97983,97520,99715,100
,,,,,
29.95279291,99639,97959,97592,99693,100
,,,,,
29.95726681,99719,97974,97686,99672,100
,,,,,
29.96174072,99791,98011,97795,99653,100
,,,,,
29.96621462,99859,98060,97913,99634,100
,,,,,
29.97068853,99922,98116,98034,99615,100
,,,,,
29.97516243,99982,98174,98155,99595,100
,,,,,
29.97963634,100038,98233,98274,99576,100
,,,,,
29.98411024,100095,98290,98390,99557,100
,,,,,
29.98858415,100154,98346,98504,99540,100
,,,,,
29.99305805,100215,98398,98617,99524,100
,,,,,
29.99753196,100279,98448,98729,99511,100
,,,,,
30.00200586,100348,98494,98842,99500,100
,,,,,
30.00647976,100423,98535,98956,99491,100
,,,,,
30.01095367,100504,98571,99070,99483,100
,,,,,
30.01542757,100589,98597,99179,99475,100
,,,,,
30.01990148,100675,98613,99280,99468,100
,,,,,
30.02437538,100761,98619,99371,99461,100
,,,,,
30.02884929,100843,98618,99451,99456,100
,,,,,
30.03332319,100920,98611,99524,99454,100
,,,,,
30.0377971,100990,98600,99587,99457,100
,,,,,
30.042271,101051,98588,99638,99469,100
,,,,,
30.04674491,101098,98576,99676,99489,100
,,,,,
30.05121881,101125,98565,99691,99519,100
,,,,,
30.05569272,101128,98557,99686,99561,100
,,,,,
30.06016662,101105,98556,99663,99615,100
,,,,,
30.06464053,101061,98562,99626,99683,100
,,,,,
30.06911443,101001,98582,99587,99763,100
,,,,,
30.07358834,100933,98619,99554,99852,100
,,,,,
30.07806224,100860,98679,99539,99945,100
,,,,,
30.08253615,100790,98766,99550,100034,100
,,,,,
30.08701005,100721,98881,99593,100117,100
,,,,,
30.09148396,100654,99024,99668,100186,100
,,,,,
30.09595786,100584,99191,99766,100244,100
,,,,,
30.10043177,100508,99374,99874,100290,100
,,,,,
30.10490567,100420,99560,99977,100328,100
,,,,,
30.10937958,100320,99737,100057,100359,100
,,,,,
30.11385348,100206,99897,100106,100385,100
,,,,,
30.11832739,100083,100030,100120,100407,100
,,,,,
30.12280129,99957,100138,100104,100426,100
,,,,,
30.1272752,99835,100221,100066,100442,100
,,,,,
30.1317491,99723,100283,100015,100456,100
,,,,,
30.13622301,99627,100328,99962,100466,100
,,,,,
30.14069691,99551,100358,99913,100474,100
,,,,,
30.14517081,99495,100376,99872,100479,100
,,,,,
30.14964472,99460,100383,99844,100480,100
,,,,,
30.15411862,99442,100383,99827,100479,100
,,,,,
30.15859253,99440,100376,99818,100474,100
,,,,,
30.16306643,99448,100364,99816,100466,100
,,,,,
30.16754034,99463,100348,99815,100454,100
,,,,,
30.17201424,99480,100328,99813,100440,100
,,,,,
30.17648815,99498,100306,99808,100424,100
,,,,,
30.18096205,99514,100284,99801,100406,100
,,,,,
30.18543596,99529,100263,99794,100386,100
,,,,,
30.18990986,99544,100245,99790,100365,100
,,,,,
30.19438377,99559,100230,99790,100342,100
,,,,,
30.19885767,99574,100222,99798,100317,100
,,,,,
30.20333158,99589,100220,99812,100290,100
,,,,,
30.20780548,99605,100225,99833,100258,100
,,,,,
30.21227939,99621,100238,99860,100221,100
,,,,,
30.21675329,99639,100258,99894,100180,100
,,,,,
30.2212272,99661,100284,99940,100134,100
,,,,,
30.2257011,99793,100402,100188,99987,100
,,,,,
30.23017501,99864,100453,100311,99941,100
,,,,,
30.23464891,99941,100503,100441,99897,100
,,,,,
30.23912282,100014,100551,100564,99858,100
,,,,,
30.24359672,100073,100588,100661,99820,100
,,,,,
30.24807063,100109,100608,100716,99786,100
,,,,,
30.25254453,100119,100604,100721,99752,100
,,,,,
30.25701844,100104,100569,100669,99721,100
,,,,,
30.26149234,100068,100503,100562,99693,100
,,,,,
30.26596625,100014,100408,100411,99669,100
,,,,,
30.27044015,99945,100295,100226,99646,100
,,,,,
30.27491406,99869,100174,100029,99629,100
,,,,,
30.27938796,99793,100055,99839,99616,100
,,,,,
30.28386187,99730,99948,99671,99605,100
,,,,,
30.28833577,99685,99857,99539,99599,100
,,,,,
30.29280967,99657,99784,99443,99593,100
,,,,,
30.29728358,99645,99728,99377,99589,100
,,,,,
30.30175748,99642,99689,99335,99583,100
,,,,,
30.30623139,99642,99663,99309,99578,100
,,,,,
30.31070529,99643,99646,99294,99573,100
,,,,,
30.3151792,99646,99634,99284,99569,100
,,,,,
30.3196531,99651,99624,99281,99569,100
,,,,,
30.32412701,99658,99614,99279,99570,100
,,,,,
30.32860091,99663,99599,99272,99575,100
,,,,,
30.33307482,99665,99578,99253,99579,100
,,,,,
30.33754872,99659,99552,99219,99585,100
,,,,,
30.34202263,99664,99525,99192,99591,100
,,,,,
30.34649653,99713,99532,99245,99597,100
,,,,,
30.35097044,99858,99615,99468,99602,100
,,,,,
30.35544434,100152,99853,99998,99608,100
,,,,,
30.35991825,100602,100337,100932,99612,100
,,,,,
30.36439215,101150,101145,102287,99615,100
,,,,,
30.36886606,101681,102325,104000,99616,100
,,,,,
30.37333996,102024,103774,105796,99617,100
,,,,,
30.37781387,102059,105274,107333,99616,100
,,,,,
30.38228777,101747,106450,108202,99617,100
,,,,,
30.38676168,101130,106930,108067,99617,100
,,,,,
30.39123558,100369,106530,106909,99616,100
,,,,,
30.39570949,99634,105283,104927,99615,100
,,,,,
30.40018339,99062,103524,102595,99613,100
,,,,,
30.4046573,98742,101695,100443,99609,100
,,,,,
30.4091312,98661,100137,98801,99605,100
,,,,,
30.41360511,98757,99059,97815,99600,100
,,,,,
30.41807901,98951,98431,97379,99595,100
,,,,,
30.42255292,99163,98124,97283,99591,100
,,,,,
30.42702682,99347,98008,97353,99586,100
,,,,,
30.43150072,99491,97976,97467,99579,100
,,,,,
30.43597463,99597,97987,97584,99572,100
,,,,,
30.44044853,99676,98024,97703,99562,100
,,,,,
30.44492244,99742,98081,97826,99551,100
,,,,,
30.44939634,99798,98151,97953,99540,100
,,,,,
30.45387025,99850,98229,98081,99529,100
,,,,,
30.45834415,99900,98305,98205,99519,100
,,,,,
30.46281806,99950,98376,98324,99510,100
,,,,,
30.46729196,100002,98440,98438,99502,100
,,,,,
30.47176587,100058,98498,98549,99494,100
,,,,,
30.47623977,100118,98552,98664,99486,100
,,,,,
30.48071368,100183,98605,98783,99479,100
,,,,,
30.48518758,100254,98657,98910,99472,100
,,,,,
30.48966149,100328,98706,99037,99464,100
,,,,,
30.49413539,100408,98750,99162,99455,100
,,,,,
30.4986093,100491,98784,99280,99444,100
,,,,,
30.5030832,100580,98807,99388,99434,100
,,,,,
30.50755711,100671,98817,99486,99424,100
,,,,,
30.51203101,100761,98818,99576,99417,100
,,,,,
30.51650492,100846,98815,99659,99415,100
,,,,,
30.52097882,100921,98810,99730,99419,100
,,,,,
30.52545273,100980,98804,99786,99432,100
,,,,,
30.52992663,101018,98796,99817,99455,100
,,,,,
30.53440054,101035,98786,99823,99489,100
,,,,,
30.53887444,101028,98775,99805,99534,100
,,,,,
30.54334835,100999,98767,99766,99592,100
,,,,,
30.54782225,100950,98768,99718,99660,100
,,,,,
30.55229616,100888,98781,99672,99739,100
,,,,,
30.55677006,100818,98814,99636,99829,100
,,,,,
30.56124397,100749,98867,99621,99927,100
,,,,,
30.56571787,100684,98947,99635,100026,100
,,,,,
30.57019177,100623,99054,99682,100124,100
,,,,,
30.57466568,100565,99190,99759,100210,100
,,,,,
30.57913958,100506,99350,99858,100284,100
,,,,,
30.58361349,100437,99526,99965,100341,100
,,,,,
30.58808739,100356,99704,100061,100387,100
,,,,,
30.5925613,100260,99871,100131,100422,100
,,,,,
30.5970352,100152,100015,100165,100452,100
,,,,,
30.60150911,100035,100130,100164,100475,100
,,,,,
30.60598301,99917,100216,100129,100494,100
,,,,,
30.61045692,99804,100273,100074,100509,100
,,,,,
30.61493082,99702,100307,100009,100518,100
,,,,,
30.61940473,99618,100324,99946,100523,100
,,,,,
30.62387863,99557,100327,99891,100526,100
,,,,,
30.62835254,99516,100327,99849,100526,100
,,,,,
30.63282644,99492,100325,99823,100525,100
,,,,,
30.63730035,99482,100323,99809,100522,100
,,,,,
30.64177425,99482,100322,99807,100517,100
,,,,,
30.64624816,99489,100319,99809,100510,100
,,,,,
30.65072206,99503,100312,99814,100498,100
,,,,,
30.65519597,99523,100299,99820,100482,100
,,,,,
30.65966987,99545,100282,99825,100463,100
,,,,,
30.66414378,99570,100260,99829,100438,100
,,,,,
30.66861768,99594,100237,99831,100412,100
,,,,,
30.67309159,99617,100215,99832,100383,100
,,,,,
30.67756549,99639,100196,99835,100353,100
,,,,,
30.6820394,99661,100182,99842,100321,100
,,,,,
30.6865133,99681,100175,99856,100286,100
,,,,,
30.69098721,99700,100178,99877,100248,100
,,,,,
30.69546111,99718,100189,99907,100207,100
,,,,,
30.69993502,99735,100210,99946,100163,100
,,,,,
30.70440892,99753,100236,99992,100117,100
,,,,,
30.70888282,99774,100266,100046,100070,100
,,,,,
30.71335673,99805,100299,100112,100025,100
,,,,,
30.71783063,99848,100333,100193,99982,100
,,,,,
30.72230454,99906,100370,100290,99943,100
,,,,,
30.72677844,99973,100409,100398,99906,100
,,,,,
30.73125235,100046,100445,100504,99873,100
,,,,,
30.73572625,100112,100473,100592,99843,100
,,,,,
30.74020016,100158,100484,100646,99813,100
,,,,,
30.74467406,100180,100472,100650,99784,100
,,,,,
30.74914797,100172,100432,100599,99754,100
,,,,,
30.75362187,100138,100364,100495,99724,100
,,,,,
30.75809578,100084,100272,100348,99694,100
,,,,,
30.76256968,100014,100163,100171,99668,100
,,,,,
30.76704359,99941,100049,99983,99645,100
,,,,,
30.77151749,99871,99936,99801,99626,100
,,,,,
30.7759914,99813,99833,99642,99610,100
,,,,,
30.7804653,99769,99747,99514,99598,100
,,,,,
30.78493921,99740,99680,99421,99587,100
,,,,,
30.78941311,99725,99632,99361,99578,100
,,,,,
30.79388702,99719,99600,99326,99570,100
,,,,,
30.79836092,99720,99580,99309,99564,100
,,,,,
30.80283483,99726,99569,99304,99560,100
,,,,,
30.80730873,99732,99564,99305,99559,100
,,,,,
30.81178264,99738,99563,99310,99559,100
,,,,,
30.81625654,99741,99566,99316,99559,100
,,,,,
30.82073045,99741,99569,99317,99560,100
,,,,,
30.82520435,99736,99569,99311,99561,100
,,,,,
30.82967826,99729,99564,99299,99563,100
,,,,,
30.83415216,99735,99560,99300,99565,100
,,,,,
30.83862607,99785,99592,99382,99568,100
,,,,,
30.84309997,99924,99713,99643,99572,100
,,,,,
30.84757387,100200,100005,100211,99577,100
,,,,,
30.85204778,100620,100564,101190,99581,100
,,,,,
30.85652168,101132,101466,102602,99584,100
,,,,,
30.86099559,101623,102708,104335,99587,100
,,,,,
30.86546949,101944,104179,106127,99589,100
,,,,,
30.8699434,101972,105621,107595,99591,100
,,,,,
30.8744173,101669,106668,108339,99594,100
,,,,,
30.87889121,101082,107014,108097,99597,100
,,,,,
30.88336511,100351,106486,106840,99599,100
,,,,,
30.88783902,99642,105178,104827,99601,100
,,,,,
30.89231292,99085,103423,102524,99602,100
,,,,,
30.89678683,98757,101615,100398,99603,100
,,,,,
30.90126073,98661,100096,98790,99606,100
,,,,,
30.90573464,98733,99033,97804,99609,100
,,,,,
30.91020854,98904,98401,97341,99615,100
,,,,,
30.91468245,99101,98091,97218,99622,100
,,,,,
30.91915635,99274,97968,97256,99629,100
,,,,,
30.92363026,99412,97937,97351,99633,100
,,,,,
30.92810416,99512,97950,97457,99635,100
,,,,,
30.93257807,99589,97990,97568,99635,100
,,,,,
30.93705197,99654,98046,97687,99633,100
,,,,,
30.94152588,99712,98114,97813,99630,100
,,,,,
30.94599978,99767,98191,97944,99627,100
,,,,,
30.95047369,99819,98272,98076,99626,100
,,,,,
30.95494759,99869,98354,98208,99626,100
,,,,,
30.9594215,99920,98436,98339,99627,100
,,,,,
30.9638954,99972,98513,98468,99628,100
,,,,,
30.96836931,100030,98583,98596,99628,100
,,,,,
30.97284321,100092,98643,98720,99628,100
,,,,,
30.97731712,100160,98692,98841,99627,100
,,,,,
30.98179102,100235,98731,98958,99626,100
,,,,,
30.98626492,100314,98761,99070,99624,100
,,,,,
30.99073883,100398,98784,99178,99621,100
,,,,,
30.99521273,100486,98802,99283,99620,100
,,,,,
30.99968664,100578,98816,99386,99620,100
,,,,,
31.00416054,100670,98822,99484,99624,100
,,,,,
31.00863445,100760,98824,99575,99633,100
,,,,,
31.01310835,100843,98818,99654,99649,100
,,,,,
31.01758226,100911,98809,99715,99672,100
,,,,,
31.02205616,100959,98798,99754,99704,100
,,,,,
31.02653007,100983,98784,99766,99748,100
,,,,,
31.03100397,100980,98771,99750,99806,100
,,,,,
31.03547788,100951,98758,99709,99878,100
,,,,,
31.03995178,100899,98749,99645,99963,100
,,,,,
31.04442569,100830,98746,99572,100058,100
,,,,,
31.04889959,100749,98756,99502,100157,100
,,,,,
31.0533735,100662,98785,99446,100252,100
,,,,,
31.0578474,100575,98840,99417,100337,100
,,,,,
31.06232131,100489,98927,99420,100411,100
,,,,,
31.06679521,100405,99044,99455,100470,100
,,,,,
31.07126912,100323,99188,99517,100521,100
,,,,,
31.07574302,100239,99353,99595,100563,100
,,,,,
31.08021693,100150,99524,99674,100600,100
,,,,,
31.08469083,100056,99693,99745,100632,100
,,,,,
31.08916474,99958,99849,99800,100661,100
,,,,,
31.09363864,99857,99983,99832,100684,100
,,,,,
31.09811255,99758,100092,99840,100702,100
,,,,,
31.10258645,99663,100174,99826,100716,100
,,,,,
31.10706036,99578,100230,99795,100726,100
,,,,,
31.11153426,99503,100263,99754,100734,100
,,,,,
31.11600817,99443,100278,99711,100740,100
,,,,,
31.12048207,99399,100282,99674,100745,100
,,,,,
31.12495598,99372,100280,99649,100747,100
,,,,,
31.12942988,99360,100278,99637,100747,100
,,,,,
31.13390378,99363,100275,99641,100743,100
,,,,,
31.13837769,99374,100274,99654,100734,100
,,,,,
31.14285159,99394,100271,99672,100723,100
,,,,,
31.1473255,99421,100264,99692,100708,100
,,,,,
31.1517994,99451,100252,99708,100693,100
,,,,,
31.15627331,99481,100234,99718,100676,100
,,,,,
31.16074721,99510,100214,99723,100658,100
,,,,,
31.16522112,99536,100196,99729,100641,100
,,,,,
31.16969502,99561,100184,99739,100622,100
,,,,,
31.17416893,99584,100180,99761,100603,100
,,,,,
31.17864283,99608,100188,99793,100581,100
,,,,,
31.18311674,99634,100203,99835,100557,100
,,,,,
31.18759064,99659,100224,99883,100529,100
,,,,,
31.19206455,99685,100248,99934,100498,100
,,,,,
31.19653845,99714,100272,99990,100465,100
,,,,,
31.20101236,99876,100361,100238,100368,100
,,,,,
31.20548626,99958,100399,100354,100339,100
,,,,,
31.20996017,100043,100436,100472,100308,100
,,,,,
31.21443407,100115,100463,100568,100276,100
,,,,,
31.21890798,100163,100471,100622,100240,100
,,,,,
31.22338188,100179,100451,100621,100202,100
,,,,,
31.22785579,100164,100402,100558,100162,100
,,,,,
31.23232969,100121,100327,100442,100123,100
,,,,,
31.2368036,100058,100233,100287,100087,100
,,,,,
31.2412775,99984,100126,100108,100054,100
,,,,,
31.24575141,99908,100014,99921,100025,100
,,,,,
31.25022531,99836,99901,99738,99998,100
,,,,,
31.25469922,99775,99792,99569,99972,100
,,,,,
31.25917312,99728,99692,99423,99947,100
,,,,,
31.26364703,99697,99607,99306,99924,100
,,,,,
31.26812093,99679,99544,99223,99902,100
,,,,,
31.27259483,99673,99504,99177,99882,100
,,,,,
31.27706874,99678,99487,99163,99865,100
,,,,,
31.28154264,99691,99486,99174,99849,100
,,,,,
31.28601655,99711,99493,99203,99837,100
,,,,,
31.29049045,99735,99504,99241,99825,100
,,,,,
31.29496436,99763,99513,99281,99817,100
,,,,,
31.29943826,99788,99517,99313,99810,100
,,,,,
31.30391217,99805,99516,99332,99807,100
,,,,,
31.30838607,99814,99507,99335,99804,100
,,,,,
31.31285998,99830,99501,99348,99804,100
,,,,,
31.31733388,99880,99519,99425,99805,100
,,,,,
31.32180779,100016,99612,99668,99808,100
,,,,,
31.32628169,100291,99840,100181,99811,100
,,,,,
31.3307556,100718,100289,101067,99815,100
,,,,,
31.3352295,101254,101051,102363,99820,100
,,,,,
31.33970341,101787,102162,103994,99823,100
,,,,,
31.34417731,102153,103579,105760,99826,100
,,,,,
31.34865122,102219,105102,107329,99827,100
,,,,,
31.35312512,101925,106377,108296,99826,100
,,,,,
31.35759903,101306,107041,108336,99824,100
,,,,,
31.36207293,100511,106843,107342,99820,100
,,,,,
31.36654684,99721,105767,105479,99815,100
,,,,,
31.37102074,99087,104100,103182,99809,100
,,,,,
31.37549465,98711,102255,100963,99801,100
,,,,,
31.37996855,98593,100606,99197,99791,100
,,,,,
31.38444246,98666,99392,98057,99779,100
,,,,,
31.38891636,98847,98629,97476,99766,100
,,,,,
31.39339027,99050,98211,97260,99752,100
,,,,,
31.39786417,99226,98016,97242,99739,100
,,,,,
31.40233808,99361,97934,97293,99727,100
,,,,,
31.40681198,99460,97911,97370,99716,100
,,,,,
31.41128588,99537,97926,97461,99706,100
,,,,,
31.41575979,99600,97966,97563,99697,100
,,,,,
31.42023369,99655,98022,97672,99689,100
,,,,,
31.4247076,99705,98091,97788,99682,100
,,,,,
31.4291815,99753,98166,97911,99677,100
,,,,,
31.43365541,99802,98246,98039,99673,100
,,,,,
31.43812931,99856,98324,98172,99670,100
,,,,,
31.44260322,99917,98398,98307,99668,100
,,,,,
31.44707712,99983,98465,98441,99666,100
,,,,,
31.45155103,100055,98524,98574,99665,100
,,,,,
31.45602493,100133,98577,98706,99663,100
,,,,,
31.46049884,100216,98620,98836,99659,100
,,,,,
31.46497274,100305,98655,98959,99656,100
,,,,,
31.46944665,100399,98678,99076,99652,100
,,,,,
31.47392055,100495,98690,99182,99649,100
,,,,,
31.47839446,100591,98691,99277,99647,100
,,,,,
31.48286836,100687,98682,99363,99650,100
,,,,,
31.48734227,100778,98670,99440,99656,100
,,,,,
31.49181617,100861,98655,99508,99668,100
,,,,,
31.49629008,100933,98639,99564,99687,100
,,,,,
31.50076398,100986,98624,99603,99717,100
,,,,,
31.50523789,101017,98609,99619,99760,100
,,,,,
31.50971179,101018,98598,99610,99818,100
,,,,,
31.5141857,100989,98594,99580,99893,100
,,,,,
31.5186596,100934,98601,99534,99979,100
,,,,,
31.52313351,100857,98622,99480,100075,100
,,,,,
31.52760741,100766,98660,99427,100171,100
,,,,,
31.53208132,100669,98717,99386,100260,100
,,,,,
31.53655522,100568,98797,99364,100340,100
,,,,,
31.54102913,100467,98905,99370,100403,100
,,,,,
31.54550303,100370,99041,99406,100454,100
,,,,,
31.54997693,100272,99201,99469,100491,100
,,,,,
31.55445084,100175,99379,99549,100522,100
,,,,,
31.55892474,100077,99561,99633,100547,100
,,,,,
31.56339865,99977,99736,99709,100570,100
,,,,,
31.56787255,99876,99892,99765,100591,100
,,,,,
31.57234646,99775,100024,99798,100612,100
,,,,,
31.57682036,99676,100129,99804,100629,100
,,,,,
31.58129427,99582,100207,99790,100645,100
,,,,,
31.58576817,99499,100262,99760,100658,100
,,,,,
31.59024208,99428,100295,99721,100667,100
,,,,,
31.59471598,99372,100311,99678,100675,100
,,,,,
31.59918989,99332,100311,99637,100679,100
,,,,,
31.60366379,99307,100301,99602,100682,100
,,,,,
31.6081377,99296,100287,99579,100682,100
,,,,,
31.6126116,99296,100276,99571,100682,100
,,,,,
31.61708551,99303,100271,99576,100680,100
,,,,,
31.62155941,99316,100273,99593,100678,100
,,,,,
31.62603332,99331,100279,99615,100676,100
,,,,,
31.63050722,99347,100285,99634,100674,100
,,,,,
31.63498113,99364,100284,99649,100673,100
,,,,,
31.63945503,99382,100276,99659,100669,100
,,,,,
31.64392894,99404,100261,99667,100663,100
,,,,,
31.64840284,99427,100243,99674,100652,100
,,,,,
31.65287675,99454,100226,99686,100638,100
,,,,,
31.65735065,99483,100214,99704,100620,100
,,,,,
31.66182456,99511,100209,99727,100600,100
,,,,,
31.66629846,99537,100213,99756,100582,100
,,,,,
31.67077237,99561,100225,99789,100566,100
,,,,,
31.67524627,99585,100241,99827,100552,100
,,,,,
31.67972018,99613,100262,99872,100540,100
,,,,,
31.68419408,99650,100286,99931,100526,100
,,,,,
31.68866798,99702,100315,100012,100509,100
,,,,,
31.69314189,99772,100348,100115,100489,100
,,,,,
31.69761579,99854,100384,100235,100465,100
,,,,,
31.7020897,99941,100418,100359,100441,100
,,,,,
31.7065636,100020,100443,100466,100417,100
,,,,,
31.71103751,100078,100452,100537,100394,100
,,,,,
31.71551141,100108,100443,100558,100371,100
,,,,,
31.71998532,100105,100409,100521,100350,100
,,,,,
31.72445922,100070,100356,100432,100328,100
,,,,,
31.72893313,100008,100285,100295,100307,100
,,,,,
31.73340703,99927,100199,100124,100287,100
,,,,,
31.73788094,99841,100104,99941,100270,100
,,,,,
31.74235484,99759,100006,99757,100253,100
,,,,,
31.74682875,99692,99909,99590,100238,100
,,,,,
31.75130265,99646,99819,99454,100225,100
,,,,,
31.75577656,99620,99743,99352,100214,100
,,,,,
31.76025046,99612,99684,99285,100203,100
,,,,,
31.76472437,99613,99644,99247,100192,100
,,,,,
31.76919827,99618,99619,99231,100182,100
,,,,,
31.77367218,99625,99606,99226,100173,100
,,,,,
31.77814608,99630,99598,99226,100164,100
,,,,,
31.78261999,99632,99593,99226,100156,100
,,,,,
31.78709389,99632,99590,99223,100150,100
,,,,,
31.7915678,99627,99584,99214,100144,100
,,,,,
31.7960417,99616,99575,99193,100140,100
,,,,,
31.80051561,99592,99560,99154,100137,100
,,,,,
31.80498951,99566,99539,99106,100134,100
,,,,,
31.80946342,99564,99521,99087,100129,100
,,,,,
31.81393732,99642,99529,99172,100123,100
,,,,,
31.81841123,99872,99615,99488,100116,100
,,,,,
31.82288513,100300,99854,100156,100108,100
,,,,,
31.82735903,100902,100375,101278,100099,100
,,,,,
31.83183294,101570,101284,102856,100091,100
,,,,,
31.83630684,102110,102583,104693,100085,100
,,,,,
31.84078075,102341,104166,106505,100080,100
,,,,,
31.84525465,102164,105666,107826,100078,100
,,,,,
31.84972856,101592,106681,108264,100076,100
,,,,,
31.85420246,100786,106900,107674,100072,100
,,,,,
31.85867637,99948,106167,106103,100065,100
,,,,,
31.86315027,99258,104730,103977,100055,100
,,,,,
31.86762418,98825,102963,101782,100044,100
,,,,,
31.87209808,98650,101256,99905,100030,100
,,,,,
31.87657199,98673,99934,98611,100016,100
,,,,,
31.88104589,98804,99044,97856,100002,100
,,,,,
31.8855198,98964,98536,97510,99990,100
,,,,,
31.8899937,99109,98294,97411,99978,100
,,,,,
31.89446761,99218,98188,97412,99967,100
,,,,,
31.89894151,99298,98160,97464,99956,100
,,,,,
31.90341542,99359,98170,97535,99946,100
,,,,,
31.90788932,99409,98203,97621,99937,100
,,,,,
31.91236323,99455,98251,97717,99929,100
,,,,,
31.91683713,99499,98310,97822,99921,100
,,,,,
31.92131104,99545,98377,97934,99913,100
,,,,,
31.92578494,99596,98448,98053,99904,100
,,,,,
31.93025885,99652,98518,98176,99894,100
,,,,,
31.93473275,99715,98585,98300,99883,100
,,,,,
31.93920666,99780,98643,98422,99870,100
,,,,,
31.94368056,99852,98693,98542,99858,100
,,,,,
31.94815447,99931,98732,98661,99847,100
,,,,,
31.95262837,100017,98764,98782,99837,100
,,,,,
31.95710228,100111,98791,98907,99827,100
,,,,,
31.96157618,100214,98815,99035,99818,100
,,,,,
31.96605009,100322,98834,99163,99810,100
,,,,,
31.97052399,100433,98847,99286,99803,100
,,,,,
31.97499789,100545,98853,99402,99798,100
,,,,,
31.9794718,100653,98853,99508,99797,100
,,,,,
31.9839457,100754,98846,99600,99803,100
,,,,,
31.98841961,100841,98834,99674,99819,100
,,,,,
31.99289351,100908,98819,99725,99845,100
,,,,,
31.99736742,100949,98803,99750,99885,100
,,,,,
32.00184132,100959,98791,99749,99935,100
,,,,,
32.00631523,100939,98787,99724,99994,100
,,,,,
32.01078913,100891,98793,99685,100059,100
,,,,,
32.01526304,100820,98814,99638,100126,100
,,,,,
32.01973694,100735,98851,99592,100189,100
,,,,,
32.02421085,100642,98906,99557,100246,100
,,,,,
32.02868475,100545,98983,99538,100297,100
,,,,,
32.03315866,100448,99084,99541,100340,100
,,,,,
32.03763256,100350,99208,99565,100381,100
,,,,,
32.04210647,100250,99353,99609,100418,100
,,,,,
32.04658037,100148,99514,99667,100456,100
,,,,,
32.05105428,100044,99679,99727,100493,100
,,,,,
32.05552818,99939,99839,99783,100529,100
,,,,,
32.06000209,99833,99985,99821,100565,100
,,,,,
32.06447599,99725,100110,99838,100597,100
,,,,,
32.0689499,99620,100210,99833,100626,100
,,,,,
32.0734238,99519,100286,99806,100650,100
,,,,,
32.07789771,99426,100338,99765,100669,100
,,,,,
32.08237161,99348,100369,99717,100684,100
,,,,,
32.08684552,99287,100384,99669,100697,100
,,,,,
32.09131942,99244,100388,99630,100708,100
,,,,,
32.09579333,99220,100388,99603,100719,100
,,,,,
32.10026723,99209,100386,99590,100729,100
,,,,,
32.10474114,99211,100384,99589,100737,100
,,,,,
32.10921504,99222,100383,99597,100743,100
,,,,,
32.11368894,99238,100384,99612,100747,100
,,,,,
32.11816285,99259,100382,99631,100748,100
,,,,,
32.12263675,99281,100380,99652,100745,100
,,,,,
32.12711066,99304,100377,99674,100741,100
,,,,,
32.13158456,99327,100371,99694,100733,100
,,,,,
32.13605847,99349,100361,99711,100722,100
,,,,,
32.14053237,99372,100348,99725,100708,100
,,,,,
32.14500628,99395,100333,99736,100694,100
,,,,,
32.14948018,99421,100317,99748,100679,100
,,,,,
32.15395409,99448,100305,99763,100663,100
,,,,,
32.15842799,99476,100302,99785,100647,100
,,,,,
32.1629019,99502,100309,99815,100631,100
,,,,,
32.1673758,99524,100327,99852,100613,100
,,,,,
32.17184971,99542,100354,99896,100592,100
,,,,,
32.17632361,99627,100459,100086,100516,100
,,,,,
32.18079752,99685,100499,100187,100487,100
,,,,,
32.18527142,99761,100543,100307,100458,100
,,,,,
32.18974533,99848,100586,100435,100430,100
,,,,,
32.19421923,99932,100620,100549,100401,100
,,,,,
32.19869314,100001,100637,100629,100373,100
,,,,,
32.20316704,100041,100628,100655,100347,100
,,,,,
32.20764095,100047,100589,100620,100322,100
,,,,,
32.21211485,100018,100522,100526,100298,100
,,,,,
32.21658876,99960,100436,100386,100275,100
,,,,,
32.22106266,99884,100339,100217,100252,100
,,,,,
32.22553657,99801,100237,100039,100227,100
,,,,,
32.23001047,99726,100139,99868,100202,100
,,,,,
32.23448438,99666,100045,99716,100177,100
,,,,,
32.23895828,99626,99961,99591,100153,100
,,,,,
32.24343219,99603,99889,99496,100132,100
,,,,,
32.24790609,99595,99834,99431,100114,100
,,,,,
32.25237999,99592,99797,99391,100099,100
,,,,,
32.2568539,99593,99776,99372,100088,100
,,,,,
32.2613278,99595,99767,99369,100080,100
,,,,,
32.26580171,99598,99766,99375,100075,100
,,,,,
32.27027561,99602,99767,99384,100070,100
,,,,,
32.27474952,99607,99771,99392,100065,100
,,,,,
32.27922342,99610,99768,99392,100059,100
,,,,,
32.28369733,99607,99757,99373,100052,100
,,,,,
32.28817123,99599,99736,99340,100042,100
,,,,,
32.29264514,99598,99709,99308,100033,100
,,,,,
32.29711904,99637,99699,99334,100023,100
,,,,,
32.30159295,99765,99757,99518,100015,100
,,,,,
32.30606685,100036,99940,99973,100008,100
,,,,,
32.31054076,100475,100334,100805,100003,100
,,,,,
32.31501466,101041,101033,102071,100001,100
,,,,,
32.31948857,101627,102072,103697,99999,100
,,,,,
32.32396247,102073,103439,105508,99998,100
,,,,,
32.32843638,102218,104965,107177,99997,100
,,,,,
32.33291028,101990,106330,108313,99994,100
,,,,,
32.33738419,101413,107198,108601,99988,100
,,,,,
32.34185809,100619,107252,107860,99982,100
,,,,,
32.346332,99806,106426,106223,99974,100
,,,,,
32.3508059,99135,104914,104041,99966,100
,,,,,
32.35527981,98713,103070,101779,99959,100
,,,,,
32.35975371,98558,101320,99879,99952,100
,,,,,
32.36422762,98603,99932,98538,99946,100
,,,,,
32.36870152,98765,99005,97776,99939,100
,,,,,
32.37317543,98958,98485,97450,99931,100
,,,,,
32.37764933,99129,98228,97363,99920,100
,,,,,
32.38212324,99262,98127,97394,99907,100
,,,,,
32.38659714,99363,98095,97461,99891,100
,,,,,
32.39107104,99444,98101,97546,99874,100
,,,,,
32.39554495,99516,98132,97647,99856,100
,,,,,
32.40001885,99585,98182,97764,99840,100
,,,,,
32.40449276,99650,98245,97892,99824,100
,,,,,
32.40896666,99714,98318,98028,99811,100
,,,,,
32.41344057,99777,98393,98168,99797,100
,,,,,
32.41791447,99842,98464,98304,99783,100
,,,,,
32.42238838,99908,98528,98434,99769,100
,,,,,
32.42686228,99977,98581,98558,99753,100
,,,,,
32.43133619,100050,98626,98677,99737,100
,,,,,
32.43581009,100127,98665,98794,99720,100
,,,,,
32.440284,100209,98698,98912,99701,100
,,,,,
32.4447579,100295,98729,99031,99683,100
,,,,,
32.44923181,100386,98754,99150,99666,100
,,,,,
32.45370571,100482,98773,99266,99650,100
,,,,,
32.45817962,100582,98782,99375,99637,100
,,,,,
32.46265352,100685,98780,99474,99629,100
,,,,,
32.46712743,100783,98769,99561,99627,100
,,,,,
32.47160133,100874,98754,99634,99635,100
,,,,,
32.47607524,100951,98736,99693,99657,100
,,,,,
32.48054914,101008,98723,99735,99693,100
,,,,,
32.48502305,101042,98714,99759,99742,100
,,,,,
32.48949695,101050,98711,99762,99804,100
,,,,,
32.49397086,101031,98715,99744,99871,100
,,,,,
32.49844476,100985,98729,99708,99939,100
,,,,,
32.50291867,100919,98753,99663,100005,100
,,,,,
32.50739257,100837,98792,99618,100064,100
,,,,,
32.51186648,100745,98852,99584,100121,100
,,,,,
32.51634038,100651,98934,99574,100172,100
,,,,,
32.52081429,100558,99045,99592,100223,100
,,,,,
32.52528819,100466,99183,99638,100272,100
,,,,,
32.52976209,100376,99343,99708,100319,100
,,,,,
32.534236,100285,99518,99792,100364,100
,,,,,
32.5387099,100193,99698,99879,100406,100
,,,,,
32.54318381,100095,99871,99952,100444,100
,,,,,
32.54765771,99991,100027,100006,100475,100
,,,,,
32.55213162,99883,100159,100031,100503,100
,,,,,
32.55660552,99775,100264,100031,100524,100
,,,,,
32.56107943,99672,100346,100013,100542,100
,,,,,
32.56555333,99577,100406,99981,100556,100
,,,,,
32.57002724,99498,100448,99946,100569,100
,,,,,
32.57450114,99434,100476,99913,100580,100
,,,,,
32.57897505,99388,100492,99883,100590,100
,,,,,
32.58344895,99359,100498,99860,100600,100
,,,,,
32.58792286,99345,100495,99841,100606,100
,,,,,
32.59239676,99342,100486,99828,100611,100
,,,,,
32.59687067,99349,100473,99821,100612,100
,,,,,
32.60134457,99361,100457,99820,100610,100
,,,,,
32.60581848,99378,100443,99823,100604,100
,,,,,
32.61029238,99398,100429,99831,100596,100
,,,,,
32.61476629,99422,100415,99842,100586,100
,,,,,
32.61924019,99450,100399,99856,100575,100
,,,,,
32.6237141,99483,100382,99869,100562,100
,,,,,
32.628188,99516,100364,99882,100548,100
,,,,,
32.63266191,99546,100345,99892,100532,100
,,,,,
32.63713581,99572,100328,99900,100515,100
,,,,,
32.64160972,99593,100316,99909,100496,100
,,,,,
32.64608362,99608,100310,99918,100475,100
,,,,,
32.65055753,99620,100313,99933,100453,100
,,,,,
32.65503143,99632,100325,99957,100429,100
,,,,,
32.65950534,99645,100348,99993,100401,100
,,,,,
32.66397924,99662,100380,100042,100369,100
,,,,,
32.66845314,99688,100418,100104,100334,100
,,,,,
32.67292705,99727,100459,100183,100297,100
,,,,,
32.67740095,99783,100498,100279,100258,100
,,,,,
32.68187486,99855,100537,100391,100221,100
,,,,,
32.68634876,99939,100574,100512,100186,100
,,,,,
32.69082267,100023,100606,100631,100153,100
,,,,,
32.69529657,100095,100629,100726,100124,100
,,,,,
32.69977048,100144,100632,100779,100096,100
,,,,,
32.70424438,100163,100609,100776,100070,100
,,,,,
32.70871829,100150,100555,100708,100044,100
,,,,,
32.71319219,100112,100472,100584,100018,100
,,,,,
32.7176661,100050,100367,100416,99994,100
,,,,,
32.72214,99973,100254,100225,99971,100
,,,,,
32.72661391,99892,100142,100033,99949,100
,,,,,
32.73108781,99814,100042,99858,99930,100
,,,,,
32.73556172,99752,99959,99714,99914,100
,,,,,
32.74003562,99710,99891,99607,99898,100
,,,,,
32.74450953,99688,99836,99532,99884,100
,,,,,
32.74898343,99683,99792,99484,99869,100
,,,,,
32.75345734,99689,99759,99456,99855,100
,,,,,
32.75793124,99699,99736,99442,99841,100
,,,,,
32.76240515,99711,99723,99439,99828,100
,,,,,
32.76687905,99723,99721,99445,99817,100
,,,,,
32.77135296,99734,99726,99459,99808,100
,,,,,
32.77582686,99744,99732,99473,99802,100
,,,,,
32.78030077,99749,99732,99478,99799,100
,,,,,
32.78477467,99747,99721,99466,99799,100
,,,,,
32.78924858,99740,99701,99441,99800,100
,,,,,
32.79372248,99751,99690,99441,99802,100
,,,,,
32.79819639,99814,99716,99531,99804,100
,,,,,
32.80267029,99990,99834,99825,99805,100
,,,,,
32.8071442,100327,100105,100433,99806,100
,,,,,
32.8116181,100807,100633,101439,99806,100
,,,,,
32.816092,101374,101503,102875,99805,100
,,,,,
32.82056591,101875,102733,104604,99802,100
,,,,,
32.82503981,102149,104244,106388,99798,100
,,,,,
32.82951372,102099,105747,107840,99793,100
,,,,,
32.83398762,101684,106860,108538,99786,100
,,,,,
32.83846153,101006,107241,108240,99778,100
,,,,,
32.84293543,100226,106689,106909,99769,100
,,,,,
32.84740934,99503,105342,104838,99757,100
,,,,,
32.85188324,98980,103545,102520,99744,100
,,,,,
32.85635715,98702,101719,100418,99729,100
,,,,,
32.86083105,98649,100220,98868,99713,100
,,,,,
32.86530496,98754,99184,97939,99694,100
,,,,,
32.86977886,98934,98579,97517,99674,100
,,,,,
32.87425277,99125,98283,97414,99654,100
,,,,,
32.87872667,99289,98165,97458,99636,100
,,,,,
32.88320058,99417,98132,97553,99621,100
,,,,,
32.88767448,99515,98142,97657,99607,100
,,,,,
32.89214839,99593,98176,97768,99596,100
,,,,,
32.89662229,99661,98224,97884,99585,100
,,,,,
32.9010962,99723,98283,98007,99572,100
,,,,,
32.9055701,99783,98348,98133,99556,100
,,,,,
32.91004401,99841,98417,98261,99537,100
,,,,,
32.91451791,99899,98484,98387,99515,100
,,,,,
32.91899182,99958,98546,98508,99492,100
,,,,,
32.92346572,100018,98602,98623,99469,100
,,,,,
32.92793963,100081,98652,98735,99448,100
,,,,,
32.93241353,100145,98697,98845,99429,100
,,,,,
32.93688744,100214,98739,98954,99413,100
,,,,,
32.94136134,100290,98777,99065,99400,100
,,,,,
32.94583525,100373,98808,99178,99388,100
,,,,,
32.95030915,100465,98831,99293,99379,100
,,,,,
32.95478305,100564,98845,99408,99371,100
,,,,,
32.95925696,100668,98852,99520,99366,100
,,,,,
32.96373086,100770,98854,99626,99364,100
,,,,,
32.96820477,100865,98852,99721,99367,100
,,,,,
32.97267867,100946,98846,99798,99378,100
,,,,,
32.97715258,101010,98836,99853,99397,100
,,,,,
32.98162648,101048,98822,99880,99427,100
,,,,,
32.98610039,101062,98809,99881,99469,100
,,,,,
32.99057429,101048,98797,99856,99524,100
,,,,,
32.9950482,101012,98793,99814,99595,100
,,,,,
32.9995221,100957,98798,99764,99679,100
,,,,,
33.00399601,100890,98817,99715,99772,100
,,,,,
33.00846991,100816,98856,99677,99867,100
,,,,,
33.01294382,100740,98918,99661,99958,100
,,,,,
33.01741772,100662,99006,99673,100040,100
,,,,,
33.02189163,100585,99123,99714,100108,100
,,,,,
33.02636553,100508,99266,99779,100165,100
,,,,,
33.03083944,100427,99430,99863,100210,100
,,,,,
33.03531334,100341,99605,99950,100249,100
,,,,,
33.03978725,100248,99780,100030,100280,100
,,,,,
33.04426115,100146,99948,100092,100308,100
,,,,,
33.04873506,100037,100095,100127,100333,100
,,,,,
33.05320896,99922,100218,100133,100355,100
,,,,,
33.05768287,99807,100310,100111,100375,100
,,,,,
33.06215677,99700,100373,100069,100393,100
,,,,,
33.06663068,99605,100412,100018,100408,100
,,,,,
33.07110458,99530,100435,99970,100419,100
,,,,,
33.07557849,99476,100448,99930,100428,100
,,,,,
33.08005239,99441,100455,99902,100433,100
,,,,,
33.0845263,99424,100457,99886,100434,100
,,,,,
33.0890002,99418,100453,99874,100432,100
,,,,,
33.0934741,99420,100444,99867,100427,100
,,,,,
33.09794801,99430,100430,99864,100420,100
,,,,,
33.10242191,99448,100411,99864,100409,100
,,,,,
33.10689582,99473,100390,99870,100396,100
,,,,,
33.11136972,99503,100368,99879,100380,100
,,,,,
33.11584363,99536,100345,99888,100362,100
,,,,,
33.12031753,99567,100326,99898,100341,100
,,,,,
33.12479144,99594,100308,99903,100319,100
,,,,,
33.12926534,99616,100292,99906,100294,100
,,,,,
33.13373925,99633,100279,99906,100268,100
,,,,,
33.13821315,99648,100267,99907,100239,100
,,,,,
33.14268706,99661,100258,99913,100205,100
,,,,,
33.14716096,99674,100255,99925,100168,100
,,,,,
33.15163487,99711,100285,99998,100038,100
,,,,,
33.15610877,99728,100307,100037,99992,100
,,,,,
33.16058268,99752,100336,100090,99949,100
,,,,,
33.16505658,99790,100373,100164,99908,100
,,,,,
33.16953049,99845,100416,100262,99869,100
,,,,,
33.17400439,99914,100465,100378,99830,100
,,,,,
33.1784783,99990,100511,100499,99795,100
,,,,,
33.1829522,100064,100548,100609,99759,100
,,,,,
33.18742611,100122,100567,100686,99726,100
,,,,,
33.19190001,100158,100563,100718,99695,100
,,,,,
33.19637392,100166,100533,100695,99669,100
,,,,,
33.20084782,100146,100475,100615,99645,100
,,,,,
33.20532173,100101,100393,100485,99624,100
,,,,,
33.20979563,100039,100291,100316,99604,100
,,,,,
33.21426954,99969,100176,100125,99587,100
,,,,,
33.21874344,99902,100057,99935,99571,100
,,,,,
33.22321735,99845,99940,99763,99557,100
,,,,,
33.22769125,99804,99837,99626,99547,100
,,,,,
33.23216515,99779,99752,99525,99539,100
,,,,,
33.23663906,99768,99690,99460,99532,100
,,,,,
33.24111296,99766,99651,99425,99525,100
,,,,,
33.24558687,99768,99632,99410,99519,100
,,,,,
33.25006077,99773,99628,99410,99513,100
,,,,,
33.25453468,99777,99633,99416,99507,100
,,,,,
33.25900858,99781,99642,99426,99504,100
,,,,,
33.26348249,99782,99652,99436,99501,100
,,,,,
33.26795639,99781,99657,99439,99499,100
,,,,,
33.2724303,99777,99653,99430,99498,100
,,,,,
33.2769042,99770,99639,99406,99497,100
,,,,,
33.28137811,99764,99618,99377,99496,100
,,,,,
33.28585201,99785,99612,99391,99495,100
,,,,,
33.29032592,99870,99662,99523,99494,100
,,,,,
33.29479982,100066,99824,99882,99495,100
,,,,,
33.29927373,100410,100190,100593,99496,100
,,,,,
33.30374763,100869,100856,101721,99499,100
,,,,,
33.30822154,101373,101895,103267,99503,100
,,,,,
33.31269544,101782,103301,105084,99507,100
,,,,,
33.31716935,101950,104899,106850,99509,100
,,,,,
33.32164325,101811,106368,108181,99509,100
,,,,,
33.32611716,101358,107295,108654,99506,100
,,,,,
33.33059106,100696,107353,108050,99501,100
,,,,,
33.33506497,99988,106467,106456,99495,100
,,,,,
33.33953887,99366,104831,104199,99490,100
,,,,,
33.34401278,98949,102880,101831,99486,100
,,,,,
33.34848668,98767,101049,99818,99484,100
,,,,,
33.35296059,98781,99629,98413,99485,100
,,,,,
33.35743449,98931,98725,97658,99489,100
,,,,,
33.3619084,99136,98238,97375,99493,100
,,,,,
33.3663823,99334,98024,97358,99495,100
,,,,,
33.3708562,99499,97956,97453,99494,100
,,,,,
33.37533011,99620,97946,97564,99490,100
,,,,,
33.37980401,99708,97967,97673,99485,100
,,,,,
33.38427792,99775,98006,97780,99478,100
,,,,,
33.38875182,99830,98059,97890,99472,100
,,,,,
33.39322573,99879,98124,98007,99467,100
,,,,,
33.39769963,99927,98198,98130,99464,100
,,,,,
33.40217354,99974,98275,98256,99462,100
,,,,,
33.40664744,100021,98353,98382,99461,100
,,,,,
33.41112135,100070,98427,98505,99459,100
,,,,,
33.41559525,100123,98497,98626,99456,100
,,,,,
33.42006916,100181,98558,98744,99451,100
,,,,,
33.42454306,100247,98612,98862,99444,100
,,,,,
33.42901697,100321,98658,98980,99434,100
,,,,,
33.43349087,100402,98698,99099,99425,100
,,,,,
33.43796478,100487,98732,99218,99416,100
,,,,,
33.44243868,100575,98760,99335,99411,100
,,,,,
33.44691259,100666,98782,99450,99410,100
,,,,,
33.45138649,100759,98798,99558,99415,100
,,,,,
33.4558604,100852,98804,99658,99425,100
,,,,,
33.4603343,100941,98802,99745,99440,100
,,,,,
33.46480821,101022,98793,99814,99463,100
,,,,,
33.46928211,101086,98778,99863,99492,100
,,,,,
33.47375602,101128,98762,99889,99532,100
,,,,,
33.47822992,101145,98745,99890,99583,100
,,,,,
33.48270383,101136,98732,99867,99648,100
,,,,,
33.48717773,101102,98723,99824,99727,100
,,,,,
33.49165164,101046,98723,99769,99817,100
,,,,,
33.49612554,100976,98737,99710,99914,100
,,,,,
33.50059945,100893,98768,99658,100011,100
,,,,,
33.50507335,100804,98825,99625,100101,100
,,,,,
33.50954725,100712,98910,99616,100184,100
,,,,,
33.51402116,100618,99023,99634,100254,100
,,,,,
33.51849506,100524,99163,99678,100318,100
,,,,,
33.52296897,100426,99323,99741,100373,100
,,,,,
33.52744287,100326,99492,99813,100424,100
,,,,,
33.53191678,100221,99661,99881,100470,100
,,,,,
33.53639068,100114,99819,99936,100509,100
,,,,,
33.54086459,100002,99959,99967,100542,100
,,,,,
33.54533849,99891,100077,99975,100568,100
,,,,,
33.5498124,99783,100171,99959,100590,100
,,,,,
33.5542863,99681,100240,99923,100605,100
,,,,,
33.55876021,99592,100288,99878,100618,100
,,,,,
33.56323411,99518,100317,99828,100626,100
,,,,,
33.56770802,99461,100330,99782,100632,100
,,,,,
33.57218192,99422,100331,99743,100635,100
,,,,,
33.57665583,99398,100323,99713,100636,100
,,,,,
33.58112973,99388,100311,99694,100634,100
,,,,,
33.58560364,99391,100297,99684,100629,100
,,,,,
33.59007754,99400,100284,99683,100620,100
,,,,,
33.59455145,99418,100272,99690,100607,100
,,,,,
33.59902535,99440,100260,99701,100591,100
,,,,,
33.60349926,99467,100246,99716,100573,100
,,,,,
33.60797316,99498,100229,99732,100553,100
,,,,,
33.61244707,99530,100210,99746,100532,100
,,,,,
33.61692097,99562,100188,99757,100510,100
,,,,,
33.62139488,99592,100164,99766,100487,100
,,,,,
33.62586878,99619,100141,99770,100463,100
,,,,,
33.63034269,99642,100122,99774,100438,100
,,,,,
33.63481659,99662,100111,99783,100410,100
,,,,,
33.6392905,99678,100112,99798,100380,100
,,,,,
33.6437644,99693,100124,99825,100347,100
,,,,,
33.64823831,99709,100147,99861,100312,100
,,,,,
33.65271221,99728,100177,99909,100275,100
,,,,,
33.65718611,99755,100209,99967,100237,100
,,,,,
33.66166002,99793,100245,100038,100200,100
,,,,,
33.66613392,99846,100284,100126,100162,100
,,,,,
33.67060783,99912,100325,100230,100125,100
,,,,,
33.67508173,99985,100366,100342,100088,100
,,,,,
33.67955564,100056,100401,100448,100053,100
,,,,,
33.68402954,100115,100424,100531,100019,100
,,,,,
33.68850345,100150,100427,100574,99987,100
,,,,,
33.69297735,100157,100406,100563,99958,100
,,,,,
33.69745126,100136,100355,100494,99932,100
,,,,,
33.70192516,100092,100276,100372,99909,100
,,,,,
33.70639907,100028,100176,100210,99888,100
,,,,,
33.71087297,99954,100060,100023,99870,100
,,,,,
33.71534688,99879,99942,99830,99854,100
,,,,,
33.71982078,99812,99830,99650,99840,100
,,,,,
33.72429469,99758,99730,99495,99828,100
,,,,,
33.72876859,99720,99648,99373,99818,100
,,,,,
33.7332425,99697,99587,99287,99809,100
,,,,,
33.7377164,99686,99545,99231,99801,100
,,,,,
33.74219031,99683,99520,99203,99793,100
,,,,,
33.74666421,99683,99509,99193,99787,100
,,,,,
33.75113812,99688,99505,99195,99781,100
,,,,,
33.75561202,99695,99508,99205,99776,100
,,,,,
33.76008593,99706,99510,99220,99772,100
,,,,,
33.76455983,99718,99510,99233,99768,100
,,,,,
33.76903374,99727,99506,99238,99765,100
,,,,,
33.77350764,99730,99494,99228,99761,100
,,,,,
33.77798155,99728,99475,99206,99758,100
,,,,,
33.78245545,99737,99460,99199,99756,100
,,,,,
33.78692936,99794,99475,99272,99757,100
,,,,,
33.79140326,99953,99575,99531,99760,100
,,,,,
33.79587716,100261,99821,100085,99765,100
,,,,,
33.80035107,100728,100304,101035,99771,100
,,,,,
33.80482497,101297,101112,102411,99776,100
,,,,,
33.80929888,101843,102250,104096,99780,100
,,,,,
33.81377278,102206,103671,105880,99783,100
,,,,,
33.81824669,102249,105143,107397,99784,100
,,,,,
33.82272059,101925,106323,108254,99783,100
,,,,,
33.8271945,101290,106896,108195,99782,100
,,,,,
33.8316684,100492,106608,107109,99782,100
,,,,,
33.83614231,99721,105505,105235,99781,100
,,,,,
33.84061621,99117,103858,102982,99780,100
,,,,,
33.84509012,98763,102042,100808,99780,100
,,,,,
33.84956402,98662,100450,99110,99778,100
,,,,,
33.85403793,98734,99272,98003,99776,100
,,,,,
33.85851183,98906,98541,97441,99774,100
,,,,,
33.86298574,99098,98161,97254,99771,100
,,,,,
33.86745964,99263,97989,97244,99767,100
,,,,,
33.87193355,99391,97928,97313,99761,100
,,,,,
33.87640745,99486,97917,97396,99755,100
,,,,,
33.88088136,99558,97938,97489,99747,100
,,,,,
33.88535526,99618,97981,97594,99741,100
,,,,,
33.88982917,99672,98042,97711,99737,100
,,,,,
33.89430307,99724,98114,97837,99734,100
,,,,,
33.89877698,99776,98190,97969,99733,100
,,,,,
33.90325088,99832,98266,98103,99732,100
,,,,,
33.90772479,99893,98338,98237,99730,100
,,,,,
33.91219869,99960,98406,98371,99727,100
,,,,,
33.9166726,100030,98469,98503,99721,100
,,,,,
33.9211465,100103,98524,98631,99715,100
,,,,,
33.92562041,100178,98572,98754,99709,100
,,,,,
33.93009431,100259,98611,98873,99705,100
,,,,,
33.93456821,100345,98641,98987,99702,100
,,,,,
33.93904212,100437,98661,99098,99701,100
,,,,,
33.94351602,100537,98674,99208,99702,100
,,,,,
33.94798993,100640,98679,99314,99704,100
,,,,,
33.95246383,100745,98680,99418,99709,100
,,,,,
33.95693774,100845,98675,99515,99719,100
,,,,,
33.96141164,100935,98666,99598,99736,100
,,,,,
33.96588555,101008,98654,99664,99764,100
,,,,,
33.97035945,101061,98639,99703,99806,100
,,,,,
33.97483336,101089,98621,99716,99862,100
,,,,,
33.97930726,101089,98606,99702,99932,100
,,,,,
33.98378117,101064,98594,99666,100009,100
,,,,,
33.98825507,101015,98593,99615,100089,100
,,,,,
33.99272898,100947,98606,99560,100168,100
,,,,,
33.99720288,100865,98637,99510,100241,100
,,,,,
34.00167679,100773,98691,99472,100312,100
,,,,,
34.00615069,100678,98770,99456,100376,100
,,,,,
34.0106246,100579,98878,99466,100437,100
,,,,,
34.0150985,100481,99015,99504,100492,100
,,,,,
34.01957241,100382,99177,99567,100543,100
,,,,,
34.02404631,100282,99355,99644,100591,100
,,,,,
34.02852022,100182,99539,99725,100633,100
,,,,,
34.03299412,100080,99714,99795,100673,100
,,,,,
34.03746803,99977,99871,99846,100707,100
,,,,,
34.04194193,99873,100005,99873,100738,100
,,,,,
34.04641584,99771,100113,99877,100763,100
,,,,,
34.05088974,99674,100198,99862,100787,100
,,,,,
34.05536365,99587,100259,99835,100806,100
,,,,,
34.05983755,99513,100300,99801,100823,100
,,,,,
34.06431146,99454,100322,99763,100837,100
,,,,,
34.06878536,99409,100328,99724,100848,100
,,,,,
34.07325926,99377,100323,99689,100855,100
,,,,,
34.07773317,99358,100310,99660,100858,100
,,,,,
34.08220707,99350,100294,99641,100859,100
,,,,,
34.08668098,99355,100280,99634,100856,100
,,,,,
34.09115488,99369,100268,99638,100853,100
,,,,,
34.09562879,99391,100258,99651,100849,100
,,,,,
34.10010269,99418,100250,99669,100844,100
,,,,,
34.1045766,99447,100239,99687,100837,100
,,,,,
34.1090505,99476,100224,99702,100829,100
,,,,,
34.11352441,99503,100206,99713,100818,100
,,,,,
34.11799831,99529,100185,99719,100802,100
,,,,,
34.12247222,99556,100163,99723,100784,100
,,,,,
34.12694612,99637,100119,99753,100718,100
,,,,,
34.13142003,99663,100118,99779,100694,100
,,,,,
34.13589393,99686,100127,99811,100671,100
,,,,,
34.14036784,99700,100144,99849,100646,100
,,,,,
34.14484174,99708,100169,99885,100618,100
,,,,,
34.14931565,99713,100199,99920,100587,100
,,,,,
34.15378955,99721,100231,99958,100554,100
,,,,,
34.15826346,99739,100263,100008,100518,100
,,,,,
34.16273736,99777,100297,100077,100483,100
,,,,,
34.16721127,99837,100331,100170,100447,100
,,,,,
34.17168517,99918,100365,100284,100413,100
,,,,,
34.17615908,100005,100395,100404,100381,100
,,,,,
34.18063298,100086,100417,100509,100350,100
,,,,,
34.18510689,100147,100426,100579,100322,100
,,,,,
34.18958079,100176,100413,100599,100295,100
,,,,,
34.1940547,100172,100378,100560,100271,100
,,,,,
34.1985286,100136,100320,100465,100250,100
,,,,,
34.20300251,100075,100242,100324,100231,100
,,,,,
34.20747641,99999,100149,100152,100214,100
,,,,,
34.21195031,99918,100050,99967,100199,100
,,,,,
34.21642422,99842,99949,99788,100186,100
,,,,,
34.22089812,99780,99854,99629,100172,100
,,,,,
34.22537203,99736,99770,99500,100159,100
,,,,,
34.22984593,99710,99700,99404,100146,100
,,,,,
34.23431984,99698,99646,99338,100134,100
,,,,,
34.23879374,99697,99606,99296,100122,100
,,,,,
34.24326765,99700,99580,99271,100112,100
,,,,,
34.24774155,99707,99562,99259,100104,100
,,,,,
34.25221546,99713,99552,99255,100097,100
,,,,,
34.25668936,99720,99548,99260,100091,100
,,,,,
34.26116327,99727,99550,99271,100087,100
,,,,,
34.26563717,99731,99553,99281,100083,100
,,,,,
34.27011108,99728,99552,99278,100079,100
,,,,,
34.27458498,99710,99544,99253,100073,100
,,,,,
34.27905889,99678,99527,99203,100067,100
,,,,,
34.28353279,99661,99510,99169,100060,100
,,,,,
34.2880067,99708,99518,99226,100053,100
,,,,,
34.2924806,99896,99593,99492,100047,100
,,,,,
34.29695451,100293,99800,100099,100043,100
,,,,,
34.30142841,100871,100259,101140,100041,100
,,,,,
34.30590232,101546,101062,102621,100039,100
,,,,,
34.31037622,102123,102259,104394,100037,100
,,,,,
34.31485013,102385,103764,106161,100034,100
,,,,,
34.31932403,102240,105263,107514,100030,100
,,,,,
34.32379794,101674,106369,108052,100025,100
,,,,,
34.32827184,100841,106716,107563,100020,100
,,,,,
34.33274575,99977,106135,106117,100018,100
,,,,,
34.33721965,99254,104793,104052,100017,100
,,,,,
34.34169356,98808,103059,101872,100017,100
,,,,,
34.34616746,98650,101356,100009,100017,100
,,,,,
34.35064136,98699,99997,98698,100017,100
,,,,,
34.35511527,98870,99087,97957,100015,100
,,,,,
34.35958917,99070,98563,97633,100013,100
,,,,,
34.36406308,99243,98303,97547,100009,100
,,,,,
34.36853698,99379,98193,97571,100005,100
,,,,,
34.37301089,99479,98152,97632,99999,100
,,,,,
34.37748479,99557,98153,97712,99992,100
,,,,,
34.3819587,99628,98177,97805,99982,100
,,,,,
34.3864326,99693,98216,97907,99970,100
,,,,,
34.39090651,99755,98264,98016,99956,100
,,,,,
34.39538041,99816,98319,98129,99941,100
,,,,,
34.39985432,99876,98377,98248,99926,100
,,,,,
34.40432822,99938,98437,98371,99910,100
,,,,,
34.40880213,100001,98499,98498,99894,100
,,,,,
34.41327603,100066,98561,98628,99882,100
,,,,,
34.41774994,100134,98620,98756,99872,100
,,,,,
34.42222384,100205,98674,98882,99863,100
,,,,,
34.42669775,100281,98720,99003,99856,100
,,,,,
34.43117165,100363,98755,99119,99849,100
,,,,,
34.43564556,100450,98777,99228,99842,100
,,,,,
34.44011946,100544,98786,99331,99837,100
,,,,,
34.44459337,100645,98784,99432,99835,100
,,,,,
34.44906727,100749,98772,99527,99838,100
,,,,,
34.45354118,100856,98756,99619,99847,100
,,,,,
34.45801508,100958,98738,99704,99864,100
,,,,,
34.46248899,101051,98723,99779,99890,100
,,,,,
34.46696289,101132,98709,99844,99925,100
,,,,,
34.4714368,101196,98699,99895,99968,100
,,,,,
34.4759107,101242,98692,99930,100020,100
,,,,,
34.48038461,101263,98688,99947,100079,100
,,,,,
34.48485851,101253,98690,99940,100142,100
,,,,,
34.48933242,101210,98701,99908,100209,100
,,,,,
34.49380632,101128,98725,99850,100277,100
,,,,,
34.49828022,101012,98768,99778,100344,100
,,,,,
34.50275413,100873,98834,99704,100405,100
,,,,,
34.50722803,100722,98925,99645,100462,100
,,,,,
34.51170194,100573,99043,99615,100512,100
,,,,,
34.51617584,100434,99184,99616,100559,100
,,,,,
34.52064975,100305,99340,99644,100600,100
,,,,,
34.52512365,100188,99500,99686,100641,100
,,,,,
34.52959756,100078,99653,99729,100679,100
,,,,,
34.53407146,99974,99793,99764,100718,100
,,,,,
34.53854537,99874,99915,99785,100756,100
,,,,,
34.54301927,99778,100017,99790,100792,100
,,,,,
34.54749318,99686,100100,99781,100826,100
,,,,,
34.55196708,99602,100159,99755,100857,100
,,,,,
34.55644099,99527,100195,99718,100885,100
,,,,,
34.56091489,99467,100212,99674,100907,100
,,,,,
34.5653888,99421,100216,99633,100926,100
,,,,,
34.5698627,99392,100214,99601,100940,100
,,,,,
34.57433661,99376,100213,99584,100951,100
,,,,,
34.57881051,99371,100214,99580,100959,100
,,,,,
34.58328442,99376,100217,99589,100966,100
,,,,,
34.58775832,99390,100221,99607,100971,100
,,,,,
34.59223223,99411,100224,99631,100974,100
,,,,,
34.59670613,99438,100225,99659,100974,100
,,,,,
34.60118004,99469,100223,99687,100972,100
,,,,,
34.60565394,99499,100218,99713,100967,100
,,,,,
34.61012785,99527,100208,99732,100960,100
,,,,,
34.61460175,99548,100197,99744,100951,100
,,,,,
34.61907566,99564,100186,99751,100940,100
,,,,,
34.62354956,99576,100175,99753,100928,100
,,,,,
34.62802347,99587,100163,99754,100913,100
,,,,,
34.63249737,99598,100151,99753,100896,100
,,,,,
34.63697127,99613,100137,99755,100876,100
,,,,,
34.64144518,99629,100128,99764,100852,100
,,,,,
34.64591908,99646,100126,99779,100825,100
,,,,,
34.65039299,99663,100136,99806,100796,100
,,,,,
34.65486689,99677,100157,99843,100766,100
,,,,,
34.6593408,99694,100188,99889,100736,100
,,,,,
34.6638147,99716,100227,99948,100707,100
,,,,,
34.66828861,99750,100271,100024,100678,100
,,,,,
34.67276251,99803,100318,100124,100647,100
,,,,,
34.67723642,99875,100366,100245,100615,100
,,,,,
34.68171032,99962,100409,100377,100582,100
,,,,,
34.68618423,100052,100445,100506,100546,100
,,,,,
34.69065813,100129,100467,100605,100510,100
,,,,,
34.69513204,100182,100470,100659,100473,100
,,,,,
34.69960594,100203,100448,100657,100437,100
,,,,,
34.70407985,100192,100405,100597,100403,100
,,,,,
34.70855375,100155,100339,100490,100372,100
,,,,,
34.71302766,100101,100254,100348,100343,100
,,,,,
34.71750156,100042,100157,100189,100319,100
,,,,,
34.72197547,99987,100056,100031,100297,100
,,,,,
34.72644937,99940,99957,99886,100280,100
,,,,,
34.73092328,99902,99867,99761,100265,100
,,,,,
34.73539718,99869,99794,99657,100253,100
,,,,,
34.73987109,99834,99739,99570,100241,100
,,,,,
34.74434499,99795,99703,99500,100229,100
,,,,,
34.7488189,99758,99683,99445,100216,100
,,,,,
34.7532928,99727,99672,99405,100201,100
,,,,,
34.75776671,99709,99667,99380,100184,100
,,,,,
34.76224061,99705,99664,99373,100167,100
,,,,,
34.76671452,99713,99664,99380,100149,100
,,,,,
34.77118842,99727,99667,99396,100131,100
,,,,,
34.77566232,99741,99669,99412,100112,100
,,,,,
34.78013623,99749,99669,99421,100094,100
,,,,,
34.78461013,99758,99668,99431,100075,100
,,,,,
34.78908404,99784,99671,99463,100058,100
,,,,,
34.79355794,99870,99709,99588,100042,100
,,,,,
34.79803185,100065,99823,99897,100029,100
,,,,,
34.80250575,100414,100069,100490,100017,100
,,,,,
34.80697966,100919,100540,101463,100007,100
,,,,,
34.81145356,101513,101304,102819,99998,100
,,,,,
34.81592747,102065,102405,104471,99989,100
,,,,,
34.82040137,102413,103787,106198,99979,100
,,,,,
34.82487528,102425,105209,107630,99967,100
,,,,,
34.82934918,102055,106350,108400,99955,100
,,,,,
34.83382309,101369,106850,108213,99942,100
,,,,,
34.83829699,100520,106492,107007,99928,100
,,,,,
34.8427709,99695,105347,105038,99913,100
,,,,,
34.8472448,99051,103686,102737,99897,100
,,,,,
34.85171871,98674,101927,100604,99880,100
,,,,,
34.85619261,98562,100423,98987,99861,100
,,,,,
34.86066652,98644,99342,97990,99841,100
,,,,,
34.86514042,98828,98698,97530,99820,100
,,,,,
34.86961433,99031,98371,97404,99797,100
,,,,,
34.87408823,99199,98236,97437,99771,100
,,,,,
34.87856214,99322,98197,97522,99745,100
,,,,,
34.88303604,99409,98199,97613,99720,100
,,,,,
34.88750995,99479,98226,97711,99695,100
,,,,,
34.89198385,99548,98267,97821,99672,100
,,,,,
34.89645776,99621,98318,97946,99653,100
,,,,,
34.90093166,99701,98374,98081,99635,100
,,,,,
34.90540557,99784,98431,98221,99620,100
,,,,,
34.90987947,99868,98487,98359,99606,100
,,,,,
34.91435337,99949,98538,98489,99595,100
,,,,,
34.91882728,100024,98584,98610,99583,100
,,,,,
34.92330118,100097,98627,98722,99572,100
,,,,,
34.92777509,100167,98664,98825,99560,100
,,,,,
34.93224899,100235,98697,98925,99549,100
,,,,,
34.9367229,100304,98726,99021,99538,100
,,,,,
34.9411968,100375,98750,99118,99529,100
,,,,,
34.94567071,100452,98771,99215,99523,100
,,,,,
34.95014461,100535,98786,99315,99518,100
,,,,,
34.95461852,100624,98796,99417,99517,100
,,,,,
34.95909242,100719,98801,99519,99519,100
,,,,,
34.96356633,100812,98803,99617,99526,100
,,,,,
34.96804023,100898,98803,99706,99540,100
,,,,,
34.97251414,100969,98802,99778,99563,100
,,,,,
34.97698804,101018,98801,99827,99598,100
,,,,,
34.98146195,101041,98799,99848,99645,100
,,,,,
34.98593585,101035,98800,99844,99706,100
,,,,,
34.99040976,101003,98808,99819,99775,100
,,,,,
34.99488366,100948,98824,99783,99851,100
,,,,,
34.99935757,100878,98855,99744,99927,100
,,,,,
35.00383147,100800,98901,99712,99998,100
,,,,,
35.00830538,100719,98965,99696,100064,100
,,,,,
35.01277928,100639,99052,99701,100121,100
,,,,,
35.01725319,100560,99161,99728,100175,100
,,,,,
35.02172709,100481,99294,99777,100224,100
,,,,,
35.026201,100399,99446,99842,100272,100
,,,,,
35.0306749,100312,99607,99912,100318,100
,,,,,
35.03514881,100221,99769,99981,100363,100
,,,,,
35.03962271,100126,99924,100039,100404,100
,,,,,
35.04409662,100024,100063,100078,100439,100
,,,,,
35.04857052,99920,100184,100096,100471,100
,,,,,
35.05304442,99812,100282,100087,100497,100
,,,,,
35.05751833,99706,100354,100056,100520,100
,,,,,
35.06199223,99605,100401,100004,100537,100
,,,,,
35.06646614,99512,100423,99935,100552,100
,,,,,
35.07094004,99432,100427,99860,100563,100
,,,,,
35.07541395,99368,100420,99789,100572,100
,,,,,
35.07988785,99322,100406,99730,100577,100
,,,,,
35.08436176,99301,100395,99696,100580,100
,,,,,
35.08883566,99301,100387,99688,100581,100
,,,,,
35.09330957,99320,100385,99703,100581,100
,,,,,
35.09778347,99351,100386,99734,100580,100
,,,,,
35.10225738,99476,100363,99835,100559,100
,,,,,
35.10673128,99530,100339,99863,100545,100
,,,,,
35.11120519,99590,100307,99892,100526,100
,,,,,
35.11567909,99653,100273,99920,100504,100
,,,,,
35.120153,99711,100240,99947,100480,100
,,,,,
35.1246269,99754,100211,99964,100453,100
,,,,,
35.12910081,99775,100191,99967,100426,100
,,,,,
35.13357471,99766,100181,99949,100397,100
,,,,,
35.13804862,99731,100183,99917,100367,100
,,,,,
35.14252252,99682,100197,99881,100336,100
,,,,,
35.14699643,99632,100220,99852,100303,100
,,,,,
35.15147033,99598,100248,99846,100266,100
,,,,,
35.15594424,99586,100279,99865,100226,100
,,,,,
35.16041814,99602,100309,99914,100183,100
,,,,,
35.16489205,99643,100344,99991,100138,100
,,,,,
35.16936595,99704,100385,100095,100092,100
,,,,,
35.17383986,99783,100433,100224,100049,100
,,,,,
35.17831376,99870,100483,100362,100007,100
,,,,,
35.18278767,99957,100528,100494,99970,100
,,,,,
35.18726157,100032,100557,100599,99936,100
,,,,,
35.19173547,100087,100560,100657,99906,100
,,,,,
35.19620938,100119,100531,100658,99876,100
,,,,,
35.20068328,100122,100468,100598,99847,100
,,,,,
35.20515719,100097,100377,100481,99818,100
,,,,,
35.20963109,100045,100265,100316,99788,100
,,,,,
35.214105,99968,100143,100115,99757,100
,,,,,
35.2185789,99879,100021,99901,99727,100
,,,,,
35.22305281,99787,99910,99696,99699,100
,,,,,
35.22752671,99707,99816,99521,99674,100
,,,,,
35.23200062,99651,99745,99393,99654,100
,,,,,
35.23647452,99618,99697,99313,99639,100
,,,,,
35.24094843,99611,99668,99275,99628,100
,,,,,
35.24542233,99621,99651,99268,99620,100
,,,,,
35.24989624,99639,99641,99276,99613,100
,,,,,
35.25437014,99660,99635,99291,99605,100
,,,,,
35.25884405,99679,99631,99305,99597,100
,,,,,
35.26331795,99693,99630,99318,99587,100
,,,,,
35.26779186,99700,99630,99325,99580,100
,,,,,
35.27226576,99699,99627,99323,99576,100
,,,,,
35.27673967,99692,99618,99306,99574,100
,,,,,
35.28121357,99687,99602,99285,99575,100
,,,,,
35.28568748,99705,99592,99296,99575,100
,,,,,
35.29016138,99794,99633,99425,99573,100
,,,,,
35.29463529,100006,99779,99785,99569,100
,,,,,
35.29910919,100382,100121,100502,99563,100
,,,,,
35.3035831,100908,100753,101660,99556,100
,,,,,
35.308057,101504,101735,103238,99547,100
,,,,,
35.31253091,102032,103063,105095,99538,100
,,,,,
35.31700481,102334,104598,106931,99527,100
,,,,,
35.32147872,102304,106043,108347,99516,100
,,,,,
35.32595262,101925,107032,108958,99505,100
,,,,,
35.33042653,101268,107229,108500,99494,100
,,,,,
35.33490043,100483,106503,106994,99484,100
,,,,,
35.33937433,99731,105007,104749,99475,100
,,,,,
35.34384824,99141,103107,102261,99466,100
,,,,,
35.34832214,98787,101249,100048,99457,100
,,,,,
35.35279605,98667,99767,98445,99448,100
,,,,,
35.35726995,98727,98789,97523,99438,100
,,,,,
35.36174386,98893,98262,97157,99428,100
,,,,,
35.36621776,99088,98038,97125,99417,100
,,,,,
35.37069167,99261,97971,97226,99407,100
,,,,,
35.37516557,99391,97971,97353,99397,100
,,,,,
35.37963948,99474,97994,97460,99388,100
,,,,,
35.38411338,99524,98034,97551,99379,100
,,,,,
35.38858729,99555,98087,97637,99371,100
,,,,,
35.39306119,99582,98151,97730,99363,100
,,,,,
35.3975351,99615,98225,97837,99357,100
,,,,,
35.402009,99659,98301,97958,99351,100
,,,,,
35.40648291,99713,98376,98088,99347,100
,,,,,
35.41095681,99774,98446,98220,99342,100
,,,,,
35.41543072,99837,98511,98348,99336,100
,,,,,
35.41990462,99901,98569,98474,99329,100
,,,,,
35.42437853,99971,98623,98597,99320,100
,,,,,
35.42885243,100048,98668,98721,99311,100
,,,,,
35.43332634,100135,98707,98847,99303,100
,,,,,
35.43780024,100230,98739,98974,99298,100
,,,,,
35.44227415,100331,98763,99099,99295,100
,,,,,
35.44674805,100435,98782,99220,99296,100
,,,,,
35.45122196,100536,98794,99332,99300,100
,,,,,
35.45569586,100632,98802,99433,99309,100
,,,,,
35.46016977,100719,98806,99521,99324,100
,,,,,
35.46464367,100793,98807,99594,99345,100
,,,,,
35.46911758,100850,98807,99650,99375,100
,,,,,
35.47359148,100887,98807,99687,99412,100
,,,,,
35.47806538,100899,98808,99701,99458,100
,,,,,
35.48253929,100887,98810,99692,99512,100
,,,,,
35.48701319,100850,98813,99660,99573,100
,,,,,
35.4914871,100791,98819,99611,99645,100
,,,,,
35.495961,100718,98833,99554,99723,100
,,,,,
35.50043491,100634,98860,99498,99808,100
,,,,,
35.50490881,100547,98905,99458,99894,100
,,,,,
35.50938272,100461,98976,99443,99978,100
,,,,,
35.51385662,100378,99075,99458,100055,100
,,,,,
35.51833053,100297,99201,99503,100119,100
,,,,,
35.52280443,100217,99346,99569,100172,100
,,,,,
35.52727834,100134,99503,99643,100211,100
,,,,,
35.53175224,100047,99660,99712,100240,100
,,,,,
35.53622615,99953,99809,99765,100258,100
,,,,,
35.54070005,99852,99944,99796,100270,100
,,,,,
35.54517396,99750,100056,99805,100277,100
,,,,,
35.54964786,99649,100146,99793,100283,100
,,,,,
35.55412177,99556,100211,99765,100286,100
,,,,,
35.55859567,99475,100254,99728,100286,100
,,,,,
35.56306958,99409,100279,99689,100285,100
,,,,,
35.56754348,99360,100292,99654,100280,100
,,,,,
35.57201739,99328,100296,99628,100272,100
,,,,,
35.57649129,99311,100297,99611,100261,100
,,,,,
35.5809652,99308,100294,99604,100248,100
,,,,,
35.5854391,99316,100290,99606,100231,100
,,,,,
35.58991301,99331,100283,99611,100210,100
,,,,,
35.59438691,99353,100273,99621,100185,100
,,,,,
35.59886082,99381,100259,99633,100157,100
,,,,,
35.60333472,99412,100241,99646,100126,100
,,,,,
35.60780863,99446,100220,99660,100094,100
,,,,,
35.61228253,99480,100198,99673,100062,100
,,,,,
35.61675643,99513,100178,99686,100032,100
,,,,,
35.62123034,99542,100159,99697,100001,100
,,,,,
35.62570424,99568,100143,99707,99969,100
,,,,,
35.63017815,99592,100131,99716,99933,100
,,,,,
35.63465205,99613,100123,99728,99894,100
,,,,,
35.63912596,99634,100123,99746,99851,100
,,,,,
35.64359986,99653,100133,99773,99806,100
,,,,,
35.64807377,99668,100150,99808,99762,100
,,,,,
35.65254767,99684,100175,99848,99721,100
,,,,,
35.65702158,99698,100203,99893,99684,100
,,,,,
35.66149548,99716,100235,99945,99651,100
,,,,,
35.66596939,99744,100273,100014,99624,100
,,,,,
35.67044329,99788,100317,100104,99601,100
,,,,,
35.6749172,99852,100366,100217,99582,100
,,,,,
35.6793911,99935,100417,100350,99565,100
,,,,,
35.68386501,100024,100461,100484,99548,100
,,,,,
35.68833891,100110,100491,100599,99533,100
,,,,,
35.69281282,100178,100498,100675,99519,100
,,,,,
35.69728672,100216,100481,100696,99506,100
,,,,,
35.70176063,100220,100434,100652,99497,100
,,,,,
35.70623453,100191,100358,100548,99492,100
,,,,,
35.71070844,100132,100259,100391,99491,100
,,,,,
35.71518234,100057,100144,100201,99495,100
,,,,,
35.71965625,99977,100024,100002,99501,100
,,,,,
35.72413015,99903,99908,99815,99508,100
,,,,,
35.72860406,99847,99806,99657,99516,100
,,,,,
35.73307796,99809,99724,99538,99523,100
,,,,,
35.73755187,99788,99662,99458,99529,100
,,,,,
35.74202577,99779,99621,99409,99536,100
,,,,,
35.74649968,99777,99597,99384,99544,100
,,,,,
35.75097358,99777,99585,99373,99553,100
,,,,,
35.75544748,99779,99583,99371,99564,100
,,,,,
35.75992139,99781,99588,99377,99577,100
,,,,,
35.76439529,99782,99598,99386,99592,100
,,,,,
35.7688692,99782,99610,99396,99606,100
,,,,,
35.7733431,99777,99617,99396,99622,100
,,,,,
35.77781701,99762,99612,99376,99639,100
,,,,,
35.78229091,99736,99594,99331,99654,100
,,,,,
35.78676482,99707,99566,99276,99670,100
,,,,,
35.79123872,99717,99561,99283,99684,100
,,,,,
35.79571263,99821,99634,99462,99696,100
,,,,,
35.80018653,100088,99865,99961,99705,100
,,,,,
35.80466044,100528,100384,100921,99710,100
,,,,,
35.80913434,101087,101286,102383,99715,100
,,,,,
35.81360825,101629,102605,104243,99718,100
,,,,,
35.81808215,101975,104237,106217,99722,100
,,,,,
35.82255606,102001,105853,107858,99728,100
,,,,,
35.82702996,101669,107054,108724,99734,100
,,,,,
35.83150387,101060,107454,108512,99741,100
,,,,,
35.83597777,100338,106862,107200,99747,100
,,,,,
35.84045168,99667,105443,105112,99749,100
,,,,,
35.84492558,99173,103561,102737,99747,100
,,,,,
35.84939949,98902,101681,100587,99741,100
,,,,,
35.85387339,98832,100166,98999,99732,100
,,,,,
35.8583473,98899,99137,98034,99721,100
,,,,,
35.8628212,99030,98564,97587,99710,100
,,,,,
35.86729511,99170,98297,97457,99699,100
,,,,,
35.87176901,99288,98196,97472,99687,100
,,,,,
35.87624292,99385,98172,97545,99676,100
,,,,,
35.88071682,99463,98180,97633,99664,100
,,,,,
35.88519073,99533,98209,97735,99653,100
,,,,,
35.88966463,99600,98251,97848,99642,100
,,,,,
35.89413853,99661,98306,97966,99630,100
,,,,,
35.89861244,99715,98371,98086,99620,100
,,,,,
35.90308634,99764,98443,98207,99611,100
,,,,,
35.90756025,99811,98519,98329,99602,100
,,,,,
35.91203415,99859,98596,98456,99595,100
,,,,,
35.91650806,99912,98670,98585,99589,100
,,,,,
35.92098196,99972,98737,98715,99583,100
,,,,,
35.92545587,100038,98797,98841,99576,100
,,,,,
35.92992977,100107,98852,98965,99568,100
,,,,,
35.93440368,100179,98905,99087,99558,100
,,,,,
35.93887758,100255,98958,99212,99548,100
,,,,,
35.94335149,100335,99009,99341,99539,100
,,,,,
35.94782539,100422,99058,99474,99530,100
,,,,,
35.9522993,100511,99099,99605,99525,100
,,,,,
35.9567732,100601,99129,99728,99523,100
,,,,,
35.96124711,100685,99147,99834,99526,100
,,,,,
35.96572101,100761,99154,99920,99536,100
,,,,,
35.97019492,100823,99148,99979,99556,100
,,,,,
35.97466882,100869,99133,100011,99586,100
,,,,,
35.97914273,100893,99115,100016,99631,100
,,,,,
35.98361663,100891,99094,99991,99691,100
,,,,,
35.98809054,100864,99076,99943,99767,100
,,,,,
35.99256444,100811,99064,99876,99858,100
,,,,,
35.99703835,100740,99059,99797,99960,100
,,,,,
36.00151225,100656,99064,99717,100068,100
,,,,,
36.00598616,100567,99084,99646,100174,100
,,,,,
36.01046006,100475,99126,99596,100270,100
,,,,,
36.01493397,100383,99195,99572,100355,100
,,,,,
36.01940787,100291,99291,99575,100424,100
,,,,,
36.02388178,100196,99412,99602,100483,100
,,,,,
36.02835568,100099,99548,99641,100531,100
,,,,,
36.03282958,100000,99686,99682,100576,100
,,,,,
36.03730349,99904,99816,99716,100616,100
,,,,,
36.04177739,99811,99928,99735,100653,100
,,,,,
36.0462513,99725,100020,99740,100687,100
,,,,,
36.0507252,99646,100091,99731,100715,100
,,,,,
36.05519911,99574,100142,99711,100739,100
,,,,,
36.05967301,99512,100176,99683,100756,100
,,,,,
36.06414692,99459,100193,99651,100770,100
,,,,,
36.06862082,99418,100199,99618,100780,100
,,,,,
36.07309473,99390,100199,99593,100786,100
,,,,,
36.07756863,99381,100195,99582,100789,100
,,,,,
36.08204254,99394,100198,99599,100786,100
,,,,,
36.08651644,99411,100202,99620,100781,100
,,,,,
36.09099035,99430,100207,99642,100775,100
,,,,,
36.09546425,99450,100210,99664,100768,100
,,,,,
36.09993816,99470,100214,99688,100757,100
,,,,,
36.10441206,99493,100216,99711,100744,100
,,,,,
36.10888597,99517,100216,99735,100727,100
,,,,,
36.11335987,99542,100213,99757,100708,100
,,,,,
36.11783378,99567,100207,99777,100685,100
,,,,,
36.12230768,99592,100201,99796,100660,100
,,,,,
36.12678159,99614,100202,99819,100633,100
,,,,,
36.13125549,99631,100213,99849,100604,100
,,,,,
36.1357294,99645,100237,99889,100575,100
,,,,,
36.1402033,99656,100273,99937,100544,100
,,,,,
36.14467721,99669,100316,99995,100513,100
,,,,,
36.14915111,99689,100361,100060,100479,100
,,,,,
36.15362502,99722,100406,100138,100442,100
,,,,,
36.15809892,99771,100450,100228,100402,100
,,,,,
36.16257283,99833,100492,100329,100358,100
,,,,,
36.16704673,99904,100529,100435,100313,100
,,,,,
36.17152064,99971,100556,100529,100266,100
,,,,,
36.17599454,100028,100567,100596,100219,100
,,,,,
36.18046844,100065,100558,100623,100175,100
,,,,,
36.18494235,100079,100522,100598,100132,100
,,,,,
36.18941625,100067,100459,100521,100092,100
,,,,,
36.19389016,100030,100371,100394,100054,100
,,,,,
36.19836406,99975,100263,100227,100021,100
,,,,,
36.20283797,99908,100142,100038,99992,100
,,,,,
36.20731187,99839,100019,99847,99970,100
,,,,,
36.21178578,99782,99900,99672,99950,100
,,,,,
36.21625968,99742,99795,99529,99934,100
,,,,,
36.22073359,99722,99707,99423,99918,100
,,,,,
36.22520749,99717,99640,99353,99905,100
,,,,,
36.2296814,99722,99592,99313,99891,100
,,,,,
36.2341553,99729,99562,99294,99880,100
,,,,,
36.23862921,99737,99547,99289,99871,100
,,,,,
36.24310311,99743,99543,99293,99864,100
,,,,,
36.24757702,99749,99545,99301,99860,100
,,,,,
36.25205092,99756,99552,99312,99857,100
,,,,,
36.25652483,99761,99555,99317,99854,100
,,,,,
36.26099873,99762,99549,99307,99852,100
,,,,,
36.26547264,99748,99529,99271,99850,100
,,,,,
36.26994654,99724,99491,99208,99849,100
,,,,,
36.27442045,99707,99453,99154,99849,100
,,,,,
36.27889435,99739,99458,99195,99849,100
,,,,,
36.28336826,99883,99580,99467,99851,100
,,,,,
36.28784216,100196,99922,100125,99853,100
,,,,,
36.29231607,100674,100606,101289,99855,100
,,,,,
36.29678997,101247,101702,102957,99855,100
,,,,,
36.30126388,101767,103173,104949,99854,100
,,,,,
36.30573778,102063,104849,106920,99851,100
,,,,,
36.31021169,102024,106367,108398,99847,100
,,,,,
36.31468559,101637,107327,108969,99840,100
,,,,,
36.31915949,100993,107435,108429,99833,100
,,,,,
36.3236334,100268,106588,106857,99825,100
,,,,,
36.3281073,99630,105012,104640,99818,100
,,,,,
36.33258121,99185,103109,102292,99810,100
,,,,,
36.33705511,98976,101285,100258,99805,100
,,,,,
36.34152902,98955,99856,98807,99801,100
,,,,,
36.34600292,99044,98908,97948,99798,100
,,,,,
36.35047683,99179,98369,97544,99794,100
,,,,,
36.35495073,99303,98115,97415,99790,100
,,,,,
36.35942464,99403,98012,97414,99783,100
,,,,,
36.36389854,99484,97983,97468,99776,100
,,,,,
36.36837245,99550,97996,97548,99768,100
,,,,,
36.37284635,99610,98037,97649,99761,100
,,,,,
36.37732026,99666,98100,97767,99755,100
,,,,,
36.38179416,99716,98179,97896,99751,100
,,,,,
36.38626807,99761,98271,98032,99746,100
,,,,,
36.39074197,99805,98368,98172,99739,100
,,,,,
36.39521588,99849,98465,98313,99729,100
,,,,,
36.39968978,99896,98559,98455,99715,100
,,,,,
36.40416369,99951,98645,98595,99700,100
,,,,,
36.40863759,100011,98719,98729,99685,100
,,,,,
36.4131115,100078,98781,98859,99670,100
,,,,,
36.4175854,100151,98832,98984,99656,100
,,,,,
36.42205931,100229,98874,99106,99643,100
,,,,,
36.42653321,100312,98910,99228,99629,100
,,,,,
36.43100712,100400,98941,99348,99617,100
,,,,,
36.43548102,100491,98966,99465,99607,100
,,,,,
36.43995493,100584,98984,99574,99602,100
,,,,,
36.44442883,100675,98994,99674,99604,100
,,,,,
36.44890274,100761,98995,99758,99615,100
,,,,,
36.45337664,100839,98987,99825,99637,100
,,,,,
36.45785054,100901,98971,99870,99671,100
,,,,,
36.46232445,100943,98950,99889,99720,100
,,,,,
36.46679835,100958,98927,99881,99785,100
,,,,,
36.47127226,100947,98907,99850,99862,100
,,,,,
36.47574616,100910,98894,99800,99949,100
,,,,,
36.48022007,100851,98894,99743,100040,100
,,,,,
36.48469397,100775,98910,99684,100129,100
,,,,,
36.48916788,100687,98946,99632,100213,100
,,,,,
36.49364178,100590,99006,99594,100288,100
,,,,,
36.49811569,100489,99089,99575,100358,100
,,,,,
36.50258959,100387,99196,99579,100421,100
,,,,,
36.5070635,100286,99327,99609,100481,100
,,,,,
36.5115374,100187,99474,99658,100536,100
,,,,,
36.51601131,100094,99628,99719,100584,100
,,,,,
36.52048521,100004,99777,99778,100626,100
,,,,,
36.52495912,99919,99908,99823,100657,100
,,,,,
36.52943302,99837,100016,99849,100683,100
,,,,,
36.53390693,99757,100098,99853,100700,100
,,,,,
36.53838083,99682,100155,99838,100714,100
,,,,,
36.54285474,99614,100193,99812,100725,100
,,,,,
36.54732864,99556,100214,99778,100736,100
,,,,,
36.55180255,99510,100224,99743,100747,100
,,,,,
36.55627645,99475,100225,99710,100758,100
,,,,,
36.56075036,99454,100221,99681,100768,100
,,,,,
36.56522426,99442,100215,99660,100775,100
,,,,,
36.56969817,99438,100212,99648,100781,100
,,,,,
36.57417207,99440,100211,99645,100782,100
,,,,,
36.57864598,99444,100215,99649,100781,100
,,,,,
36.58311988,99449,100220,99660,100775,100
,,,,,
36.58759379,99459,100223,99675,100766,100
,,,,,
36.59206769,99471,100225,99693,100753,100
,,,,,
36.59654159,99488,100221,99710,100735,100
,,,,,
36.6010155,99509,100214,99727,100713,100
,,,,,
36.6054894,99534,100203,99742,100690,100
,,,,,
36.60996331,99561,100193,99758,100664,100
,,,,,
36.61443721,99588,100186,99777,100637,100
,,,,,
36.61891112,99611,100185,99801,100610,100
,,,,,
36.62338502,99630,100193,99831,100582,100
,,,,,
36.62785893,99646,100212,99868,100554,100
,,,,,
36.63233283,99658,100243,99911,100524,100
,,,,,
36.63680674,99670,100282,99962,100492,100
,,,,,
36.64128064,99689,100326,100022,100460,100
,,,,,
36.64575455,99717,100373,100096,100424,100
,,,,,
36.65022845,99759,100419,100182,100388,100
,,,,,
36.65470236,99814,100464,100281,100352,100
,,,,,
36.65917626,99877,100504,100384,100316,100
,,,,,
36.66365017,99942,100537,100480,100281,100
,,,,,
36.66812407,99999,100556,100555,100247,100
,,,,,
36.67259798,100042,100556,100597,100214,100
,,,,,
36.67707188,100064,100531,100594,100182,100
,,,,,
36.68154579,100064,100479,100541,100152,100
,,,,,
36.68601969,100041,100400,100438,100123,100
,,,,,
36.6904936,99998,100295,100292,100096,100
,,,,,
36.6949675,99943,100174,100116,100069,100
,,,,,
36.69944141,99883,100045,99929,100043,100
,,,,,
36.70391531,99830,99917,99748,100018,100
,,,,,
36.70838922,99788,99800,99590,99994,100
,,,,,
36.71286312,99760,99701,99464,99973,100
,,,,,
36.71733703,99745,99623,99370,99954,100
,,,,,
36.72181093,99737,99567,99307,99940,100
,,,,,
36.72628484,99733,99530,99266,99926,100
,,,,,
36.73075874,99729,99510,99241,99915,100
,,,,,
36.73523264,99726,99501,99230,99904,100
,,,,,
36.73970655,99725,99500,99228,99894,100
,,,,,
36.74418045,99727,99508,99237,99885,100
,,,,,
36.74865436,99729,99517,99247,99876,100
,,,,,
36.75312826,99728,99523,99248,99868,100
,,,,,
36.75760217,99714,99516,99227,99860,100
,,,,,
36.76207607,99686,99490,99171,99854,100
,,,,,
36.76654998,99655,99454,99105,99849,100
,,,,,
36.77102388,99663,99438,99097,99845,100
,,,,,
36.77549779,99772,99507,99274,99841,100
,,,,,
36.77997169,100050,99755,99800,99838,100
,,,,,
36.7844456,100517,100305,100817,99833,100
,,,,,
36.7889195,101115,101258,102369,99826,100
,,,,,
36.79339341,101712,102616,104324,99818,100
